seed,elim_never,elim_never_se,elim_always,elim_diff,elim_diff_se,elim_lo,elim_hi,comp_diff,cc_death_diff,cc_death_diff_se,cc_lo,cc_hi,cc_never_death,cc_never_death_se,cens1
2000,0.35231379526516354,0.01647550404254113,0.26213599908521906,-0.09017779617994448,0.019658566007625715,-0.12870787754259425,-0.05164771481729472,-0.0387499160225068,-0.1677359293910376,0.01426224031143534,-0.1956894067403062,-0.139782452041769,0.2251852872987417,0.01305003150081358,447
2001,0.28506722254023253,0.017557315843159824,0.2528936359135227,-0.03217358662670983,0.020490370202594338,-0.07233397425368743,0.007986801000267767,-0.007551274484193321,-0.1351359902665889,0.016136108919694542,-0.16676218259980571,-0.10350979793337209,0.20315822996670596,0.014878784531949784,443
2002,0.279190121365677,0.016029416240649796,0.2725594513279964,-0.006630670037680586,0.019318996789429225,-0.0444952079624068,0.03123386788704563,0.026866742483805467,-0.1393143027508265,0.014881595452982798,-0.16848169387116782,-0.1101469116304852,0.2065309038652947,0.013379874818897075,524
2003,0.3102363421218902,0.01787346426750927,0.2621059401784454,-0.04813040194344481,0.020675236433146626,-0.08865312072426257,-0.007607683162627055,-0.004025212763821673,-0.1608718759574288,0.015789295696986505,-0.1918183268647756,-0.129925425050082,0.22729075461747317,0.013997349665237609,454
2004,0.2979535320556731,0.018443787923721203,0.2675074197555519,-0.030446112300121175,0.021341511202546168,-0.07227470563276976,0.011382481032527411,0.008684959339297915,-0.13391401647740286,0.015444859734678133,-0.16418538530364485,-0.10364264765116087,0.20124724260595947,0.014011038797166525,471
2005,0.29203357063074564,0.017215261050409016,0.27913599320952837,-0.012897577421217277,0.020411744205450152,-0.052903860925543715,0.02710870608310916,0.02157233299962452,-0.11848095798585244,0.015150744883227114,-0.1481758722959321,-0.0887860436757728,0.1855358559931391,0.013513986570848282,483
2006,0.2834922144338725,0.017466299569033672,0.2704273286309261,-0.013064885802946402,0.020342596306184027,-0.052935641915104636,0.026805870309211832,0.028274717429904644,-0.13430759670685352,0.014582130783930001,-0.16288804786120914,-0.10572714555249789,0.191407430417049,0.01322006996254762,483
2007,0.31419067451961813,0.01843566805093858,0.25481674834047774,-0.05937392617914039,0.021099814025350282,-0.10072880174932006,-0.01801905060896073,-0.019754156015287266,-0.11179161125799891,0.014226879384474226,-0.13967578246396378,-0.08390744005203406,0.18903420913116367,0.012316129135991151,491
2008,0.29914474411299874,0.015627656723617715,0.2587144147933765,-0.04043032931962226,0.018857971923576185,-0.07739127511129912,-0.003469383527945409,0.002586281850002481,-0.15295626912700397,0.01517674619536838,-0.1827021450724313,-0.12321039318157664,0.21942115888559618,0.013405898531443512,462
2009,0.31998181925604946,0.01660852266250022,0.25144531890584937,-0.06853650035020009,0.019507467002915765,-0.10677043310551851,-0.03030256759488168,-0.020726211887733714,-0.13603086145139762,0.015739890341541118,-0.16688047964142805,-0.10518124326136717,0.20316157757116882,0.014361403211693421,454
2010,0.31164979694698547,0.016783245048933103,0.2571502447004091,-0.05449955224657638,0.019704974924181173,-0.09312059341423636,-0.0158785110789164,-0.015086642880549672,-0.11884412837459454,0.014453032889409329,-0.1471715523052097,-0.09051670444397938,0.1885492438532555,0.012905351174649422,481
2011,0.3054273754998361,0.015449609451425924,0.26494412840247017,-0.04048324709736595,0.018843339731480953,-0.07741551431952126,-0.003550979875210629,0.006783016506938244,-0.14909485793523375,0.014605634373875364,-0.1777213752793897,-0.1204683405910778,0.20273708687391645,0.013351109727326298,482
2012,0.319474452497505,0.016706841990378817,0.26250499727339793,-0.05696945522410707,0.01984681177101775,-0.09586849150324747,-0.018070418944966672,-0.013038305925169413,-0.13316244423554885,0.015279752073615779,-0.16311020799253698,-0.10321468047856072,0.20962515456163783,0.013554584046906936,473
2013,0.29801928384188475,0.01693274926770551,0.25346182204180134,-0.04455746180008341,0.019891288106533563,-0.08354367009499912,-0.005571253505167698,-0.005328835449986635,-0.130562115306743,0.015483318622337292,-0.1609088621676824,-0.10021536844580359,0.20646371040693703,0.013846852571759048,477
2014,0.3182433088057763,0.017487837963499432,0.2674115661436158,-0.050831742662160506,0.020507248148316694,-0.09102521045488694,-0.01063827486943407,-0.006557220440190692,-0.13416758942778928,0.015309132445018879,-0.1641729376545799,-0.10416224120099865,0.20539781535484666,0.013491423616239426,479
2015,0.3160670196545989,0.016183638046403492,0.2644059097585143,-0.05166110989608458,0.01947181977209535,-0.0898251753628464,-0.013497044429322765,-2.5071564509482336e-05,-0.11515172561979284,0.01449399627292961,-0.14355943630679266,-0.08674401493279303,0.1892774885054053,0.012632817380573903,457
2016,0.2787462306532883,0.017581430072453,0.26395097158989106,-0.014795259063397237,0.020677302912889925,-0.05532202807008664,0.025731509943292166,0.021795006958647473,-0.11466759425650516,0.015764229605654854,-0.14556491652760872,-0.08377027198540159,0.19035909095824383,0.014143984032150931,442
2017,0.32399696808182665,0.018382732989137153,0.2638199204507762,-0.06017704763105047,0.02131129480368256,-0.10194641791018388,-0.018407677351917055,-0.009424648313265976,-0.15145598794546858,0.01566297394105675,-0.1821548527607292,-0.12075712313020795,0.21964364988321275,0.01416033063597821,435
2018,0.3176606665703059,0.015947282865618907,0.2649149137201525,-0.05274575285015337,0.019097576478308696,-0.0901763149396377,-0.015315190760669048,-0.005668498856619991,-0.17077328034100614,0.01570791289080052,-0.2015602238792676,-0.13998633680274467,0.23490611388054058,0.01439669869084318,462
2019,0.30144593888918964,0.016505647580481064,0.2514970681117871,-0.04994887077740251,0.01938638003274572,-0.08794547743219056,-0.011952264122614464,-0.0030828337947157725,-0.14329330277639749,0.014920403571732528,-0.17253675641179603,-0.11404984914099894,0.2099928885400696,0.013306536021745922,448
2020,0.3071433432230917,0.01695859727782492,0.258250190784403,-0.04889315243868875,0.019827571313267935,-0.08775447811359344,-0.01003182676378405,-0.009754781169480004,-0.1442336872008993,0.015113497666400692,-0.1738555983074748,-0.11461177609432378,0.2068117964259934,0.013579516569324757,463
2021,0.29597619202512,0.016108768420442992,0.2695884792382149,-0.026387712786905104,0.01918004550681717,-0.06397991120210605,0.011204485628295839,0.006116904315132982,-0.14425058813289726,0.014933417715036586,-0.1735195490204614,-0.11498162724533312,0.20818316873363968,0.01351914433208863,466
2022,0.31610690018765475,0.01958899245933912,0.25335694660884345,-0.0627499535788113,0.022158910070748186,-0.10618061925413964,-0.01931928790348296,-0.021411603143665775,-0.14064449270411478,0.015092983220429838,-0.17022619623542462,-0.11106278917280493,0.20633120404246438,0.013642731680185495,468
2023,0.2926693848637972,0.014652815541626967,0.24987397632514907,-0.042795408538648105,0.017887988678943954,-0.07785522210523847,-0.007735594972057738,-0.005750488333478299,-0.13421255568040222,0.014681994749004437,-0.1629887366096571,-0.10543637475114734,0.20368401728110871,0.01308115185372803,449
2024,0.25532898205521914,0.01570404066131374,0.26528756929886976,0.009958587243650618,0.019072753718168047,-0.02742332312996116,0.047340497617262396,0.046042802858857784,-0.12015788141486251,0.016512441966555838,-0.1525216729661197,-0.08779408986360532,0.20046553561769934,0.014861773722869055,437
2025,0.3129596655978505,0.01690467924108615,0.27128063127062707,-0.04167903432722342,0.020015519219376877,-0.08090873112907135,-0.002449337525375482,0.007510375950686848,-0.14326681304391134,0.014702802249654343,-0.17208377592504834,-0.11444985016277434,0.21141702204242083,0.013184200681757342,485
2026,0.2764514386741816,0.016256783912817874,0.2520705527434032,-0.024380885930778418,0.019410922716551992,-0.06242559536191071,0.013663823500353875,0.020817489486251478,-0.12971794887373603,0.016060471932751327,-0.16119589543664503,-0.09824000231082702,0.21069166309805207,0.0143106379677761,457
2027,0.2980331931720292,0.01851594598081197,0.25140628255736064,-0.04662691061466856,0.021161084628449314,-0.08810187436023337,-0.005151946869103752,-0.005528954061962604,-0.14514390623394438,0.015839541882316167,-0.17618883785489783,-0.11409897461299091,0.2170524186268367,0.014285502926817949,478
2028,0.2968132455866066,0.016999607201123264,0.26916379291709325,-0.027649452669513352,0.020132817767807225,-0.0671090504017236,0.01181014506269689,0.013588464155188468,-0.17385099188672257,0.016945195618617452,-0.2070629650101987,-0.14063901876324644,0.23263346783357775,0.015792800067833047,428
2029,0.3148915824123831,0.017051174055222735,0.2762433707239144,-0.03864821168846866,0.02035662974279943,-0.07854647283097241,0.0012500494540350904,0.0027680594902931843,-0.11708119678301815,0.014462778286252288,-0.14542772134046056,-0.08873467222557574,0.1921799678344786,0.012510090932673607,464
2030,0.3306045810490912,0.016657472935860392,0.27652032869290344,-0.054084252356187745,0.019773987800738056,-0.09284055627636872,-0.015327948436006766,-0.004610998187417503,-0.13724262083840555,0.016601320086349028,-0.16978061030347102,-0.10470463137334007,0.20740960818694562,0.01467679487730741,490
2031,0.30637386966129193,0.017781599373059835,0.2658014899088632,-0.04057237975242872,0.020543277491075037,-0.08083646375934816,-0.00030829574550928635,0.00293379156512108,-0.13823987033857985,0.01491804669954856,-0.16747870458938163,-0.10900103608777804,0.20269566488612242,0.013355835282929515,519
2032,0.3015965842152647,0.016417416262708526,0.24638227544424246,-0.055214308771022236,0.01931744494139477,-0.09307580512949144,-0.01735281241255303,-0.02241388995816604,-0.1324131725086984,0.015623544387818464,-0.1630347568196855,-0.10179158819771134,0.19723932587033244,0.014149404410876058,430
2033,0.26152352425765407,0.016205981520111143,0.2756312124703576,0.014107688212703529,0.019721846627522892,-0.02454642088586407,0.052761797311271126,0.0439553759077477,-0.16868063201635863,0.01648960072301958,-0.20099965555292265,-0.13636160847979462,0.2390267562969141,0.015026967520198048,492
2034,0.2829920105084366,0.016763236554402188,0.26725824992161257,-0.01573376058682402,0.019857482289852277,-0.05465371069857644,0.023186189524928402,0.01964423747436042,-0.11787790685107216,0.014335534882160474,-0.14597503891922434,-0.08978077478291999,0.1864218281215641,0.012812306532130453,435
2035,0.27978071429855467,0.01545611471070738,0.27625499714098356,-0.0035257171575711066,0.019017189540801276,-0.04079872374471342,0.033747289429571205,0.03210969066086297,-0.1452823512239385,0.014236639649226486,-0.17318565219729737,-0.11737905025057965,0.2074831052129537,0.012814156507960325,445
2036,0.2818327565076307,0.016085620175495568,0.2584420441837069,-0.023390712323923757,0.019256199856889537,-0.06113217052253259,0.01435074587468508,0.009579303176586368,-0.16464330802127183,0.014746122410868787,-0.1935451768581936,-0.13574143918435005,0.22402607540001046,0.01334161282333052,477
2037,0.3214791476199346,0.016954694051748476,0.25029908690651553,-0.07118006071341909,0.01965089443178273,-0.10969510606371194,-0.03266501536312625,-0.018057273432032228,-0.1385090332166969,0.014936446130377614,-0.16778392968925968,-0.10923413674413411,0.20231757484295484,0.013526083399011126,464
2038,0.28676668023543245,0.01620101987307056,0.2558893259679132,-0.030877354267519252,0.019210200980976536,-0.06852865632600928,0.006773947790970777,0.002193467613175709,-0.14287767239859725,0.015179112835923915,-0.17262818687427778,-0.11312715792291674,0.20925810325950153,0.013744543893647645,470
2039,0.3107562069767009,0.018165855026510656,0.27534781390141233,-0.03540839307528859,0.021041630063443423,-0.07664923017565295,0.005832444025075767,0.004365447112173515,-0.12062685166267254,0.016417127723806414,-0.15280383073092713,-0.08844987259441793,0.19662419704755316,0.014771691467157708,448
2040,0.3181573600205238,0.017036541825835277,0.2718248172401214,-0.046332542780402386,0.02019264978764422,-0.08590940911661543,-0.00675567644418934,-0.00011200212523720943,-0.10513880206854272,0.014950082248287071,-0.13444042484109697,-0.07583717929598846,0.18660748272349129,0.013111072013158613,464
2041,0.30692394074601487,0.016807063078654396,0.2613395880279583,-0.04558435271805655,0.01966381053094394,-0.08412471315752612,-0.007043992278586993,0.0011148736991392905,-0.14428313086256736,0.014222275254982222,-0.17215827814054774,-0.11640798358458698,0.20783419846425802,0.012698420877247096,457
2042,0.30920075457563745,0.015999051006091006,0.2704179852473218,-0.03878276932831565,0.019286562409895416,-0.0765837370372947,-0.0009818016193366003,-0.0038670953559708787,-0.1385433268165778,0.01563819012496081,-0.1691936162448909,-0.1078930373882647,0.2171001189894267,0.013881318977917357,475
2043,0.28686544456923424,0.018051277514623865,0.26802335730099547,-0.018842087268238772,0.02115594541887641,-0.06030697834813169,0.022622803811654144,0.02326727076784829,-0.14810789103309735,0.015498768260524681,-0.17848491862845822,-0.11773086343773648,0.21661397550451858,0.01392772954575642,466
2044,0.28888507502202027,0.016539447657042496,0.27777083757340176,-0.011114237448618502,0.019889803618125285,-0.05009753619971852,0.027869061302481513,0.029101047110908496,-0.154834147903621,0.015502148830902845,-0.18521780129517026,-0.12445049451207171,0.21677153662168963,0.014154688095262975,461
2045,0.3204987914541007,0.01649380916805902,0.28347310244455753,-0.03702568900954317,0.019694208851958713,-0.07562562906339218,0.0015742510443058286,0.012299919305888196,-0.1422096307135537,0.01622924902442624,-0.17401837429756092,-0.11040088712954646,0.21804194586749887,0.014588462062545458,507
2046,0.2909483367907713,0.015663778608545807,0.263009668335582,-0.02793866845518933,0.01897275457920757,-0.06512458411795355,0.009247247207574895,0.009849782348714503,-0.1298389043128752,0.014947482011592147,-0.15913543071515612,-0.10054237791059428,0.20418615174242952,0.013245201087271981,459
2047,0.31048261996494775,0.015518134120990052,0.2571593969982014,-0.05332322296674635,0.018607905514682607,-0.08979404760324852,-0.016852398330244184,-0.004873937356092262,-0.11271799281202055,0.014634081569297009,-0.14140026563466407,-0.08403571998937702,0.18672001974908647,0.012918695398644061,470
2048,0.2913824442712244,0.016319823987336574,0.2560501114255941,-0.03533233284563031,0.01906923891171432,-0.07270735432518016,0.0020426886339195358,0.00244284655432922,-0.13874628310459486,0.015938895475342767,-0.1699859441896151,-0.10750662201957462,0.20716289495089169,0.014462302538283506,469
2049,0.3113493426505552,0.01698073446016677,0.25147044869612395,-0.059878893954431245,0.019846460836740132,-0.09877724241502657,-0.02098054549383592,-0.01764053103677829,-0.14683688230094621,0.01603776288306083,-0.1782703199443387,-0.11540344465755373,0.21360203754738413,0.014565214834559649,465
2050,0.31332167137687783,0.015834532456251472,0.2700000582743655,-0.04332161310251231,0.019234587979028404,-0.08102071279887504,-0.005622513406149575,-0.004987758946684573,-0.12248231994439407,0.014736360031303238,-0.15136505486896396,-0.09359958501982418,0.1900683777184206,0.013252282342001643,483
2051,0.2760640485970155,0.015989760634056643,0.2563685647553749,-0.019695483841640604,0.01934827198351298,-0.0576174000924114,0.01822643240913019,0.007194929075951789,-0.12194240870749518,0.016710061747777345,-0.1546935279125792,-0.08919128950241115,0.19749890644264337,0.01506374878988692,469
2052,0.290062800317334,0.017746849116870748,0.27076225050792174,-0.01930054980941226,0.02058340280985393,-0.059643277996006515,0.021042178377181996,0.02366391915848387,-0.1384049513902328,0.014996188260945384,-0.1677969402870681,-0.1090129624933975,0.20816426587984807,0.013509242166275161,465
2053,0.2893725284779807,0.01903681162190939,0.2708802144832123,-0.01849231399476836,0.022002640259597642,-0.061616696468370764,0.024632068478834042,0.025568178989195584,-0.1183244420934317,0.015361280723231705,-0.14843199906737523,-0.08821688511948816,0.18639458072144505,0.013799951305286603,500
2054,0.3043063146110638,0.016196966677762246,0.2518913745521298,-0.05241494005893399,0.019193828078322806,-0.09003415181790032,-0.014795728299967656,-0.009687095539034712,-0.13107282337469156,0.014871298539133054,-0.16022003291473547,-0.10192561383464765,0.200543214746714,0.013361488787638575,477
2055,0.3194038718970063,0.016462969955713877,0.2567864104487909,-0.0626174614482154,0.019419526966668488,-0.10067903489968999,-0.024555887996740793,-0.014883366178373075,-0.15816759045044348,0.015271151013639177,-0.1880984964396486,-0.12823668446123837,0.222869278068566,0.013783974933215386,455
2056,0.3130562916667841,0.018807636875699894,0.262163103570972,-0.050893188095812114,0.02150534495090372,-0.09304288967469371,-0.008743486516930528,0.004061555083786639,-0.14219683857095491,0.014899478808554694,-0.17139928042413988,-0.11299439671776995,0.210817431156954,0.013347223776691473,460
2057,0.32640409291051503,0.01853751381298325,0.2658070753377885,-0.06059701757272651,0.021422679298587762,-0.1025846974503103,-0.01860933769514271,-0.02118593473364072,-0.1320166934886488,0.0157409433912581,-0.16286837561819845,-0.10116501135909915,0.20294161281217893,0.014209462705504668,455
2058,0.315265253756967,0.015909989235329946,0.2684124540924528,-0.04685279966451422,0.01931910461341355,-0.08471754892036638,-0.00898805040866206,-0.005285156344723124,-0.15865771457714128,0.01528753287673229,-0.1886207284280086,-0.12869470072627398,0.22371110164819413,0.013779053005892673,445
2059,0.2839850888437461,0.01602498979128021,0.2720051934228933,-0.011979895420852815,0.0192418435585877,-0.04969321579183873,0.025733424950133102,0.018020787860698217,-0.14153475285400804,0.014462867705599654,-0.1698814526701508,-0.11318805303786528,0.20251239364612114,0.01306563181272996,481
2060,0.28875623502851777,0.01793620392487645,0.2639848155522045,-0.024771419476313283,0.020762242630614627,-0.0654646672706001,0.015921828317973535,0.0150726686102228,-0.14216979515986639,0.015262016368328394,-0.17208279757325082,-0.11225679274648194,0.21614595276913934,0.013539724502384711,486
2061,0.2864395944639378,0.018744297386594635,0.26743247344148563,-0.019007121022452167,0.021697299887178854,-0.0615330473630877,0.023518805318183365,0.02428570856702736,-0.1639146071642144,0.015168840107915629,-0.1936449874629757,-0.13418422686545312,0.22860296824573342,0.013888807695849614,460
2062,0.33213859577168464,0.017265976561634606,0.2657024242540389,-0.06643617151764575,0.020184934027950935,-0.10599791524274658,-0.02687442779254491,-0.028228081865478483,-0.1165665627371293,0.014681160519506175,-0.14534110860661276,-0.08779201686764584,0.1897922393145469,0.013003359288231722,471
2063,0.3361320071460469,0.01747908275387513,0.27275572728547537,-0.06337627986057154,0.02043483942982381,-0.10342782917288522,-0.023324730548257858,-0.010551792608548438,-0.15055073444486988,0.015494494575025218,-0.18091938577057057,-0.1201820831191692,0.2156506354360515,0.014128324363398536,486
2064,0.3184241150781345,0.01673715116395181,0.25780239061385374,-0.06062172446428077,0.01981360561134825,-0.09945567786640405,-0.021787771062157478,-0.017689832514774573,-0.12053127375030384,0.01466624875492222,-0.1492765930982568,-0.09178595440235088,0.19356308258657326,0.01304192681832152,513
2065,0.2985721523958866,0.01679960916168168,0.2620229394897952,-0.036549212906091366,0.01989656772631298,-0.0755457690656268,0.002447343253444062,-0.0021438843086636072,-0.15002703968051292,0.01570969429843796,-0.18081747471358556,-0.11923660464744029,0.22681075468856363,0.0141087839143517,441
2066,0.2769489188955631,0.017971699567804915,0.26787695724925514,-0.009071961646307969,0.02097081662964017,-0.050174006966796345,0.03203008367418041,0.029629359688793266,-0.13427560187228677,0.015320363137834414,-0.16430296185251728,-0.10424824189205625,0.20915211480801377,0.013417366215786148,501
2067,0.2949511177778497,0.016895569246313323,0.268445703921829,-0.026505413856020732,0.020081955251988772,-0.06586532288906372,0.012854495177022245,0.018557156826165322,-0.1565593505328147,0.015971033672331353,-0.18786200132646064,-0.12525669973916875,0.21997770483197474,0.014704325332033833,500
2068,0.32660671026811083,0.01655769434359936,0.25140962584259174,-0.07519708442551909,0.019365476637411474,-0.11315272117829742,-0.03724144767274077,-0.03475897185121668,-0.14399128185097232,0.015151477018627756,-0.17368763112006902,-0.1142949325818756,0.2070511718064942,0.013709575911648316,463
2069,0.3076880632569205,0.01673726656999275,0.2716566150359033,-0.03603144822101717,0.01990981176863025,-0.07505396222650418,0.0029910657844698305,0.0056923907732302215,-0.16512772831186223,0.015836731343205564,-0.19616715137738178,-0.1340883052463427,0.2394473693238893,0.014111011057521808,468
2070,0.2915224025205913,0.016892285520395258,0.24980312816791447,-0.04171927435267683,0.01976024389285796,-0.08044864070840599,-0.002989907996947677,-0.0025286026010140072,-0.15147946297807288,0.015923907228300314,-0.18268974763869852,-0.12026917831744724,0.21889131720965355,0.014613244339809036,447
2071,0.2994490822537031,0.019275518823288946,0.25924138964723686,-0.04020769260646623,0.02200418202326413,-0.08333509688132762,0.002919711668395164,-0.004413804001778876,-0.13483844901691064,0.015327626938687533,-0.16488004578520413,-0.10479685224861715,0.2046455788878064,0.013733303507056134,457
2072,0.3144384730570016,0.01682854402373267,0.2649553447628678,-0.049483128294133816,0.01985522637703534,-0.08839865689801278,-0.01056759969025485,-0.0001710397232388694,-0.1256811354700717,0.0148302502967018,-0.15474789193332167,-0.09661437900682172,0.20617527394851395,0.012904208910022178,467
2073,0.293070983471002,0.01729778209867517,0.25723465121819866,-0.03583633225280336,0.0201892373902334,-0.07540651041299026,0.003733845907383536,0.0077875033083707745,-0.1184755032671094,0.014785445296153813,-0.14745444354295803,-0.08949656299126077,0.1899912887601048,0.01309777108086466,443
2074,0.32351312059714044,0.01647394362949356,0.26697061077177964,-0.0565425098253608,0.01975809825258664,-0.09526767080343439,-0.01781734884728721,-0.0023603668401213085,-0.12487360642962729,0.015370295564667773,-0.15499883216811186,-0.09474838069114272,0.20122594780093725,0.013711818304343955,477
2075,0.30853694641919766,0.021058950147274436,0.263812692572553,-0.044724253846644635,0.023580016499718793,-0.0909402369409537,0.0014917292476644278,-0.006461318907458907,-0.15578970130437675,0.016332174454346423,-0.18780017502412083,-0.12377922758463265,0.22545945121894861,0.014861516388193543,490
2076,0.3115094272482528,0.018028102488461522,0.2556677372603443,-0.055841689987908505,0.020786179573773097,-0.09658185332868591,-0.015101526647131103,-0.010230535090390541,-0.14109521504915168,0.015769144556278966,-0.1720021704464643,-0.11018825965183905,0.21062678442191393,0.0142698165115013,469
2077,0.3110645693050489,0.017980485902389858,0.2731696044926583,-0.037894964812390575,0.020738190287673836,-0.07854107088076964,0.002751141255988486,0.003812616618894177,-0.15921003864440192,0.01606709874556484,-0.1907009735217577,-0.12771910376704615,0.22605900199293205,0.01474203357552586,493
2078,0.2856089780274115,0.015679162410251135,0.26582214871282395,-0.01978682931458753,0.018877369268730414,-0.056785793204162355,0.017212134574987298,0.015202290972102322,-0.13075385850916832,0.016148507232403877,-0.1624043510887645,-0.09910336592957214,0.20254190309556144,0.014660504022661329,447
2079,0.3062023736145141,0.016513567344309057,0.26713927411335164,-0.039063099501162435,0.019654946554744177,-0.07758608686652063,-0.0005401121358042313,0.014767103897116857,-0.1523754377781352,0.017443529776667605,-0.18656412790365573,-0.11818674765261468,0.2251059611605013,0.016191486898162754,439
