seed,cf_psi,cf_se,cf_covers,cf_miss_in_se,is_psi,is_se,is_covers,is_miss_in_se,attention,cal_slope,truncated,min_g,share_g_below_0.1,cf_ess_treated,cf_ess_control,is_ess_min,rv,rva,nu2,bound_lower,bound_upper,limit_lower,limit_upper,seconds
7000,0.1666548269,0.005485404331,True,0.6921621556,0.1650982895,0.003962735612,True,0.5653296209,,0.9599240713,0,0.06285624496,0.002333333333,0.8746259904,0.9219010854,0.9132031795,0.4391338123,0.4195521826,4.421443216,0.1579974558,0.1753121981,0.1489542879,0.184319654,5.7129356
7001,0.164456743,0.005663353057,True,0.2822895421,0.1618482046,0.004014629701,True,0.2515382898,,1.007184267,0,0.0340051904,0.01266666667,0.8186547032,0.9089450043,0.8889092105,0.4160708862,0.3944868015,4.754343514,0.1552564892,0.1736569968,0.1458849881,0.1829259911,5.7535471
7002,0.1637635197,0.00551842987,True,0.1640832693,0.1612843241,0.003983363171,True,0.3950715669,,0.9594507066,0,0.05776432324,0.008333333333,0.8574409395,0.9126448273,0.8947845324,0.4309621655,0.4111626979,4.51742816,0.1550321178,0.1724949216,0.1459447736,0.1815683067,5.6932079
7003,0.1699379717,0.005630978438,True,1.257318625,0.1683552212,0.003975345263,True,1.382819149,,0.9412489361,0,0.05551800559,0.006333333333,0.8439907155,0.9033460963,0.9062873691,0.4311687301,0.411496039,4.458548857,0.1608833504,0.1789925931,0.1516058741,0.188246455,5.7271063
7004,0.1657964735,0.005765494239,True,0.5096589667,0.1635694346,0.004084866515,True,0.1741542752,,0.9615269456,0,0.02583634842,0.01133333333,0.8366194271,0.891727876,0.9058198429,0.4206690427,0.3995313245,4.64944021,0.1566588451,0.1749341019,0.1471406232,0.1843914398,5.8556106
7005,0.1720514673,0.005434779923,True,1.691591895,0.1708015253,0.003919979866,False,2.026410326,,0.9736988355,0,0.04490998163,0.009,0.7742672121,0.9101009748,0.8741769546,0.45264554,0.4308797178,4.355094747,0.1634856294,0.1806173053,0.1545226993,0.1895476152,5.5394387
7006,0.1528664829,0.005705070639,True,1.751346376,0.1524143245,0.004037127562,False,2.586916803,,0.9581750804,0,0.03361954733,0.01933333333,0.7879754082,0.8984409568,0.8783955197,0.397120903,0.3753058999,4.697654047,0.1437623198,0.1619706459,0.1343522461,0.1713397998,5.69546
7007,0.1567959872,0.005581062622,True,1.086182131,0.1532805077,0.003901541994,False,2.454806324,,0.9858665932,0,0.05018352409,0.001666666667,0.8239582036,0.8934303883,0.9033937627,0.4127456556,0.3908524935,4.385208841,0.1479284924,0.1656634819,0.1387063863,0.1748116741,5.6656946
7008,0.1668366836,0.005627107972,True,0.707049861,0.1648601466,0.003976410239,True,0.5034965668,,0.9896762271,0,0.04253324806,0.01766666667,0.7632991923,0.8845182702,0.8637928763,0.4309643189,0.4091478637,4.651962358,0.1579414907,0.1757318765,0.1486674493,0.1849837332,5.8210239
7009,0.1706656038,0.005379221891,True,1.451430385,0.1689614302,0.003925732487,True,1.554714315,,0.9634121233,0,0.05613687944,0.005,0.8483081162,0.9093497536,0.9046644258,0.4403785099,0.4209187327,4.518147215,0.1618347547,0.1794964529,0.1529643297,0.1883295666,5.7296981
7010,0.1694251335,0.006026722584,True,1.089662877,0.1680941508,0.004096278517,True,1.278261016,,0.9775205823,0,0.02914656321,0.012,0.7471715564,0.894591823,0.8855418868,0.4382775943,0.4135673411,4.487865839,0.160599928,0.1782503391,0.150756912,0.1882647302,5.7718877
7011,0.1555535307,0.005705429679,True,1.280272897,0.1526980532,0.004049047294,False,2.509228398,,0.9384989076,0,0.03490506637,0.009666666667,0.8540335161,0.8920767861,0.9004203223,0.4085200232,0.3879805574,4.575314041,0.1466333852,0.1644736761,0.137243774,0.173860503,5.5995638
7012,0.1598997497,0.005909961384,True,0.500559605,0.1574594215,0.004111508489,True,1.313049976,,0.9036055532,0,0.05850080129,0.005,0.8147912064,0.8985785601,0.8816453605,0.4243510296,0.4022889207,4.316874329,0.1511913816,0.1686081178,0.1414409575,0.1783070647,5.1411703
7013,0.1592291072,0.005446620401,True,0.6662719581,0.1566280862,0.003942934225,True,1.580029256,,0.9670948278,0,0.02028665811,0.01133333333,0.814003857,0.9169933025,0.8910502934,0.4194582018,0.3989992645,4.565883724,0.1504189044,0.16803931,0.1414487169,0.176996786,5.1357509
7014,0.1615778163,0.005480314421,True,0.2336036344,0.1595796339,0.003972172095,True,0.8253428358,,0.9311595268,0,0.03576554269,0.005333333333,0.8723505533,0.9083769537,0.9184623203,0.4143026953,0.3948007234,4.519857216,0.1524863072,0.1706693254,0.1434570051,0.179675604,5.3011679
7015,0.159069533,0.005611488777,True,0.6751336082,0.1574103106,0.004013051469,True,1.357502415,,1.04967355,0,0.03220863049,0.008,0.79038669,0.8710892088,0.872275589,0.4153748053,0.3928151585,4.540582074,0.1501504335,0.1679886324,0.1408779826,0.1771901598,5.1929471
7016,0.1671124919,0.005476981538,True,0.7767881221,0.1657034161,0.003919235744,True,0.7260034022,,0.9553001028,0,0.03060208244,0.002666666667,0.7488093057,0.8880588069,0.8773930524,0.4489887979,0.419794685,4.114961396,0.1586968158,0.1755281679,0.1496239608,0.1845152029,5.1408237
7017,0.1669878754,0.005439114879,True,0.7592848817,0.1633273407,0.003885903338,True,0.1207706528,,0.9744777023,0,0.04691676099,0.005666666667,0.844558441,0.9167639661,0.9012037524,0.4373477372,0.4168410638,4.437743413,0.1582639191,0.1757118316,0.149290773,0.1846409074,5.1561419
7018,0.1586206991,0.005630187558,True,0.7526105461,0.1536685027,0.003995608485,False,2.299908761,,0.9676997792,0,0.01907185319,0.01166666667,0.7919621154,0.8460995694,0.8797722956,0.4123297494,0.3899947679,4.445600102,0.1496377812,0.167603617,0.1403482117,0.1768504878,5.1928914
7019,0.1570622695,0.005509213218,True,1.052013763,0.1567309674,0.003938487119,True,1.555691324,,0.991443265,0,0.05819299694,0.006333333333,0.85546808,0.9094869282,0.918920947,0.4211473183,0.4014445802,4.440864222,0.1484194142,0.1657051248,0.1393754792,0.1747929493,4.979855
7020,0.1631420542,0.005515141177,True,0.05149759558,0.1599667039,0.004025225547,True,0.7183035375,,0.9437582693,0,0.03535262902,0.006,0.883124933,0.9216447785,0.9233217695,0.4227926487,0.4031270053,4.477328133,0.1542122936,0.1720718147,0.1451202685,0.1811288704,5.2031808
7021,0.1650217062,0.005655651565,True,0.382567503,0.1609949825,0.004053089005,True,0.4596630146,,0.9653151849,0,0.03524412052,0.01066666667,0.8094712723,0.9089094491,0.8784835065,0.4182669991,0.3973833142,4.523011959,0.1558556036,0.1741878087,0.1465281875,0.1834764252,5.1334354
7022,0.1674569111,0.005613699545,True,0.8192232929,0.1616008422,0.00390769108,True,0.3217233575,,0.8831893751,0,0.03788154452,0.012,0.8098299399,0.9143181065,0.8974473593,0.4367575654,0.4131027258,4.465116075,0.1586920364,0.1762217858,0.1493800988,0.1853914482,5.1566779
7023,0.1678510976,0.005819359503,True,0.8580085084,0.1630416487,0.00390930865,True,0.04696765652,,0.9561661533,0,0.03455101934,0.006666666667,0.8191788599,0.8563840917,0.8794316553,0.4357761388,0.4121455909,4.594925846,0.1590381366,0.1766640587,0.1493750674,0.1861546458,5.023805
7024,0.1574517636,0.005675572229,True,0.9525513555,0.1555697774,0.004046638634,True,1.801065259,,0.9140892379,0,0.09749502113,0.0003333333333,0.8831110814,0.9149375603,0.9163270039,0.4176689769,0.3970914348,4.329980707,0.1486891097,0.1662144176,0.1393330842,0.1755346601,5.3195521
7025,0.1655399742,0.005447867451,True,0.4922910694,0.1602226484,0.003948048072,True,0.6675170097,,0.887455037,0,0.05319225061,0.008666666667,0.8342761752,0.9097111195,0.9087788832,0.4366503255,0.415867034,4.311100516,0.156872481,0.1742074673,0.1478855307,0.1831520055,5.3037298
7026,0.1564211761,0.005813880761,True,1.107154036,0.1536475887,0.003978628727,False,2.314980773,,0.9607502067,0,0.04484418515,0.008,0.8010419131,0.8750048843,0.8962598715,0.4202734847,0.3943544113,4.335876304,0.1477891941,0.1650531581,0.1381090421,0.1745119335,5.1294369
7027,0.1671475766,0.006174217161,True,0.6947502559,0.1596355752,0.00401922303,True,0.801762548,,0.9816745902,0,0.03390647177,0.014,0.7733451445,0.8369613266,0.9022853428,0.4261894355,0.3989489636,4.562102403,0.1580982334,0.1761969199,0.1477949836,0.1862212672,5.2903788
7028,0.1579822729,0.005797609908,True,0.8409956584,0.1571456859,0.003952555932,True,1.445229824,,0.9264528512,0,0.02002746271,0.01033333333,0.7468594374,0.8775814209,0.8861063186,0.4208620853,0.3975329902,4.328478027,0.1492807565,0.1666837893,0.1398481261,0.1763530284,5.2710013
7029,0.1665036446,0.005615768095,True,0.649173335,0.1647210381,0.004001999394,True,0.4655174149,,0.9846783928,0,0.03623054362,0.011,0.7709021181,0.8995361486,0.8776362549,0.4308654999,0.4050330938,4.427890086,0.1576234012,0.1753838879,0.148300122,0.1845602114,5.2981822
7030,0.1588596516,0.005737773243,True,0.6968532764,0.1568543523,0.004101116953,True,1.463914683,,0.971046945,0,0.03520440375,0.011,0.8118628872,0.9088755898,0.8839028773,0.4099606037,0.3871470904,4.493911948,0.1497929906,0.1679263125,0.1403023392,0.1773241377,5.308313
7031,0.1598983948,0.005722471819,True,0.5171965787,0.1593839924,0.004005062426,True,0.8674135044,,0.9374214928,0,0.04797330084,0.003333333333,0.8417117545,0.8772798865,0.8891928224,0.4163942435,0.3962951177,4.53448779,0.1509625718,0.1688342178,0.1415444758,0.1782475072,5.2878396
7032,0.1572624138,0.005505330414,True,1.0164011,0.1549206067,0.003929645287,False,2.019884837,,0.9519203259,0,0.02249971734,0.01266666667,0.804465933,0.8991457497,0.8868172027,0.4150004948,0.3936799688,4.527079992,0.1484338622,0.1660909654,0.1393469974,0.1751250055,5.3864852
7033,0.1662184628,0.00534863299,True,0.6282773809,0.1604597724,0.003855027789,True,0.6221136202,,0.9747129366,0,0.01841389221,0.02133333333,0.8774484862,0.9233343221,0.9236443956,0.4193332159,0.3996487927,4.853752609,0.157017805,0.1754191205,0.1481812329,0.1841861045,5.1902603
7034,0.1635335855,0.005810735156,True,0.1162585757,0.1603144551,0.003951401899,True,0.6437164936,,0.8763992137,0,0.03557211838,0.006,0.8425119733,0.9085333983,0.9119901624,0.4312781134,0.4099201853,4.364675661,0.1548232496,0.1722439213,0.145235321,0.1817781042,5.1118174
7035,0.1629032419,0.00556744904,True,0.008119375033,0.1620381941,0.003992091326,True,0.205366944,,0.9786183643,0,0.02470420792,0.01,0.8188018546,0.8946103652,0.8805206231,0.4172420209,0.397032858,4.735790105,0.1538245936,0.1719818901,0.1446552426,0.1811372858,5.1904003
7036,0.1573548876,0.005657234299,True,0.9727633194,0.1540129986,0.004020520232,False,2.199973762,,0.9647598787,0,0.03630576308,0.006333333333,0.84251577,0.9098649957,0.9006304145,0.4120747609,0.3910925403,4.540055694,0.148436206,0.1662735693,0.1390974458,0.1755519822,5.3492418
7037,0.1613797944,0.005618535538,True,0.2631011673,0.1586478462,0.003965686514,True,1.06165513,,0.9536405393,0,0.04682627962,0.007333333333,0.8285306033,0.8789224117,0.8828234696,0.4184150221,0.3975009724,4.571062916,0.1524202925,0.1703392963,0.1431454375,0.1795557604,5.2870275
7038,0.1742629062,0.00536867502,False,2.124335807,0.1730772003,0.003865704657,False,2.643544597,,0.9464570817,0,0.03188563594,0.01433333333,0.8134584657,0.88847276,0.8896205092,0.4458862452,0.4265719737,4.654138379,0.165401233,0.1831245794,0.1565865646,0.1919834696,5.2239888
7039,0.1683877902,0.00554102604,True,0.9979654406,0.1644528975,0.004060226923,True,0.3928006692,,0.9775335375,0,0.06225889673,0.004666666667,0.8247623733,0.892007468,0.8905585917,0.4308836877,0.4105491598,4.496734124,0.1594075811,0.1773679992,0.1502610572,0.1864579975,5.2974131
7040,0.1721598642,0.005452258131,True,1.706050286,0.1687654273,0.003854045845,True,1.532776168,,0.9483994531,0,0.05655560901,0.008333333333,0.8570855639,0.9218858571,0.9047561226,0.4395364292,0.4201119692,4.554548583,0.1632279176,0.1810918108,0.1542373056,0.1900447501,5.4549254
7041,0.1641765219,0.005484978369,True,0.2403809309,0.1623067894,0.003996638169,True,0.1379279756,,0.9462180306,0,0.0571302937,0.006,0.839613238,0.9039194872,0.9038670019,0.4287152802,0.408473041,4.353647598,0.1553598682,0.1729931755,0.1463355957,0.1820233611,5.2221553
7042,0.1611287213,0.0055234114,True,0.3130884557,0.1559401238,0.003923777627,True,1.763074913,,0.9382691222,0,0.0571898965,0.007,0.8264705753,0.8925731036,0.8992819172,0.4261596023,0.4055045013,4.462555457,0.1524044005,0.1698530422,0.143291825,0.1789182712,5.3096825
7043,0.1603818991,0.005736038469,True,0.4316809587,0.156978187,0.004038071246,True,1.456103753,,0.9449087886,0,0.05247783309,0.011,0.8021704635,0.8923407873,0.871155773,0.415870948,0.3931934718,4.531081733,0.1514037552,0.1693600429,0.1419188221,0.1787571162,5.2805328
7044,0.1720568019,0.00587659794,True,1.565321347,0.1684393789,0.004098083099,True,1.361939507,,0.9848386517,0,0.03514916262,0.01166666667,0.7828439769,0.8875869269,0.8806783273,0.4358481177,0.4130228357,4.555228925,0.1630250899,0.1810885138,0.1533096351,0.1907187315,5.3521891
7045,0.1664877759,0.005649576061,True,0.642479751,0.1637008084,0.004028408631,True,0.2092068765,,0.9915316438,0,0.02491732432,0.017,0.8120577407,0.8653485759,0.8788236375,0.4166282971,0.3954201576,4.867585065,0.157190801,0.1757847507,0.147859019,0.1850500176,5.1799428
7046,0.1697572823,0.005359203793,True,1.287363743,0.1668961391,0.003899454426,True,1.035555495,,0.9152691208,0,0.05426006569,0.004,0.8681645593,0.9025120517,0.9045604303,0.4470158862,0.4271859186,4.453708206,0.1611553272,0.1783592374,0.1523030667,0.1871431767,5.3829561
7047,0.1685632308,0.005524718635,True,1.032666735,0.1668514139,0.004006370846,True,0.9967565056,,0.9563221396,0,0.06566913849,0.005333333333,0.8491663004,0.9047015615,0.9048483503,0.4354550255,0.4152738324,4.436952783,0.1597038331,0.1774226286,0.1505816688,0.1864819203,5.1371038
7048,0.1635817947,0.005449562404,True,0.1328101179,0.1615820706,0.003919054235,True,0.3255803531,,0.9911417866,0,0.01943651564,0.01166666667,0.8212730289,0.912250159,0.8999415088,0.425577731,0.4042096371,4.717069145,0.1547080466,0.1724555428,0.1456969535,0.1813823602,5.4551669
7049,0.1628216319,0.005512101547,True,0.006604701456,0.1585101426,0.003988982313,True,1.089976009,,0.939965937,0,0.0243438079,0.005333333333,0.7010923269,0.9138319918,0.8777303606,0.4509713877,0.412447608,3.927577206,0.1546727881,0.1709704756,0.145584035,0.1801145632,5.1831869
7050,0.1664336459,0.005546386661,True,0.6446734592,0.163494634,0.003972213715,True,0.1602623675,,0.9819987205,0,0.0322162232,0.01866666667,0.7735799407,0.9078543614,0.8790380611,0.4318354758,0.4093049153,4.67144113,0.1575846244,0.1752826675,0.1484410534,0.184403161,5.1151751
7051,0.153839317,0.005659048359,True,1.593681498,0.1544982806,0.004118787712,False,2.029664462,,0.9940645427,0,0.04467384769,0.004,0.8273981445,0.8880259212,0.8850830749,0.3948465223,0.3743355452,4.604420528,0.144607075,0.163071559,0.1352850885,0.1723745442,5.443873
7052,0.1716726268,0.005718136073,True,1.541514414,0.1694458082,0.00403001288,True,1.634677289,,0.9445204867,0,0.04273994838,0.01266666667,0.8513021989,0.9209129433,0.9133392088,0.4382330975,0.4183899385,4.57655015,0.1627290892,0.1806161645,0.1533116515,0.1900165519,5.1166321
7053,0.165775439,0.005436342763,True,0.5366477968,0.1624400547,0.003913494821,True,0.1068055473,,0.9493770436,0,0.0250479775,0.008,0.8892629389,0.9049076421,0.929243998,0.4342213819,0.4149749276,4.567677564,0.1570282677,0.1745226104,0.1480726589,0.1834566454,5.3771331
7054,0.1628427383,0.005772603847,True,0.002650333655,0.1601089551,0.004006035247,True,0.6862352502,,0.9287123148,0,0.04704979701,0.008333333333,0.8260211517,0.9084905447,0.8940758023,0.4233055809,0.4029372028,4.527710469,0.1539441183,0.1717413584,0.1444461748,0.1812409243,5.2773358
7055,0.1686806798,0.005341325347,True,1.090111871,0.1632751259,0.003891135459,True,0.1071893281,,0.9816791589,0,0.01960979323,0.01866666667,0.8028634254,0.9066075168,0.8678220625,0.4308964312,0.4104390709,4.81603991,0.1596852175,0.1776761421,0.1508684883,0.1864426133,5.3500256
7056,0.1654802114,0.005903570546,True,0.4441674193,0.1624388255,0.004103277504,True,0.1021651909,,1.001999239,0,0.05044200349,0.009,0.8319135874,0.9018183818,0.8856906675,0.4229494372,0.402319046,4.655802297,0.1564270567,0.174533366,0.1467069212,0.18424152,5.3045414
7057,0.1627142571,0.005596601663,True,0.0256906962,0.1605235715,0.003919487593,True,0.5956049461,,0.9324621866,0,0.0519921963,0.003333333333,0.8251743088,0.9057250591,0.9053195667,0.4399445077,0.4181303971,4.312362615,0.1542832661,0.1711452481,0.1450501254,0.1803328176,5.4879318
7058,0.1576288966,0.005606669416,True,0.9326644086,0.1578711612,0.003875480828,True,1.2867762,,1.011129978,0,0.02282812879,0.01733333333,0.7671306157,0.8731137037,0.8724862941,0.4132550828,0.3925302401,4.788340623,0.1487291491,0.1665286442,0.1395736363,0.175835823,5.2172772
7059,0.1541319875,0.00554205507,True,1.574515236,0.1515089474,0.003964388932,False,2.862759032,,0.8963541826,0,0.03126293654,0.012,0.7986995852,0.9257883888,0.9088270438,0.4137207825,0.391790431,4.275428503,0.1454429219,0.1628210532,0.136303229,0.1719246197,5.3041699
7060,0.1592658748,0.005523204548,True,0.6503765712,0.1587891974,0.003958237761,True,1.027942366,,0.917730245,0,0.0247457977,0.008666666667,0.8122764407,0.923087979,0.9118642341,0.4205126611,0.3993323605,4.322564667,0.1504837214,0.1680480282,0.141428937,0.1771797462,5.2283992
7061,0.1569634853,0.005265962511,True,1.119368464,0.1556601263,0.003861472038,True,1.864033015,,0.9547923524,0,0.05106198808,0.006,0.8799451836,0.922458721,0.9088883191,0.4156524442,0.3963019371,4.573337108,0.1481704402,0.1657565303,0.1394876434,0.1744030554,5.3019649
7062,0.1508716108,0.005704772807,False,2.101122567,0.1472992571,0.003986186024,False,3.903174721,,0.9495369677,0,0.04656206016,0.01,0.8402527668,0.8910146941,0.8816956821,0.3954034181,0.3745992934,4.646316312,0.1418343807,0.1599088408,0.1324407435,0.1692896802,5.1891507
7063,0.1696468738,0.005710394137,True,1.188855969,0.1665291622,0.003988854862,True,0.9203454825,,0.9463662877,0,0.01946291755,0.011,0.7955992186,0.8901949458,0.9040856363,0.4350392223,0.413763161,4.53086142,0.1607187134,0.1785750342,0.151302123,0.1879548363,5.5489142
7064,0.1537286657,0.005376317056,True,1.698071723,0.153880322,0.003955798788,False,2.269507665,,1.010902095,0,0.06828714075,0.004666666667,0.848995072,0.9179254008,0.8989995824,0.4113586645,0.3912626061,4.501121114,0.144995032,0.1624622994,0.1361339972,0.171294632,5.3560606
7065,0.1666017312,0.005719188511,True,0.6545847367,0.1651558919,0.004070660877,True,0.5644916891,,1.004411341,0,0.04327354143,0.004666666667,0.7886863029,0.9197090317,0.9001086472,0.4363920475,0.4119720616,4.290609702,0.1578714823,0.1753319801,0.1483942977,0.1846860667,5.3094579
7066,0.1640994024,0.005836001843,True,0.2127080719,0.1601789112,0.004078178951,True,0.6569418687,,0.9521879296,0,0.05590388385,0.006,0.8380179124,0.9055684238,0.8799792094,0.4287219939,0.4085608252,4.630098755,0.15528708,0.1729117247,0.1456969419,0.1825272872,5.1717406
7067,0.1639142973,0.005853722193,True,0.180442396,0.1622243242,0.003992165458,True,0.1587392755,,0.9381809276,0,0.04518812467,0.005666666667,0.8026471732,0.8950504865,0.8915830746,0.4377647677,0.4152673629,4.334839195,0.1553622431,0.1724663516,0.1456971306,0.1820670502,5.3257304
7068,0.1665345735,0.005748395111,True,0.6395760567,0.1607865664,0.003927575929,True,0.5274172394,,0.993089357,0,0.04415344242,0.01,0.7499463595,0.8942278201,0.8688609293,0.4408395451,0.4164748949,4.344144757,0.1579300371,0.1751391099,0.1483988194,0.184532479,5.1846589
7069,0.1621965749,0.005432917571,True,0.1217509251,0.1626779102,0.003864032342,True,0.0466164519,,0.9590157578,0,0.01835976817,0.008666666667,0.8743870854,0.8995443754,0.9101010614,0.4233481491,0.4040772412,4.66665772,0.1533344831,0.1710586668,0.1443927409,0.179996324,5.2813313
7070,0.1653296964,0.005497921981,True,0.4495623608,0.1630061845,0.003930706071,True,0.0376896144,,0.954976439,0,0.05587305653,0.002666666667,0.856880039,0.9270417448,0.9020373511,0.4378198681,0.4176790623,4.421827427,0.1567053035,0.1739540894,0.1476430041,0.1829853156,5.1886425
7071,0.1649892452,0.00654803637,True,0.3254727742,0.1607472362,0.004149840614,True,0.5086463953,,0.924620575,0,0.02329451246,0.01433333333,0.678606272,0.8921525834,0.8527154332,0.4405386783,0.4053510254,4.184745331,0.1564564365,0.173522054,0.1456086897,0.1842713445,5.3404995
7072,0.1660203208,0.005754616541,True,0.5495210894,0.1654386452,0.004028184884,True,0.6406378094,,0.9526253955,0,0.03921509961,0.003666666667,0.8680109053,0.9243350827,0.9188794588,0.4333980214,0.4121418391,4.465178973,0.157237202,0.1748034396,0.147733146,0.1842370906,5.3386072
7073,0.1724128008,0.005603411878,True,1.705168807,0.1665272777,0.004005147031,True,0.9161311629,,0.9146863266,0,0.04849099953,0.006666666667,0.8580542069,0.9122484805,0.9135411751,0.4368266161,0.4172486613,4.468019581,0.1633905091,0.1814350925,0.1541543307,0.1906393374,5.3722423
7074,0.1710953502,0.005427432498,True,1.517718106,0.1687010717,0.003897740027,True,1.499082541,,0.9730858442,0,0.0381198897,0.01266666667,0.7925921677,0.9059069054,0.8776050236,0.442898207,0.4221474597,4.469061613,0.1623124702,0.1798782303,0.1533683274,0.188801282,5.2561804
7075,0.169574567,0.005480095479,True,1.22562269,0.1687191139,0.004014647862,True,1.459922869,,0.9811662668,0,0.02850300677,0.023,0.7815001958,0.8863900072,0.9087640858,0.4276731298,0.4026104379,4.624449584,0.1604375127,0.1787116214,0.1513611162,0.18769385,5.3066559
7076,0.16314676,0.005661648069,True,0.05099616054,0.1606277975,0.004012925832,True,0.5557641106,,0.9807830927,0,0.06302001294,0.005333333333,0.8137728659,0.8780884302,0.8666306163,0.422662862,0.4018688611,4.552181491,0.1542129955,0.1720805244,0.1448720097,0.18137237,5.1868347
7077,0.1559542464,0.0055341285,True,1.247493847,0.1531513241,0.003955821105,False,2.453779715,,0.924721342,0,0.0394584336,0.004,0.8379101942,0.8773443025,0.8927388655,0.4136075703,0.3929252872,4.405812842,0.1471591969,0.164749296,0.1380357877,0.1738391643,5.2536886
7078,0.1598322694,0.005661898471,True,0.5344087846,0.1588772511,0.004026842761,True,0.9885626973,,0.98372608,0,0.02150685587,0.01066666667,0.840527635,0.8902530776,0.8985179775,0.4090432326,0.3886946358,4.727117443,0.1506825348,0.168982004,0.141350108,0.178283101,5.2929424
7079,0.1647838498,0.005365388017,True,0.3589325045,0.1610944593,0.003900748475,True,0.4521128203,,0.9681133374,0,0.05178171746,0.012,0.8309019689,0.9099678926,0.886274408,0.433163696,0.4131767377,4.658168033,0.1560596258,0.1735080739,0.14720788,0.1823144805,5.1559881
7080,0.1637596966,0.005811131759,True,0.1551606458,0.1602192887,0.004060520126,True,0.6498549182,,0.9176721917,0,0.03254348641,0.009,0.7846126467,0.9016381319,0.8907365176,0.4329683334,0.4109578361,4.300619689,0.1550842881,0.1724351051,0.1455143515,0.1819933878,5.3357844
7081,0.1751207682,0.00555367555,False,2.208038699,0.1719744626,0.003977859485,False,2.291791603,,0.8982027865,0,0.04582028879,0.009333333333,0.852727257,0.9350055068,0.9192075592,0.4424530327,0.422878703,4.447930102,0.166118611,0.1841229254,0.1569635346,0.1932455582,5.2362247
7082,0.1635804894,0.005734732049,True,0.1259782946,0.1607292791,0.004026431712,True,0.5286960629,,0.9682211265,0,0.04661431981,0.005666666667,0.7865797875,0.886745427,0.8759458056,0.435512761,0.4129952679,4.375952718,0.1549845555,0.1721764234,0.1455388964,0.181610016,5.2127158
7083,0.1496776803,0.006082541239,False,2.166916232,0.1490635744,0.004019104582,False,3.432223007,,0.9830540957,0,0.03504243653,0.01866666667,0.7793873922,0.8904915546,0.8753212678,0.3938297622,0.370511105,4.611068007,0.1406644348,0.1586909259,0.1306454196,0.1686942845,5.3093104
7084,0.1723517824,0.005491422249,True,1.72883167,0.1668719328,0.003960423302,True,1.013501544,,0.9743031215,0,0.03600810674,0.008333333333,0.8383143877,0.9100177266,0.9005271574,0.4379301507,0.4183512664,4.680784596,0.1633642293,0.1813393354,0.1543096372,0.1903576479,5.2145239
7085,0.1574016204,0.005461835145,True,0.9990080444,0.153915023,0.003929482927,False,2.275875693,,0.9830280698,0,0.03559703281,0.006666666667,0.8394290428,0.9059864479,0.8975274176,0.4168560559,0.3960237341,4.533317744,0.1486185502,0.1661846907,0.1395994507,0.1751410451,5.3938417
7086,0.1642666613,0.005791238937,True,0.2432335604,0.1625160076,0.003995333209,True,0.0856073884,,1.001736636,0,0.01300502206,0.017,0.6395840619,0.8962356563,0.877480383,0.4366830176,0.3935349019,4.091825439,0.1556667309,0.1728665917,0.1463952148,0.1828182628,5.2191084
7087,0.1645721635,0.005435501817,True,0.3153574256,0.1601101365,0.00391606693,True,0.7016992312,,0.9466556334,0,0.07609681677,0.003,0.8750121128,0.9092295501,0.9118002993,0.4291676647,0.4090031992,4.428571392,0.1557470753,0.1733972518,0.1467710495,0.1823092395,5.2966664
7088,0.154569145,0.005610670278,True,1.477344455,0.1539420421,0.004090110751,False,2.179890979,,0.9768206423,0,0.05037257606,0.005333333333,0.863858897,0.912023132,0.907900317,0.4076704565,0.387853397,4.444149165,0.1456806006,0.1634576895,0.1364513596,0.1726915576,5.3434888
7089,0.1524921313,0.005542442518,True,1.870277642,0.1500607026,0.003997945695,False,3.200977718,,0.9942862327,0,0.01826562446,0.01033333333,0.8313866187,0.9085320228,0.8938850466,0.4032842962,0.3816126392,4.667816847,0.1435948926,0.1613893701,0.1344317541,0.1704677046,5.292992
7090,0.1631233484,0.005604316456,True,0.0473404266,0.1583874508,0.003893059008,True,1.148348091,,0.9665965894,0,0.03867021474,0.005,0.8498556966,0.9281426718,0.9077324855,0.4354374532,0.4147735734,4.439672099,0.1545493822,0.1716973146,0.1453079132,0.1808988343,5.3851017
7091,0.1516202442,0.005695647219,False,1.97304942,0.1490572678,0.004033207866,False,3.421784913,,0.9284181222,0,0.01284148041,0.01533333333,0.7841856273,0.9085788015,0.8733130662,0.4010572081,0.3787342722,4.551453065,0.1427081673,0.1605323211,0.1333209538,0.1698951377,5.4493777
7092,0.1544744723,0.005854765741,True,1.431921577,0.1531554586,0.004127426257,False,2.350757712,,0.9824505447,0,0.04415179135,0.01266666667,0.8268680479,0.9035424645,0.8857359097,0.3943239898,0.3733762614,4.716046654,0.1451878219,0.1637611226,0.1355432161,0.1733847727,5.2731221
7093,0.1656398538,0.005478668011,True,0.5077541014,0.1637816203,0.00394276853,True,0.2342472367,,0.9324914885,0,0.05925857203,0.003333333333,0.8249437398,0.9039530361,0.8898870343,0.4364920707,0.4162744417,4.347295111,0.1569627682,0.1743169394,0.147929932,0.1833149099,5.1024047
7094,0.1590849724,0.005491268236,True,0.6871027104,0.1574358881,0.003901220937,True,1.389859653,,1.015556681,0,0.03924165916,0.006333333333,0.8425072806,0.9148651111,0.887916995,0.4188161079,0.3979344737,4.5516015,0.1502643759,0.1679055688,0.1411992201,0.176913402,5.1736064
7095,0.1620929692,0.005683623133,True,0.1346092912,0.1581047417,0.004046823936,True,1.174574429,,0.9499450818,0,0.03330645195,0.006,0.8072068362,0.8798782209,0.88906701,0.4255132489,0.4004112735,4.361139872,0.1532981587,0.1708877797,0.1438712291,0.1801780047,5.3130835
7096,0.1638061623,0.005495644137,True,0.1725229241,0.1600474879,0.003928251167,True,0.7154709823,,0.9323432368,0,0.06750762821,0.001666666667,0.8826160531,0.9179486304,0.916970207,0.4310542151,0.4113179283,4.396031823,0.1550750581,0.1725372664,0.1460141416,0.181560803,5.2907232
7097,0.1687933052,0.005358509251,True,1.107634086,0.1640275468,0.003812592375,True,0.3067490602,,0.9058337167,0,0.0463211039,0.012,0.8262077709,0.9000592962,0.9065045641,0.445745815,0.4257794572,4.472680336,0.1602059817,0.1773806286,0.1513807692,0.1861927058,5.3044221
7098,0.1709729711,0.005591989292,True,1.451171134,0.165634763,0.00393003073,True,0.7065403723,,0.9801941314,0,0.01597395443,0.013,0.8072790736,0.8988381189,0.8953294452,0.4276617585,0.4069987867,4.725069206,0.1617602312,0.180185711,0.1525241163,0.1893557819,5.3424488
7099,0.1563113041,0.005698081483,True,1.148936462,0.1527338932,0.004035926988,False,2.508505354,,0.9574441562,0,0.03022119244,0.007666666667,0.8302732145,0.8933945056,0.8661298836,0.4082284848,0.3861900467,4.608272844,0.1473390927,0.1652835155,0.1379063179,0.174602979,5.2794943
7100,0.1553013176,0.005521303868,True,1.368647748,0.155226273,0.003921066675,True,1.946349116,,0.9126634758,0,0.04224070229,0.005666666667,0.8442873968,0.9094642846,0.8973839246,0.4140956822,0.3938534376,4.537568921,0.1465570553,0.1640455798,0.1374632808,0.1731218419,5.3381246
7101,0.1621812568,0.005872550541,True,0.1152447988,0.1612610959,0.00410832585,True,0.3887086524,,0.9549342219,0,0.03471642756,0.01066666667,0.741955921,0.9088160623,0.8694803887,0.4263879896,0.4010129803,4.260031066,0.1534063966,0.1709561169,0.1437416809,0.1806376534,5.2876747
7102,0.1551239429,0.005651892063,True,1.368408081,0.1536530062,0.004080275516,False,2.25598282,,0.9416238969,0,0.02299868345,0.007666666667,0.8420034222,0.9070777134,0.8952821738,0.3947932777,0.3739944497,4.595632451,0.1458129425,0.1644349433,0.1364802496,0.173702945,5.3427873
7103,0.1639628816,0.00549301994,True,0.2011359879,0.1629045707,0.003968859545,True,0.01172454833,,0.9992976306,0,0.03462691028,0.01,0.8242540417,0.8925796937,0.8841067895,0.4221435329,0.4021892079,4.663850611,0.1549693394,0.1729564239,0.1459165472,0.1819823706,5.4858771
7104,0.1663116171,0.005332191949,True,0.6476847604,0.1644465193,0.003864515554,True,0.4110428883,,1.017062833,0,0.03594799484,0.008333333333,0.8448065761,0.9226940437,0.9076118463,0.435668984,0.4160070658,4.562929113,0.1575765089,0.1750467254,0.1487886295,0.1838084019,5.2168177
7105,0.1514898786,0.005726981716,False,1.98501753,0.1489604203,0.003945261259,False,3.52261015,,1.00374085,0,0.02793102753,0.016,0.7837443743,0.9065151591,0.8809019411,0.3930909785,0.3724430888,4.705930528,0.142344794,0.1606349631,0.1329707881,0.1701157506,5.3822844
7106,0.1635575877,0.005694329082,True,0.1228503048,0.1594354934,0.004088036431,True,0.8372098195,,0.9383188134,0,0.03902036675,0.007333333333,0.8454490452,0.9040121007,0.8903953897,0.4189059223,0.398518758,4.531413608,0.1544916484,0.1726235271,0.1451032166,0.1819749351,5.431749
7107,0.163525297,0.005710562929,True,0.1168465088,0.1622296617,0.00401277568,True,0.1565938401,,0.9567800514,0,0.07904566467,0.001333333333,0.8462983122,0.894984678,0.8953475134,0.4335062309,0.4125769354,4.397962585,0.15487716,0.172173434,0.145454365,0.1815424971,5.3214348
7108,0.1699691759,0.005469284579,True,1.300195334,0.1707176889,0.003933218603,False,1.998274696,,0.9473951156,0,0.02143805116,0.01,0.754970816,0.8831258028,0.8731606878,0.4488184491,0.4205816841,4.35478476,0.1614050668,0.1785332851,0.1523943849,0.1875607043,5.0385369
7109,0.1601704725,0.005642518276,True,0.4763059695,0.1563046366,0.004001224206,True,1.637848994,,0.9247911751,0,0.03463454369,0.008333333333,0.8487214764,0.920435742,0.9040009627,0.4123027035,0.3916758105,4.569300544,0.151098985,0.1692419601,0.1417892553,0.1785018943,5.2907287
7110,0.1589545308,0.005783894965,True,0.6748924136,0.1553276177,0.004022533133,True,1.872059148,,0.9681024211,0,0.04191387872,0.007666666667,0.8355008966,0.8784619687,0.8852758148,0.412980144,0.3915263289,4.554465801,0.1499718592,0.1679372024,0.1404259405,0.1774263487,5.3173385
7111,0.1584166036,0.005477377569,True,0.8108686969,0.1562296666,0.003881567764,True,1.707653057,,0.9351039771,0,0.04483329466,0.004666666667,0.7943556033,0.900177432,0.8877772966,0.4327847232,0.4084566806,4.297511217,0.1500193335,0.1668138738,0.1409247769,0.1757516442,5.4181053
7112,0.1638913389,0.005741553269,True,0.1799689393,0.1626543145,0.003976768417,True,0.05122831616,,0.8958187316,0,0.04562138284,0.005,0.8236982282,0.8942086414,0.8873436979,0.4273466196,0.4065320903,4.409074474,0.1550512419,0.1727314359,0.1455911642,0.1821672029,5.4545899
7113,0.1589291617,0.005712763371,True,0.6877365071,0.1541670313,0.003972189753,False,2.187963534,,0.9250166731,0,0.04358504665,0.003666666667,0.8284426445,0.8669573473,0.8846452621,0.4152033639,0.3931109401,4.424590722,0.1500129464,0.1678453771,0.1405664064,0.1772010275,5.3776318
7114,0.1584500621,0.005453727889,True,0.8082499992,0.1588917221,0.003881942738,True,1.021734698,,0.9358187004,0,0.03367388257,0.008666666667,0.8470252799,0.9098138508,0.9116374514,0.4211301491,0.4007313263,4.545041027,0.1497303543,0.1671697699,0.1407363298,0.1761241315,5.2641107
7115,0.1634458481,0.005638211512,True,0.1042547761,0.1591915591,0.003918769803,True,0.9356197818,,0.9682424014,0,0.02705000946,0.01,0.7886541375,0.9090506481,0.8849942334,0.4291997529,0.4082665185,4.491721947,0.1546820595,0.1722096367,0.1454274849,0.1815165236,5.2559007
7116,0.1603957178,0.00548319727,True,0.4490664448,0.1601170163,0.003928886314,True,0.6976586164,,0.9090659098,0,0.06148493619,0.004666666667,0.8621449159,0.8804706478,0.8986885123,0.4231558517,0.4031079322,4.541191902,0.1516265768,0.1691648587,0.1425870104,0.178169828,5.2871159
7117,0.1701567782,0.005754814866,True,1.268284166,0.1667972629,0.004000876829,True,0.984590477,,0.9550636919,0,0.0494256344,0.004666666667,0.799848193,0.9008864428,0.8698274939,0.4409783742,0.4197492161,4.448850493,0.1613689481,0.1789446084,0.1518755033,0.1883916322,5.3801351
7118,0.165460582,0.005627234874,True,0.4624908039,0.1607910254,0.003943192027,True,0.5241977245,,0.95010632,0,0.0251263196,0.01466666667,0.7249342578,0.9123478975,0.8963856984,0.4391124621,0.4036946718,4.200594914,0.1568646679,0.1740564962,0.1475594158,0.1833487589,5.1375128
7119,0.1607915809,0.005602136367,True,0.3688694221,0.1569602735,0.003992432791,True,1.477235676,,0.8981639285,0,0.03819385561,0.008,0.8332515675,0.9231422935,0.915231431,0.421397318,0.3998468603,4.422283198,0.1519506672,0.1696324945,0.1426926189,0.1788126007,4.9912268
7120,0.1590994601,0.005459087691,True,0.6884992135,0.1551883035,0.003925789387,True,1.953679465,,0.9266272799,0,0.07081632903,0.003333333333,0.8530014858,0.8743845358,0.8945527174,0.4283399257,0.4078815264,4.445376621,0.1505451603,0.1676537599,0.1415395593,0.1766131461,5.2110679
7121,0.165652707,0.005847844651,True,0.477897322,0.1656221967,0.004019485359,True,0.6876897825,,1.033420452,0,0.03140247983,0.008333333333,0.7976671914,0.9053566805,0.8858130735,0.4299013089,0.4103168643,4.607219994,0.1567905349,0.174514879,0.1472582974,0.1842339346,5.2164172
7122,0.1633086585,0.005951984291,True,0.07570934103,0.1622618332,0.004087075513,True,0.1458755729,,0.9546159902,0,0.02423525178,0.01133333333,0.799067871,0.8938108809,0.8735329706,0.4130220664,0.3924081918,4.678798617,0.1540811972,0.1725361197,0.1442960728,0.1823402396,5.2024343
7123,0.1561251075,0.005440003678,True,1.237670143,0.1532787074,0.003980870352,False,2.40634068,,0.9808784555,0,0.03370019445,0.011,0.7823565984,0.9004109647,0.871930584,0.4158728697,0.3891339058,4.429973896,0.1473853127,0.1648649024,0.1383353522,0.1737395171,5.4056629
7124,0.166653031,0.005413592737,True,0.7010119832,0.1646010171,0.003926472087,True,0.44390472,,1.004515457,0,0.03034934724,0.006666666667,0.8607329463,0.923387726,0.9140861193,0.4366886313,0.417522053,4.579985745,0.1579283215,0.1753777406,0.1490156225,0.1842805396,5.3575127
7125,0.1743228089,0.005641923579,False,2.032067804,0.1697482954,0.003953505773,True,1.742822238,,0.9651064799,0,0.01575946398,0.01866666667,0.8140069815,0.8972360257,0.9002035265,0.4381339239,0.4176038708,4.863943597,0.1652383487,0.1834072691,0.1559265516,0.192665226,5.2944145
7126,0.1549889115,0.005673544392,True,1.386985914,0.1512899584,0.003991795256,False,2.897964073,,0.9671004722,0,0.07099676095,0.002666666667,0.8425141389,0.9108951338,0.911248761,0.4164973164,0.39421307,4.31201482,0.1463303601,0.1636474629,0.1369429971,0.1729311525,5.3227294
7127,0.1642436616,0.005627393265,True,0.2462283813,0.1645189351,0.003948364007,True,0.4206545844,,1.001549871,0,0.01935064929,0.009,0.7920692938,0.9013317987,0.8560359626,0.4235787103,0.4010433685,4.539460274,0.155276399,0.1732109242,0.1459745397,0.1824358966,5.3777411
7128,0.1634913367,0.005682761919,True,0.1114421185,0.1604464953,0.004031032615,True,0.5982443282,,1.017252064,0,0.02478470624,0.01366666667,0.8310479618,0.8786234653,0.8611617439,0.406008304,0.3855595408,4.96557878,0.154037994,0.1729446794,0.1446574381,0.1822674343,5.2788192
7129,0.1686673865,0.006220104205,True,0.9339632652,0.1664704119,0.003952645009,True,0.9139131414,,0.9510195055,0,0.03507561325,0.01033333333,0.7238470308,0.9105388793,0.8906245268,0.4522223676,0.4227246145,4.072927001,0.1602589236,0.1770758494,0.1500377453,0.1873560915,5.1953724
7130,0.1706305867,0.005349149358,True,1.453043943,0.1677174702,0.003924707706,True,1.238164201,,0.9550030856,0,0.07491912263,0.001,0.880252222,0.9029831327,0.9123430715,0.4405916846,0.4215153801,4.427685147,0.1618075023,0.1794536711,0.1529844511,0.1882338,5.2204241
7131,0.15630308,0.005715588645,True,1.146856098,0.1544126086,0.003934457503,False,2.146529487,,0.9704925289,0,0.03546117629,0.01566666667,0.78991469,0.8976920089,0.8861609313,0.4102844277,0.3882261156,4.699618559,0.1473918185,0.1652143415,0.1379585395,0.1745942176,5.3521206
7132,0.1587961239,0.005490652937,True,0.7397870149,0.1569091521,0.004007657335,True,1.484379788,,0.9445663138,0,0.042189607,0.005333333333,0.8444235662,0.900820237,0.9101737038,0.4160582134,0.3949138398,4.514932036,0.1499121768,0.167680071,0.1408319202,0.176670172,5.1708352
7133,0.1655185024,0.005477901629,True,0.4856722383,0.1600262244,0.003893470478,True,0.7273236738,,0.9879861463,0,0.0615615678,0.004333333333,0.8232841433,0.9054964206,0.8942593265,0.4367350445,0.4159565252,4.43115591,0.1568544662,0.1741825386,0.1478029478,0.1831589605,5.2081254
7134,0.1565395324,0.005365576322,True,1.177600479,0.1555813869,0.003870898756,True,1.87983495,,0.9789759238,0,0.048847188,0.006,0.8661452827,0.9125943284,0.898643197,0.4198740353,0.3995281946,4.5395625,0.1478898223,0.1651892425,0.1390342689,0.1739914116,5.2999369
7135,0.156266105,0.005473427325,True,1.204351905,0.155007736,0.003991539437,False,1.966735326,,0.9102633479,0,0.01850845403,0.01133333333,0.8617176237,0.8760893259,0.9139264539,0.4128678171,0.3925542278,4.57601375,0.1474321113,0.1651000988,0.1384162456,0.1740984224,5.3241322
7136,0.1535872687,0.005644683169,True,1.642389612,0.1545499289,0.004071574288,False,2.040515086,,0.9742842776,0,0.04541781796,0.008666666667,0.8415661506,0.9029045024,0.9011040232,0.399875209,0.3792482213,4.646223932,0.1445239571,0.1626505802,0.1352197097,0.1719227686,5.2641204
7137,0.1646384747,0.005262898441,True,0.3382997059,0.1622872739,0.003840118937,True,0.1486317945,,1.038766909,0,0.03730983666,0.014,0.8093026438,0.9224786871,0.9015412904,0.4310168742,0.4103072139,4.61342442,0.1558619588,0.1734149905,0.1471749095,0.1820532256,5.2744118
7138,0.1728126436,0.005876261793,True,1.694037171,0.1681925293,0.003970338808,True,1.343586005,,0.9100296811,0,0.03617984378,0.005,0.7545626895,0.8845202911,0.8943653486,0.4638812803,0.4374390592,4.01647211,0.1645039156,0.1811213715,0.1547896671,0.1907610576,5.2911518
7139,0.1746731499,0.005548584797,False,2.129392026,0.171117924,0.004010340294,False,2.059647237,,0.9407244196,0,0.04999046342,0.006333333333,0.8417151955,0.8713954322,0.8898736253,0.4449998396,0.4248026984,4.510851567,0.1657658056,0.1835804942,0.1566003519,0.1926756785,5.3174912
7140,0.1578649526,0.005379737188,True,0.9281280713,0.1558582052,0.003953746221,True,1.770430392,,0.9453430897,0,0.04915514405,0.005,0.8499724236,0.9076833445,0.8992994033,0.4225032123,0.4025696188,4.496647317,0.1492159529,0.1665139523,0.140351755,0.1753543258,5.4629394
7141,0.1736814649,0.005560810483,True,1.94637586,0.1718493882,0.003948016796,False,2.277434727,,0.9764270794,0,0.04338181099,0.005333333333,0.838926259,0.9147557771,0.902259692,0.4436532013,0.4240508268,4.477957581,0.1647870366,0.1825758932,0.1556217443,0.1917111752,5.1602969
7142,0.1621716995,0.005430933941,True,0.1263757121,0.156607071,0.003976744909,True,1.571880225,,0.9838210103,0,0.038439727,0.005,0.8511659974,0.9073122748,0.8904260688,0.4230308964,0.4033840234,4.54990499,0.1533018828,0.1710415162,0.1443516405,0.1799642836,5.2786333
7143,0.1578035709,0.005663481558,True,0.8924663518,0.1538946,0.003849786311,False,2.328294852,,0.9384566245,0,0.03446361495,0.009333333333,0.7352060002,0.8789329147,0.8773574998,0.4277122061,0.4029218579,4.193395475,0.1493018311,0.1663053108,0.1399647101,0.1756214511,5.4869429
7144,0.171929289,0.005485778685,True,1.65359411,0.1707136375,0.003964307982,False,1.981581627,,0.992760729,0,0.06254707725,0.004333333333,0.8532865559,0.9197924521,0.8942945765,0.4394264939,0.4203240304,4.556063951,0.1630061984,0.1808523795,0.1539703864,0.1898698248,5.3369416
7145,0.1774797388,0.005564652743,False,2.627603527,0.1738031679,0.003920472844,False,2.791788313,,0.9383618729,0,0.02918709556,0.01,0.8119762402,0.9097292346,0.8983508479,0.4605060754,0.4397902871,4.484563556,0.1688570625,0.1861024151,0.159668314,0.1952282588,5.2863459
7146,0.1573898546,0.006268798362,True,0.8722856745,0.1549030195,0.003946397841,False,2.015766911,,0.942197844,0,0.02084928674,0.006333333333,0.6525116392,0.9266599444,0.9036561044,0.4519331433,0.4043832431,3.550941792,0.1495365092,0.1652432001,0.1396795974,0.176171212,5.293947
7147,0.1619405469,0.005477308453,True,0.1675075891,0.1613306577,0.003881519269,True,0.39350054,,0.9953068406,0,0.03215709959,0.007333333333,0.8221871858,0.892275356,0.8980814519,0.4257247341,0.4050728011,4.557427432,0.153159988,0.1707211059,0.1441223335,0.1797106143,5.2475802
7148,0.1699608413,0.005573548851,True,1.274377214,0.1658985629,0.003974869526,True,0.7649371096,,0.9943184182,0,0.03929916764,0.009333333333,0.8493166887,0.9088618754,0.9072704777,0.4385324412,0.4172546435,4.510653071,0.1611148834,0.1788067992,0.1518953066,0.1879312359,5.3785441
7149,0.1653163878,0.00545494314,True,0.4506646694,0.1631713734,0.003987931863,True,0.07857098205,,0.946832166,0,0.04510612974,0.003333333333,0.8695917004,0.9240003272,0.9130156994,0.4371090901,0.4176985407,4.363959666,0.1566732075,0.1739595681,0.1476990596,0.1829374981,5.1758032
7150,0.1714402586,0.005825355946,True,1.47325262,0.1662727958,0.004057935767,True,0.8415012698,,0.9302244609,0,0.02263616272,0.006333333333,0.6552598008,0.9217908251,0.9002723617,0.4701821437,0.4172725777,3.682032516,0.1633559038,0.1795246134,0.1533234503,0.1887927428,5.2887595
7151,0.1670800235,0.005130729369,True,0.8228821985,0.1650563956,0.003857063071,True,0.5699564471,,1.016883138,0,0.0349161509,0.009333333333,0.884922759,0.9051863398,0.913308113,0.4344858427,0.4160849813,4.756831144,0.158271441,0.175888606,0.149818549,0.1843210401,5.4151494
7152,0.1700950475,0.005774807138,True,1.253203729,0.1680852161,0.003926866231,True,1.331132288,,0.9852050687,0,0.03262839023,0.006666666667,0.8477373328,0.8470893585,0.8962131579,0.4369189953,0.4159391051,4.637094833,0.1611966548,0.1789934402,0.1516708065,0.1884732783,5.3432328
7153,0.162786983,0.005548613046,True,0.01280584742,0.1606685726,0.00401993934,True,0.5446512771,nuisance_models,0.862447389,0,0.03462038223,0.005666666667,0.7689412269,0.8872133967,0.9100539246,0.4384104382,0.4122115291,4.046018863,0.1543111246,0.1712628413,0.1451572321,0.1803926302,5.4566658
7154,0.1635442743,0.005582748595,True,0.1229209266,0.1605003088,0.004023214892,True,0.5860310447,,0.9690812906,0,0.04849812239,0.01066666667,0.812945986,0.89890734,0.8901160113,0.4238243655,0.403233892,4.625608828,0.1546222735,0.172466275,0.1454120342,0.1816296647,5.3269423
7155,0.1649647893,0.005563310392,True,0.3786867056,0.1634831687,0.004004446336,True,0.1561092228,,0.997837211,0,0.03634159297,0.007333333333,0.8386847007,0.8873733911,0.8990805108,0.4233981293,0.402759471,4.631674875,0.1559529024,0.1739766762,0.1467666932,0.1831004644,5.0788527
7156,0.1513891189,0.005523931141,False,2.076224065,0.1510767272,0.003931403396,False,2.9967188,,1.022720655,0,0.04124847208,0.011,0.8267305456,0.9176982928,0.9112005903,0.3990740784,0.3780745047,4.579976738,0.1424316151,0.1603466226,0.133325053,0.1694215916,5.2978974
7157,0.1694867316,0.00568235011,True,1.166540921,0.163145417,0.003994364742,True,0.07194619474,,0.9564497955,0,0.04635878825,0.006333333333,0.7994761016,0.8943051886,0.8740002091,0.4342760726,0.4133086588,4.573460842,0.1605452916,0.1784281715,0.15116673,0.1877518557,5.1795112
7158,0.1699549844,0.005734892645,True,1.23750298,0.1652025638,0.004011503179,True,0.5844507862,,0.9669146349,0,0.05432410127,0.007666666667,0.8322500677,0.8821108416,0.8820999312,0.4361387346,0.4151280783,4.611121216,0.1610418436,0.1788681252,0.1515684168,0.1882681214,5.3484248
7159,0.1643792885,0.005580558033,True,0.272598341,0.1611498975,0.00398755744,True,0.4283675396,,1.011814192,0,0.03707102248,0.01133333333,0.8166606852,0.8958675681,0.878567865,0.4179384452,0.3976834032,4.822112551,0.1552391113,0.1735194658,0.1460344389,0.182681587,5.3480972
7160,0.179960402,0.005746142107,False,2.976321161,0.1774083248,0.004027031451,False,3.613154573,,0.9310909667,0,0.05431915694,0.006666666667,0.8351194782,0.9357938798,0.904125144,0.4609764206,0.4401070556,4.399362362,0.1712299342,0.1886908698,0.1617420627,0.1981140573,5.1780534
7161,0.1622564063,0.005584240255,True,0.1077373648,0.1602364088,0.003940315116,True,0.6653348121,,0.923551231,0,0.04527673233,0.004666666667,0.8513883357,0.9278854745,0.9177569549,0.4293554486,0.4078366925,4.303662701,0.1535607353,0.1709520773,0.1443287279,0.1800982957,5.2317185
7162,0.1581619612,0.005597616873,True,0.8389421018,0.1546462527,0.003905994919,False,2.102354243,,0.9498294309,0,0.03552192031,0.01166666667,0.7976072322,0.876701213,0.8881324987,0.4112921731,0.3903965197,4.508029715,0.1491745029,0.1671494195,0.1399584481,0.1763588608,5.3278002
7163,0.1626044907,0.005488827726,True,0.04619327885,0.1599871347,0.003966482655,True,0.7237906252,,1.034250319,0,0.04512869209,0.011,0.8772035911,0.9033000238,0.9108345741,0.4109166838,0.3913534568,4.79845198,0.1533531961,0.1718557853,0.1442933723,0.1808586718,5.4761985
7164,0.165318874,0.005286627132,True,0.4654832514,0.160019699,0.003903935146,True,0.7270455345,,0.9777938339,0,0.06269840829,0.004666666667,0.8459596968,0.9248818578,0.9131332895,0.441993345,0.4217491787,4.428564175,0.1568082426,0.1738295055,0.1480778826,0.1824980802,5.2935857
7165,0.1684878874,0.005601837282,True,1.005000582,0.1633591837,0.004029923881,True,0.1243562029,,0.9367692049,0,0.02762517126,0.008333333333,0.7877957818,0.9228093263,0.8727310318,0.4365416844,0.4144458636,4.359221087,0.1596629984,0.1773127763,0.1503994191,0.186489345,5.192504
7166,0.1652044814,0.00566252524,True,0.4143811511,0.1614220026,0.003967109664,True,0.3619852205,,0.9001313252,0,0.02894230524,0.007333333333,0.8049992349,0.9200471821,0.9135946193,0.4395121516,0.4166788269,4.302563437,0.1566327328,0.17377623,0.1472864633,0.1830717124,5.3522736
7167,0.1655961533,0.00567499647,True,0.4824876458,0.1629782042,0.003988275547,True,0.03012994824,,1.010494209,0,0.03274409421,0.005666666667,0.8189949343,0.889344531,0.8845616744,0.4208682603,0.4007139685,4.577833677,0.156475454,0.1747168527,0.1471394006,0.1840596587,5.4740351
7168,0.1706716196,0.00552284452,True,1.414774933,0.1680030435,0.004042485858,True,1.272733175,,0.9555370172,0,0.04546262462,0.01066666667,0.8432388433,0.9141447475,0.9172109551,0.4366300575,0.4162308173,4.474987405,0.1617348636,0.1796083757,0.1526125552,0.1886627304,5.1260713
7169,0.1522830774,0.005571804708,True,1.897941665,0.1488036547,0.003959403139,False,3.549621622,,0.9266029718,0,0.04312378432,0.003333333333,0.8556087823,0.8979326879,0.9023317999,0.4099490113,0.3893069613,4.440288759,0.1435914328,0.160974722,0.1344107416,0.1701296646,5.2277134
7170,0.162479574,0.005765221762,True,0.06564598167,0.1577515828,0.003987974434,True,1.280463298,,1.014287555,0,0.03759953249,0.01366666667,0.8379439152,0.8657794383,0.8960751024,0.4162747597,0.3948008951,4.703421396,0.1533959674,0.1715631806,0.1438699881,0.1810112364,5.115667
7171,0.160747076,0.005913478388,True,0.3569746121,0.1562403,0.004142676671,True,1.597454543,,0.9587955868,0,0.01790903096,0.01766666667,0.8316612072,0.8942530769,0.8879549508,0.3991555846,0.3783180835,4.965419591,0.1512384608,0.1702556912,0.1414891881,0.1799682974,5.282022
7172,0.1628666164,0.005701453489,True,0.001504654875,0.1578239083,0.004053426956,True,1.241944013,,0.9634970468,0,0.04239912624,0.005333333333,0.8301825247,0.8702115158,0.8827571464,0.4224417525,0.4018143572,4.513792605,0.1539418158,0.171791417,0.1445381207,0.1811504772,5.1671485
7173,0.1635461271,0.005593430467,True,0.1230174382,0.1607938992,0.003979534411,True,0.5186884359,,0.9953474374,0,0.03257271366,0.006666666667,0.8354391599,0.8965022249,0.8947270408,0.4187626953,0.3987979109,4.679355752,0.154476605,0.1726156493,0.1452633853,0.1818111204,5.2107394
7174,0.1539889586,0.005550030933,True,1.598023361,0.1527006547,0.003933195757,False,2.582475836,,0.9411180458,0,0.03830658717,0.01533333333,0.7943176337,0.8960185241,0.8550414544,0.4098969432,0.3872623456,4.613706001,0.1451984455,0.1627794716,0.1360316043,0.1718843054,5.2233871
7175,0.1593981003,0.005342252825,True,0.6476551104,0.1566622571,0.003755672226,True,1.649712801,,0.9705211587,0,0.01810097367,0.023,0.7726328282,0.898117636,0.880722235,0.4218463162,0.3997890468,4.770657561,0.1506465314,0.1681496692,0.1418168104,0.1769086245,5.3080034
7176,0.1660187387,0.005321141896,True,0.5939892503,0.1642153856,0.003871494664,True,0.3506004884,,0.9735609897,0,0.04631579565,0.004666666667,0.8143182047,0.9175804487,0.8901912941,0.4455556819,0.4222803917,4.219189443,0.1575675173,0.1744699602,0.1487510361,0.1831740628,5.3337387
7177,0.1563310209,0.005460074296,True,1.195408057,0.1551043572,0.004027737704,True,1.925070857,,1.007518364,0,0.04119364986,0.008333333333,0.8280733343,0.913346691,0.8892295443,0.4091285583,0.3882816173,4.597636739,0.1473842306,0.1652778111,0.1383835975,0.1742499947,5.4138073
7178,0.1650879596,0.005309853309,True,0.4199592308,0.164031737,0.003817636228,True,0.3074413897,,0.9939515176,0,0.05797694069,0.007,0.8238811713,0.881211122,0.8862747262,0.43818366,0.4177732101,4.487971972,0.156486111,0.1736898081,0.1477191757,0.1823992794,5.1222448
7179,0.1649851838,0.005434769665,True,0.3913958208,0.1627522016,0.003905901458,True,0.02709645326,,0.9873897711,0,0.02955346898,0.01166666667,0.8568354179,0.8893087913,0.9049052462,0.4237308819,0.4038128581,4.779456382,0.1559818596,0.173988508,0.1470118956,0.1829048929,5.4119212
7180,0.1538162578,0.005502608848,True,1.643180549,0.1537615573,0.003875372193,False,2.347253349,,0.9720642408,0,0.04841497367,0.007666666667,0.8164624611,0.8980251468,0.8856100619,0.4124823122,0.3922138454,4.544899713,0.1451097745,0.1625227411,0.1360624022,0.1715857443,5.5006202
7181,0.1600355303,0.005521030341,True,0.5112283773,0.1574007638,0.004003056548,True,1.363276746,,0.9943443683,0,0.02622450434,0.007333333333,0.8528080819,0.9028519734,0.9129794813,0.4143259432,0.3941814842,4.599144993,0.1510314851,0.1690395755,0.1419350454,0.1781140589,5.3517822
7182,0.1672634661,0.005388686544,True,0.8175328854,0.1637566307,0.003981549292,True,0.2256892994,,1.006271199,0,0.03947356956,0.01266666667,0.8528459616,0.9266990737,0.9053692982,0.4308381117,0.4115077833,4.732768388,0.158341917,0.1761850153,0.1494603956,0.1850379465,5.1305185
7183,0.1580021046,0.005513359041,True,0.8807576278,0.156352188,0.00391361752,True,1.662362152,,0.9721789247,0,0.02302572254,0.013,0.8090370417,0.8938350042,0.8704526338,0.4113376138,0.3904519671,4.708015556,0.1490250684,0.1669791409,0.139931095,0.1760324225,5.183302
7184,0.1723338058,0.0055769049,True,1.699108798,0.166723428,0.003918232863,True,0.9865136831,,1.019501498,0,0.01832242473,0.007,0.8428405605,0.9090743485,0.9149781771,0.4416219921,0.4198617698,4.483872326,0.1634516308,0.1812159809,0.1542085328,0.1903283001,5.2486504
7185,0.1605950595,0.005653832514,True,0.4002555984,0.1576616422,0.003897229156,True,1.333356399,,0.9879135869,0,0.02508644509,0.01833333333,0.7727131114,0.901143891,0.8762234219,0.4232967129,0.4016502921,4.686268198,0.1518190136,0.1693711054,0.142535084,0.1787020493,5.301546
7186,0.160919364,0.00528139102,True,0.3670763402,0.1580690914,0.003843308784,True,1.246047746,,0.965093983,0,0.02827168982,0.008333333333,0.8653830335,0.9226257612,0.9179422579,0.4160585332,0.396543856,4.649171747,0.1519166403,0.1699220876,0.143198315,0.1785850482,5.3975584
7187,0.1535795989,0.00554371517,True,1.673686048,0.1501651146,0.00388858427,False,3.264150192,,0.9396319658,0,0.06285861836,0.004666666667,0.8427297779,0.8774332348,0.8953070741,0.4111019354,0.3900397407,4.51372518,0.1448470815,0.1623121163,0.1356994442,0.1714087511,5.508917
7188,0.1659212507,0.005351545826,True,0.5723977923,0.1654510766,0.003945137633,True,0.6572746368,,0.9890838058,0,0.02584679651,0.01433333333,0.8529200578,0.9069813703,0.9225877114,0.4228750579,0.4024043659,4.81031776,0.1568417858,0.1750007155,0.1480102626,0.183786355,5.2678652
7189,0.1545336255,0.005542941095,True,1.501804194,0.155771401,0.00390054939,True,1.816830389,,0.9707852981,0,0.02792207401,0.008666666667,0.845954483,0.8816862401,0.9065962253,0.4034352667,0.3832851557,4.762870268,0.1455217889,0.1635454621,0.1363940408,0.1726599167,5.4197826
7190,0.1570053581,0.005662602408,True,1.033567095,0.1528393017,0.003953625771,False,2.53406278,,0.9667091849,0,0.04559977642,0.004666666667,0.8529357835,0.8772162962,0.900422419,0.4144489042,0.3934102911,4.503252783,0.1481753467,0.1658353695,0.138836186,0.1751316882,5.2749605
7191,0.1687164139,0.005440738961,True,1.076761125,0.1661288272,0.003957760943,True,0.8264242358,,0.9386854271,0,0.02929685349,0.005666666667,0.7336538384,0.9108394216,0.9017579681,0.4594942721,0.4293482533,3.989627757,0.1604937456,0.1769390822,0.1515679885,0.1859661647,5.3629445
7192,0.1611200217,0.0053107184,True,0.3272656912,0.1580349679,0.003857153161,True,1.25042216,,0.9878657822,0,0.03224889209,0.007333333333,0.8429050304,0.8672778744,0.9060894206,0.4269751352,0.4067203066,4.52843441,0.1524190241,0.1698210193,0.1436575701,0.1785389399,4.7709475
7193,0.166327054,0.005767143566,True,0.6015137745,0.1615698506,0.003993421343,True,0.3225772891,,0.9036463523,0,0.05220467773,0.006666666667,0.8154374413,0.8940276357,0.8882856743,0.4359637411,0.4141223516,4.427524626,0.1575993215,0.1750547864,0.1480608297,0.1844953836,4.7032135
7194,0.1461362688,0.005673025944,False,2.947592516,0.144505605,0.004049023588,False,4.532557601,,0.9590154934,0,0.02779910627,0.01066666667,0.7963457263,0.8806983255,0.8683329723,0.3895523267,0.3671506713,4.445836327,0.1372083174,0.1550642203,0.1278549032,0.1643857042,4.8288507
7195,0.1703294902,0.005585416781,True,1.337671452,0.1664354801,0.003899964715,True,0.9173012214,,0.9092597921,0,0.04074936203,0.008333333333,0.8134505227,0.9056002417,0.8907270432,0.4472381171,0.4269151634,4.398463442,0.1617045624,0.178954418,0.1525070301,0.1881398175,4.8596099
7196,0.1696480005,0.00534150946,True,1.2711693,0.1650144469,0.003823311548,True,0.5640160886,,0.9407543442,0,0.02958348697,0.013,0.7632425277,0.8907536883,0.8723568506,0.4451714694,0.4225644582,4.551035268,0.161001583,0.178294418,0.1521648553,0.1870459905,4.766409
7197,0.1731416039,0.005514446044,True,1.864841218,0.1718159849,0.004048511975,False,2.212651773,,1.005989325,0,0.04659196887,0.008,0.848484974,0.8859722328,0.8864918,0.4378463136,0.417839098,4.612538637,0.1641104622,0.1821727457,0.1549999576,0.1912105021,4.5551034
7198,0.1662709331,0.00555671472,True,0.6141930362,0.1600574295,0.003944194015,True,0.7100584067,,0.9696791858,0,0.01648961638,0.009666666667,0.8271470839,0.9078990197,0.9047518992,0.4337754171,0.4122934573,4.537228348,0.1574851365,0.1750567298,0.148286799,0.18414617,4.5108178
7199,0.1590366022,0.005355367653,True,0.7135710722,0.1559794619,0.00382342945,True,1.799059152,,0.9520781816,0,0.05476024691,0.004,0.8571464817,0.9020780068,0.9108086418,0.4175021117,0.3977380183,4.537497703,0.1501809413,0.1678922631,0.1413489224,0.1766847055,4.562398
