config,n,learner,seeds,bias,bias_mcse,emp_sd,mean_se,se_over_sd,coverage,cov_mcse,trunc_any,trunc_mean,min_g_med,cal_slope_med,sens_ok,fit_s_med,fit_s_max
cross,3000,a_hgb_default,300,-0.0012042543285767648,0.0003689150456376001,0.006389796027209145,0.011308691014742892,1.7698046958913898,0.9966666666666667,0.0033277731404159692,0.9966666666666667,0.007207777777777779,0.002131964720888481,0.47106486052588614,0.08333333333333333,4.644238350039814,4.974922599969432
cross,3000,b_hgb_regularised,300,-0.000298237557801867,0.0003366491683245761,0.00583093463863973,0.00563230514516002,0.9659352220888473,0.9333333333333333,0.014401645996461909,0.03333333333333333,1.555555555555556e-05,0.027056225068115274,1.005004480302656,1.0,4.207438749959692,4.476429300033487
cross,3000,c_hgb_early_stop,300,-0.0004471736934289483,0.00035019340765440676,0.0060655277453311235,0.006200980133919643,1.0223315091902403,0.95,0.012583057392117921,0.02,1.2222222222222222e-05,0.03511073595490859,0.7585275073822668,0.9966666666666667,3.969143250025809,4.314961800002493
cross,3000,d_logit_main,300,-0.0015611356185994407,0.0003217828856442103,0.005573443069418982,0.005425704513054311,0.9734924077406837,0.9366666666666666,0.014062031885212777,0.0,0.0,0.10088801570813871,0.9769310435754088,1.0,2.3889820000040345,2.621905699954368
cross,3000,e_logit_true,300,0.00011261063891429557,0.0003659154216519669,0.006337841015741956,0.006023536041569894,0.9504081952527067,0.9333333333333333,0.014401645996461909,1.0,0.003476666666666667,0.000789240932765217,0.9872247170416388,1.0,2.4035715000354685,2.594303400022909
point,3000,a_hgb_default,300,-0.0011694740830760775,0.0003803682107511134,0.0065881706660499495,0.011322088050005539,1.7185480801750224,0.9933333333333333,0.004698305447081342,1.0,0.007208888888888889,0.0024274171409955207,0.473472116741495,0.06,4.650430699985009,5.089706600061618
point,3000,b_hgb_regularised,300,-0.000452494431274153,0.00032890806090894704,0.005696854725132552,0.005638536187824877,0.9897630288779535,0.94,0.013711309200802093,0.03,1.5555555555555555e-05,0.02711425317728373,1.0025737566030517,1.0,4.20043920003809,4.528347500017844
point,3000,c_hgb_early_stop,300,-0.00048770757788010877,0.0003337507271569262,0.005780732164988541,0.006164805028836879,1.0664401762417752,0.9533333333333334,0.012177696674506891,0.013333333333333334,7.77777777777778e-06,0.035678635494368914,0.7568687814154115,1.0,3.9691565500106663,4.385326900053769
point,3000,d_logit_main,300,-0.0016411853754144945,0.0003198864962142231,0.005540596640982238,0.00542468685729695,0.9790799094039917,0.9233333333333333,0.015361085995559135,0.0,0.0,0.09818454184796499,0.9760075786294329,1.0,2.3925719499820843,2.7262131000170484
point,3000,e_logit_true,300,0.00010563257007684124,0.00036562849995250475,0.006332871386129331,0.006013856861386065,0.9496256113076932,0.93,0.014730919862656231,1.0,0.003468888888888889,0.0007658285997583838,0.986966317290771,1.0,2.406833100016229,2.660573899978772
point,12000,b_hgb_regularised,100,-0.00024808518776009425,0.0002934720899919369,0.0029347208999193687,0.002620732343062069,0.8930090568864908,0.93,0.02551470164434614,0.0,0.0,0.02302093033979696,1.1186081213222607,1.0,6.199596049962565,6.458217400009744
point,12000,e_logit_true,100,3.175263459287425e-05,0.00030690790109922045,0.0030690790109922047,0.0029306034380119765,0.954880414455195,0.92,0.027129319932501065,1.0,0.0012916666666666669,0.0002145255459078799,0.9967411339753707,1.0,3.413755499990657,3.7128390999278054
