seed,psi,se,lo,hi,naive,cov_truth,cov_naive,closer
0,-0.06409112873633589,0.012788993131455971,-0.08915709467251973,-0.039025162800152065,-0.04429456336160066,True,True,True
1,-0.10142079857802157,0.014527093204243736,-0.12989337805839585,-0.07294821909764727,-0.06816849795593881,False,False,False
2,-0.07290967289743096,0.013930483831719697,-0.1002129194948191,-0.045606426300042816,-0.052851213168489675,True,True,True
3,-0.06510280456479968,0.012945486192221412,-0.09047549126391422,-0.03973011786568515,-0.05078305007434715,True,True,True
4,-0.07307824656155773,0.013209164588353736,-0.0989677334205929,-0.04718875970252256,-0.06356395835148883,True,True,False
5,-0.06642767464957158,0.013225771651518996,-0.09234971075429965,-0.04050563854484352,-0.04731568105428287,True,True,True
6,-0.059699391893054385,0.013129422819951947,-0.08543258775795852,-0.03396619602815025,-0.04381651402709692,True,True,True
7,-0.07493408494162365,0.013752853074695306,-0.10188918165269739,-0.047978988230549906,-0.05592865365577045,True,True,False
8,-0.059845750729575584,0.013140984764086306,-0.08560160758857432,-0.03408989387057684,-0.046399715344493914,True,True,True
9,-0.0629024228216134,0.01316929605865746,-0.0887137687983273,-0.0370910768448995,-0.04837932598549584,True,True,True
10,-0.06667351090091217,0.01339170650843747,-0.09292077334898025,-0.040426248452844094,-0.05052351409184809,True,True,True
11,-0.061629717138071194,0.013023902244394144,-0.08715609647525409,-0.0361033378008883,-0.048430065216599275,True,True,True
12,-0.053124022890838146,0.012582479991591544,-0.07778523051055342,-0.028462815271122877,-0.03664337288009881,True,True,True
13,-0.04811074271299612,0.013147635878466367,-0.07387963551663683,-0.022341849909355404,-0.026668403350770087,True,True,True
14,-0.05933609050132577,0.013199529745308644,-0.08520669341499586,-0.033465487587655676,-0.046241563187530296,True,True,True
15,-0.07616929146438116,0.013403116680598697,-0.10243891743894265,-0.049899665489819674,-0.05939218625506752,True,True,False
16,-0.07232411756030512,0.013848751440283434,-0.09946717161410784,-0.04518106350650238,-0.04837549674395339,True,True,True
17,-0.0729003460080924,0.01359153526410752,-0.09953926562034923,-0.046261426395835574,-0.05987500000000001,True,True,False
18,-0.050038259458542275,0.013354739305487045,-0.07621306752021834,-0.023863451396866214,-0.027749060482428825,True,True,True
19,-0.06720844747195463,0.01316797359618301,-0.09301720146984771,-0.041399693474061555,-0.04694320535784652,True,True,True
20,-0.06441758570716724,0.01347412895649725,-0.09082639318495012,-0.03800877822938437,-0.04944065693991592,True,True,True
21,-0.07880104962914429,0.013483355363640998,-0.10522794053263561,-0.05237415872565297,-0.051387335640596374,True,False,False
22,-0.0631566313636374,0.01386327720817319,-0.09032815539935185,-0.035985107327922955,-0.04015439512518798,True,True,True
23,-0.07168227721336148,0.013834450860580874,-0.09879730264598915,-0.04456725178073381,-0.05072192735716674,True,True,True
24,-0.08875163301329746,0.013944570388471546,-0.1160824887545854,-0.061420777272009515,-0.06897880539499035,True,True,False
25,-0.09249451183900095,0.013983680474023997,-0.11990202193940398,-0.06508700173859792,-0.07875773180170023,False,True,False
26,-0.05715110987265026,0.012541874310921576,-0.08173273182068466,-0.032569487924615864,-0.048700514346914164,True,True,True
27,-0.053132689323957774,0.013148861702680072,-0.07890398469890872,-0.027361393949006822,-0.04009139615046871,True,True,True
28,-0.0651761830788568,0.012988749800132956,-0.09063366489131922,-0.039718701266394374,-0.053856362250204765,True,True,True
29,-0.06039653878600357,0.013662961775117664,-0.08717545178738163,-0.0336176257846255,-0.026210673799515985,True,False,True
30,-0.0763863605105094,0.013453103434317154,-0.10275395872206314,-0.05001876229895566,-0.046966221154813415,True,False,True
31,-0.055983959081033555,0.012739131612574768,-0.08095219823599575,-0.03101571992607135,-0.046941380781718334,True,True,True
32,-0.05801083857179541,0.013465393971749246,-0.08440252579406668,-0.03161915134952414,-0.03555612852116953,True,True,True
33,-0.06749819575143663,0.01308033403100236,-0.09313517935795489,-0.04186121214491838,-0.04943735200465933,True,True,True
34,-0.07435093421307663,0.01394768902547595,-0.10168790237057407,-0.047013966055579205,-0.05917816842575924,True,True,False
35,-0.10334480588921555,0.01385714152536726,-0.1305043042076098,-0.07618530757082129,-0.08112984405511704,False,True,False
36,-0.07188413295834672,0.013399226289625296,-0.09814613390671456,-0.04562213200997889,-0.05745728222108186,True,True,False
37,-0.0705095496091926,0.013838275482150783,-0.09763207116235179,-0.043387028056033415,-0.05037969432203948,True,True,True
38,-0.06063323595841208,0.013060321391499223,-0.0862309955122686,-0.03503547640455556,-0.03733507765863711,True,True,True
39,-0.06844595985121661,0.013209132015726545,-0.09433538286907561,-0.04255653683335762,-0.04645978199330279,True,True,True
