seed,gcomp,ipw,hand_tmle,s0,final_score,eps,pkg,gap_over_shift,move_over_s0,cv,lo,hi,att,flag_prop,flag_out,sign_survives,rv,cf_y,cf_d,gmin,trunc,secs,bench_error,omitted_error
2026,0.0564925525627362,0.0571398858957108,0.0570039181189457,0.0005087504178504,5.921189464667501e-19,0.0042285539096129,0.0570027886098279,0.0022088095375084,1.005140316876959,0.0577664246060041,0.0499191963985899,0.0656136528134183,nuisance_models,True,True,True,0.142,0.0,0.0139,0.2384,0.0,41.32173204421997,,
0,0.0514882151958221,0.0515468023069724,0.0515138361500724,2.5550328179164692e-05,-5.921189464667501e-19,0.0002285126091523,0.0515097662309376,0.1588511924700641,1.0027641942886634,0.0516497259310181,0.0441032107676726,0.0591962410943635,nuisance_models,True,True,True,0.1346,0.0,0.0733,0.2604,0.0,51.021684885025024,,
1,0.0591506859175436,0.0588921883639022,0.0588364147673566,-0.0002949245560553,0.0,-0.0023330085000739,0.0572742684989971,4.970695742928154,1.065598451313856,0.0586632504442068,0.0505188835700105,0.066807617318403,nuisance_models,True,True,True,0.1382,0.0,0.013,0.0872,0.0,56.26362824440002,,
2,0.057303105608494,0.0575859829530626,0.0575920282615816,0.0002891248184227,-2.9605947323337507e-19,0.0024003213305684,0.0575915316310978,0.0017189046221204,0.9993007679648424,0.0584171720360955,0.0504666360251842,0.0663677080470067,nuisance_models,True,True,True,0.1717,0.0,0.0144,0.0608,0.0,44.26947116851807,,
3,0.0640067535904077,0.0641446571236618,0.06399243171752,-1.4305650646672922e-05,-1.332267629550188e-18,-0.0001069734109558,0.0639944708495087,0.1423788637639344,1.001133974358673,0.0634254057190695,0.0551578158793048,0.0716929955588342,nuisance_models,True,True,True,0.1526,0.001,0.0,0.1335,0.0,44.02887654304504,,
4,0.0569364245081312,0.0570841570195765,0.0571355554373642,0.0001989913798869,0.0,0.0016841250381968,0.0571298214627731,0.0287949974077911,1.0007012833730031,0.0574707362830821,0.0497552190713865,0.0651862534947776,nuisance_models,True,True,True,0.1453,0.001,0.016,0.2643,0.0,43.61646628379822,,
5,0.0559828322486122,0.0564351473690321,0.0564171363032546,0.0004344845239359,-5.921189464667501e-19,0.0038025898843012,0.05641720047416,0.000147755713392,0.9995846358535452,0.0562783282530404,0.0486169503542294,0.0639397061518514,nuisance_models,True,True,True,0.2661,,,0.0176,0.0,32.09620809555054,True,
6,0.0571367800932795,0.0572918814302949,0.0573030161173122,0.0001665106074593,2.9605947323337507e-19,0.0013505203548687,0.0573074091248345,0.0264263269521937,0.9983509553486482,0.0577562386884126,0.0498346562646037,0.0656778211122215,nuisance_models,True,True,True,0.1774,0.0004,0.0,0.2662,0.0,30.33400678634644,False,
7,0.0589333981163577,0.0591763986604509,0.0591618723794295,0.0002280416469627,-2.9605947323337507e-19,0.0017482320601741,0.0591651053430208,0.0141502309615716,1.001897092547805,0.0592591130685825,0.051115396920265,0.0674028292169,nuisance_models,True,True,True,0.1457,0.0,0.0181,0.0751,0.0,26.573519945144653,False,
8,0.0606952140185769,0.0610777216717504,0.061075282568409,0.0003793584401027,0.0,0.0031197713848504,0.061076431787695,0.0030237158180601,1.001871870121302,0.0618017072888604,0.053908736813494,0.0696946777642268,nuisance_models,True,True,True,0.156,0.0013,0.0,0.2249,0.0,26.958670377731323,False,
9,0.0564015983483812,0.0562897931998284,0.0562092390134882,-0.0001906347786114,0.0,-0.0015451799104419,0.0562021340180829,0.0369360572453608,1.0090463885659309,0.0567220611369081,0.0487153125263589,0.0647288097474572,nuisance_models,True,True,True,0.1409,0.0,0.0041,0.0576,0.0,26.61669683456421,False,
10,0.0551731147301811,0.0551892304080156,0.0552000580694175,2.6758231054656504e-05,2.9605947323337507e-19,0.0002228713446371,0.0551784035744412,0.8037049448959551,1.0069178033982138,0.0551293978351578,0.0472048936937221,0.0630539019765935,nuisance_models,True,True,True,0.1396,0.0,0.0106,0.0616,0.0,24.137025117874146,False,
11,0.0494184730481102,0.0492656460961996,0.0495713093353698,0.0001450617849154,-1.1842378929335005e-18,0.0013283843084481,0.0495564115579115,0.0974753949171977,1.053594420809696,0.0491902809538517,0.0417992817900157,0.0565812801176878,nuisance_models,True,True,False,,,,0.0013,6.0,12.562873363494871,True,True
12,0.063633024047573,0.0636690545186244,0.06360955711967,-2.3384479546295487e-05,-2.9605947323337507e-19,-0.0001839021211483,0.0636106482976613,0.0464985444966823,1.0035257725756832,0.0634659073012021,0.0553781007339386,0.0715537138684655,nuisance_models,True,True,True,0.1543,0.0001,0.0452,0.2289,0.0,24.094051837921143,False,False
13,0.0556319301490286,0.055862007520127,0.0556951577460029,6.310487064002871e-05,-7.401486830834377e-19,0.0005544286174325,0.0556729104245165,0.3518609365382541,1.0019447997113302,0.0562352752390795,0.0484616133393761,0.064008937138783,nuisance_models,True,True,True,0.1422,0.0004,0.0097,0.2866,0.0,22.837627172470093,False,False
14,0.0591916852097091,0.0588381038082416,0.0589297480660816,-0.00026078250465,1.1842378929335005e-18,-0.0020134372331412,0.058689785563882,0.9161071960864252,1.0044275937108074,0.0591430950066548,0.0509147703946774,0.0673714196186323,nuisance_models,True,True,True,0.1419,0.0006,0.0089,0.1676,0.0,19.852638959884644,False,False
15,0.0595855234478657,0.0592664177598181,0.0593270046383445,-0.0002570445087422,1.4802973661668753e-19,-0.0020228051293877,0.0593256111767214,0.0053901749959944,1.005735585584483,0.0590512182047405,0.0508335860552957,0.0672688503541853,nuisance_models,True,True,True,0.1521,0.0,0.5276,0.1694,0.0,19.51047825813293,False,False
16,0.0575470227414619,0.0581860812473451,0.0582418728101463,0.0006857439260441,-4.440892098500626e-19,0.0056381827025494,0.0582557580863003,0.0199831255399019,1.0132792173499658,0.0577448129548474,0.0498419793361651,0.0656476465735296,nuisance_models,True,True,True,0.1417,0.0,0.0303,0.0767,0.0,18.97885036468506,False,False
17,0.0606342038262899,0.0606740462110292,0.0607586781119586,0.0001248086680113,-1.1102230246251568e-18,0.0010162707444851,0.0607511127765871,0.0607782991555154,0.9973208403872962,0.0604798748563868,0.052577286930927,0.0683824627818466,nuisance_models,True,True,True,0.1475,0.0013,0.0115,0.2556,0.0,18.527029991149902,False,False
18,0.0562302013721412,0.0561630449587422,0.0562313611709459,1.156960912578331e-06,0.0,9.750627460303143e-06,0.0562308604632374,0.4317194555169481,1.002452885007401,0.0573383635836681,0.0495903045051049,0.0650864226622312,nuisance_models,True,True,True,0.1442,0.0019,0.0133,0.2338,0.0,32.55693793296814,False,
19,0.0560264898863304,0.0563649703136107,0.0562592624678536,0.0002320077897637,0.0,0.0019503143660866,0.0562585382446922,0.0031112906712092,1.0032964055229334,0.0549756985667613,0.0471801519994213,0.0627712451341013,nuisance_models,True,True,True,0.138,0.0001,0.0137,0.2326,0.0,29.589858293533325,False,
20,0.0598931506904671,0.0600674388664333,0.0599056412636185,1.2563415287692411e-05,5.181040781584064e-19,9.547543894107952e-05,0.0599087362231505,0.2477836280544932,0.9942020434259792,0.0592031070835256,0.0510408921695204,0.0673653219975308,nuisance_models,True,True,True,0.148,0.0,0.0,0.2196,0.0,27.26265001296997,False,
21,0.0569444227113559,0.0576913337149822,0.0576645347334016,0.0007183148245914,-2.9605947323337507e-19,0.0062929200484976,0.0576631685931075,0.0018971219092442,1.002501963474474,0.0592140419851808,0.0513704384660423,0.0670576455043193,nuisance_models,True,True,True,0.1514,0.0,0.082,0.2118,0.0,27.22135853767395,False,
22,0.0572086379364752,0.0570402504317854,0.0571947179070935,-1.3865402397497266e-05,1.4802973661668757e-18,-0.0001157274017721,0.0571976886781506,0.2134170105280638,1.003939805180963,0.0565889499725444,0.0487913034566007,0.0643865964884881,nuisance_models,True,True,True,0.1412,0.0,0.0102,0.2802,0.0,26.330121755599976,False,
23,0.0611688207675252,0.0611618959358385,0.0611336392250326,-3.5062552629446427e-05,-1.7023419710919066e-18,-0.0002595715065883,0.061130974718821,0.0757359121527536,1.0033936451931331,0.0624910595730375,0.0536320011443062,0.0713501180017689,nuisance_models,True,True,True,0.1511,0.0008,0.0151,0.2294,0.0,24.04930567741394,False,
24,0.0572775436601639,0.0571460049342363,0.0571918769125519,-7.438106026962584e-05,-5.921189464667501e-19,-0.0006179561203501,0.0572569728241185,0.7598737360901605,1.1517279708229835,0.0569667408595133,0.0492098258838933,0.0647236558351333,nuisance_models,True,True,True,0.1363,0.0,0.042,0.0028,4.0,25.222490787506104,False,
25,0.0543877338142085,0.0545257723611521,0.0544874083001848,9.964892556757415e-05,0.0,0.0008507765352268,0.054484671548634,0.0274568915401328,1.0002565046091694,0.0554358657396161,0.0476154015756744,0.0632563299035579,nuisance_models,True,True,True,0.1484,0.0,0.0,0.0305,0.0,23.756590366363525,False,
26,0.0551313320589463,0.0552593245516346,0.0553033323811655,0.0001715188922868,1.4802973661668753e-19,0.0014792791076335,0.0553045525195682,0.0070938146334069,1.0028068624154465,0.0557517269289351,0.0480392623004119,0.0634641915574584,nuisance_models,True,True,True,0.1417,0.0002,0.0375,0.2462,0.0,24.23807024955749,False,
27,0.0549250142892846,0.0553293613136125,0.0551335905815628,0.0002085889816004,-4.440892098500626e-19,0.001835045148478,0.055137459625675,0.0185497789320365,0.999939165903641,0.0541633823530995,0.046637256464309,0.06168950824189,nuisance_models,True,True,True,0.1394,0.0,0.0164,0.2144,0.0,23.346609354019165,False,
28,0.0683865648507663,0.0687163410099206,0.0686762998585718,0.0002897482525729,-1.4802973661668753e-19,0.0020302384820454,0.0686758008005009,0.0017224638287059,0.9999542887061904,0.0681990894100518,0.0595349460653746,0.076863232754729,nuisance_models,True,True,True,0.1557,0.0,0.0066,0.1332,0.0,20.419336557388306,False,
29,0.0574914320334617,0.0575643505583671,0.0574978144898461,6.371833733569717e-06,1.4802973661668753e-19,4.994432435227648e-05,0.0574958156600933,0.3131756227403522,1.0016671261865584,0.0563933052242426,0.0482552948607892,0.064531315587696,nuisance_models,True,True,True,0.1382,0.0,0.0141,0.1877,0.0,19.63312864303589,False,
