seed,truth,cv5_psi,cv5_se,cv5_cov,insample_psi,insample_se,insample_cov
5000,0.18622448650952744,0.16834251635402492,0.017829351397821647,True,0.16866308197950503,0.017711997709097867,True
5001,0.18622448650952744,0.18418463865080487,0.018473635808301792,True,0.18424080655070768,0.01833737116591183,True
5002,0.18622448650952744,0.18574937626886084,0.01792406461959722,True,0.18548669695979803,0.017860351245671913,True
5003,0.18622448650952744,0.22703626686277528,0.019565035055311243,False,0.2265518461019712,0.01913488371698829,False
5004,0.18622448650952744,0.16860587232993873,0.01893223628311142,True,0.16941389364453852,0.01889571043484046,True
5005,0.18622448650952744,0.175462131120248,0.01828599269474053,True,0.17616267086907683,0.01819970678832715,True
5006,0.18622448650952744,0.19432910710485163,0.018483515658085304,True,0.1936947039623006,0.018453202519409573,True
5007,0.18622448650952744,0.15831247220070005,0.018796837989836952,True,0.15770151657745896,0.01843408145216473,True
5008,0.18622448650952744,0.18351470658002145,0.018107820861455234,True,0.1839545989833884,0.01798760846019198,True
5009,0.18622448650952744,0.159256689080221,0.018482402167914216,True,0.15960255781181515,0.018222714471332644,True
5010,0.18622448650952744,0.14710748693774223,0.019123694285458744,False,0.14698776210951753,0.01893540982013943,False
5011,0.18622448650952744,0.18266120279747933,0.01850044898429138,True,0.18200093606194273,0.01820519962790038,True
5012,0.18622448650952744,0.1900646329262905,0.017942322557500837,True,0.1899289674671114,0.0178454384145745,True
5013,0.18622448650952744,0.16700943001732194,0.018257740208910828,True,0.16713827040762352,0.018159324229959722,True
5014,0.18622448650952744,0.19587081173848842,0.017863293797218148,True,0.19550658843259155,0.01772580535601926,True
5015,0.18622448650952744,0.1752006533872481,0.01813645624879078,True,0.1747274240622944,0.018027969448069003,True
5016,0.18622448650952744,0.20816533790636976,0.018309651675360646,True,0.2078923568127099,0.01821280802789523,True
5017,0.18622448650952744,0.18336216222195467,0.018669026365788884,True,0.18319269229200202,0.018646044690426314,True
5018,0.18622448650952744,0.16546617943749714,0.01837044227318174,True,0.166619981728293,0.018316168610126075,True
5019,0.18622448650952744,0.18621875112138164,0.01935900642905741,True,0.1862387173618602,0.01932238860311022,True
5020,0.18622448650952744,0.20275472811793455,0.018142054286322963,True,0.20263188143295624,0.01803132246033957,True
5021,0.18622448650952744,0.15796838063645136,0.01787901211293374,True,0.15729830709542997,0.017734364308228768,True
5022,0.18622448650952744,0.16134809495088892,0.01884070959907888,True,0.1606866779132351,0.01873134560206959,True
5023,0.18622448650952744,0.19243566239181398,0.018364782067513644,True,0.1918745016529952,0.01826451133741912,True
5024,0.18622448650952744,0.17575068067231375,0.017847427254388693,True,0.1759190402573506,0.017760431882155356,True
5025,0.18622448650952744,0.17491859797011444,0.018571938406757114,True,0.17389524047807126,0.01837717358450558,True
5026,0.18622448650952744,0.19354704968046055,0.01873496822661697,True,0.19373132143940508,0.018554693690845024,True
5027,0.18622448650952744,0.19132558748141026,0.018661721728525787,True,0.19192264684791843,0.0185535449295566,True
5028,0.18622448650952744,0.1824244716601276,0.01847558508158195,True,0.18424937218350185,0.01837707008968334,True
5029,0.18622448650952744,0.20962747968147294,0.01797146981882502,True,0.20940785361879127,0.017931050856842025,True
5030,0.18622448650952744,0.17295200278640493,0.018595011223274883,True,0.17398298328639888,0.018517092384108418,True
5031,0.18622448650952744,0.18936920521928152,0.01813092957886958,True,0.18973640947757897,0.018041919830989295,True
5032,0.18622448650952744,0.19011727096680953,0.01912498216486483,True,0.19122588220480874,0.018825413148546803,True
5033,0.18622448650952744,0.15003249562836407,0.017908794948885972,False,0.1508663078800349,0.01774356948209431,False
5034,0.18622448650952744,0.1906243272852985,0.01958606692009086,True,0.19156810405321856,0.019634434808945084,True
5035,0.18622448650952744,0.1658134281359902,0.0175179966313345,True,0.16506624206985604,0.0174399868914899,True
5036,0.18622448650952744,0.17547414005308964,0.01804861889546334,True,0.1761280192587552,0.017962627563406594,True
5037,0.18622448650952744,0.19662571447655502,0.01815875418368003,True,0.1962873661161807,0.0180279727324859,True
5038,0.18622448650952744,0.17540920688028522,0.01910901335353144,True,0.17445866681363525,0.018911813687715273,True
5039,0.18622448650952744,0.17263341803388843,0.018394719684351774,True,0.17124296402637534,0.018253794804378144,True
5040,0.18622448650952744,0.172360897109402,0.018397322963647423,True,0.17073738601430705,0.018317997887040846,True
5041,0.18622448650952744,0.1581077341134396,0.018037591966448576,True,0.15785217392534362,0.01793252657855815,True
5042,0.18622448650952744,0.16833103350044554,0.01800504349521748,True,0.16983918377102752,0.01795676156545709,True
5043,0.18622448650952744,0.19466196954853454,0.018397111601072633,True,0.19493150563003153,0.018220023292601854,True
5044,0.18622448650952744,0.19703082810175843,0.018792579124609365,True,0.1974002496482562,0.01868726496670271,True
5045,0.18622448650952744,0.18188509619459442,0.017800874003562624,True,0.1812542735050709,0.017729331981170573,True
5046,0.18622448650952744,0.19362888266055372,0.01792992517242527,True,0.19443648876859243,0.01787333314485023,True
5047,0.18622448650952744,0.18966053830559093,0.019423597314809127,True,0.18947468602720685,0.01921414978497284,True
5048,0.18622448650952744,0.17736407427040823,0.018192391749372497,True,0.1771709250520055,0.018093035973164414,True
5049,0.18622448650952744,0.19870170901023887,0.018409482186302624,True,0.19809283600292826,0.018238984178167876,True
5050,0.18622448650952744,0.13989785281911926,0.017616815135466226,False,0.14124823143470433,0.01751526240128897,False
5051,0.18622448650952744,0.16962298138716347,0.017552636060920942,True,0.16923094841608843,0.017467265387961322,True
5052,0.18622448650952744,0.1860864876695712,0.018213057641530375,True,0.18519039074561888,0.018118483648701084,True
5053,0.18622448650952744,0.195742212225463,0.018385614279772658,True,0.19667009480537018,0.018298719613146584,True
5054,0.18622448650952744,0.18111430314367039,0.01803261116098109,True,0.18133374848205958,0.017954134987463788,True
5055,0.18622448650952744,0.2039988028441111,0.018486557316928595,True,0.20416323013881021,0.0184426662997991,True
5056,0.18622448650952744,0.17252489344121524,0.017805666159827906,True,0.17321452995668712,0.01770058229757245,True
5057,0.18622448650952744,0.22717234809756537,0.018724611789674737,False,0.22806561689420357,0.01862330173219096,False
5058,0.18622448650952744,0.16483731861465628,0.01773953246804843,True,0.16424154069184854,0.01767605450205643,True
5059,0.18622448650952744,0.20753654894227136,0.023351199298158615,True,0.20948209438588228,0.023576416017209167,True
5060,0.18622448650952744,0.18904435291278243,0.019276370628640453,True,0.18933977164923893,0.019131301286845058,True
5061,0.18622448650952744,0.18457425900976904,0.018379433375423773,True,0.18461677119031694,0.018287806513249214,True
5062,0.18622448650952744,0.17287304113003293,0.018486943780671915,True,0.17233715295696206,0.018317940819128697,True
5063,0.18622448650952744,0.20415991598423844,0.018238488299274786,True,0.20497245403750936,0.018182274378395487,True
5064,0.18622448650952744,0.18996658710452596,0.017763854064240688,True,0.1907898545319796,0.017592639778856733,True
5065,0.18622448650952744,0.19308317386268709,0.018106124085427874,True,0.19387689334440106,0.018022426157244545,True
5066,0.18622448650952744,0.2004336032958779,0.018256431902438298,True,0.20056659806210153,0.018117168794670933,True
5067,0.18622448650952744,0.19884917919385098,0.01797651393778084,True,0.19810814473791238,0.017879660911185976,True
5068,0.18622448650952744,0.17995491523915658,0.018180937379021163,True,0.17903243464265917,0.01800267653992823,True
5069,0.18622448650952744,0.1610845932010389,0.017946796736938938,True,0.1599576678996042,0.017773477782238024,True
5070,0.18622448650952744,0.21643972765874075,0.01827885511755264,True,0.21522015309849318,0.018195973069962797,True
5071,0.18622448650952744,0.1859764005994501,0.018802624686063855,True,0.1854559198568348,0.018695877326990573,True
5072,0.18622448650952744,0.1792668301406216,0.018129347439864905,True,0.17922251524108163,0.018073524097522074,True
5073,0.18622448650952744,0.18420148409991377,0.018237058250946313,True,0.18367883569633237,0.018148011645325406,True
5074,0.18622448650952744,0.20399966928044305,0.019062692030912244,True,0.20436636173090633,0.019049968101517253,True
5075,0.18622448650952744,0.18208191615822417,0.017711382640017523,True,0.1859916213023035,0.017577705803614254,True
5076,0.18622448650952744,0.17824194341402938,0.017807522435552284,True,0.17963328089798697,0.01769242457889716,True
5077,0.18622448650952744,0.20977790641645427,0.018456188839133206,True,0.2087383586238804,0.01837954222116881,True
5078,0.18622448650952744,0.21347698185749087,0.0180222555213005,True,0.21376067576442326,0.017952607392229317,True
5079,0.18622448650952744,0.178032086785874,0.018162545816314712,True,0.17892747780670454,0.018110706434499985,True
5080,0.18622448650952744,0.1843617007416799,0.018040067911842414,True,0.18376145899311253,0.017962147779099918,True
5081,0.18622448650952744,0.1846199727713545,0.018372351469753422,True,0.18429270889089416,0.01827189432366704,True
5082,0.18622448650952744,0.17785755702736578,0.01836539991633867,True,0.17821725883038436,0.018225462638482785,True
5083,0.18622448650952744,0.21795277334288615,0.01909982213559148,True,0.21808692823007914,0.019125512114792288,True
5084,0.18622448650952744,0.212340737533536,0.01860637664506054,True,0.21314888012755995,0.01854057062605774,True
5085,0.18622448650952744,0.19689173085798373,0.01831204445245168,True,0.19524989004386073,0.01808796326337688,True
5086,0.18622448650952744,0.17043187982912056,0.017669843273482182,True,0.17103267096681912,0.017557977465602597,True
5087,0.18622448650952744,0.17564817742894784,0.019162949754467657,True,0.1760633818507079,0.01905348000333068,True
5088,0.18622448650952744,0.1729791478098605,0.01797395083524166,True,0.1739662890508124,0.017910541017529244,True
5089,0.18622448650952744,0.15641355496925818,0.01840472523430239,True,0.1576157316644784,0.018293628380879355,True
5090,0.18622448650952744,0.15090259822557806,0.018290976333480792,True,0.15020888580479663,0.018186702427979696,False
5091,0.18622448650952744,0.17665238173912923,0.01799961054622549,True,0.17560340865329416,0.01790549945845339,True
5092,0.18622448650952744,0.17628527159288643,0.018019947682702753,True,0.175034289637799,0.01793916597126458,True
5093,0.18622448650952744,0.19219649453323023,0.01833070586336692,True,0.19042312279068785,0.01822093402091472,True
5094,0.18622448650952744,0.2177530457865094,0.01842496641429946,True,0.2190036034445409,0.01818758246929179,True
5095,0.18622448650952744,0.18153424068685053,0.018964302296450637,True,0.18144320593288815,0.018894342964958278,True
5096,0.18622448650952744,0.18209630806928528,0.018724093237250775,True,0.18168290467727033,0.01857358633026975,True
5097,0.18622448650952744,0.19934596078706995,0.017905057518089927,True,0.19894457674062876,0.017816195525162337,True
5098,0.18622448650952744,0.20526360770662333,0.018453675273510276,True,0.2058840132623848,0.018389661294736456,True
5099,0.18622448650952744,0.19971780273302076,0.018431844558582267,True,0.2006390047666255,0.018322370546467164,True
5100,0.18622448650952744,0.1852297329200735,0.018109079260394245,True,0.1863367898479546,0.018053544450627335,True
5101,0.18622448650952744,0.16855806899688913,0.01763150783322378,True,0.16724021895049007,0.01756860156965058,True
5102,0.18622448650952744,0.1493456366483928,0.018263557941410716,False,0.14807931017265513,0.01809255498870256,False
5103,0.18622448650952744,0.21160175228909328,0.01847919233467018,True,0.21175915245720617,0.0182376435123749,True
5104,0.18622448650952744,0.17615367077913102,0.01800836471078866,True,0.17688232062535214,0.017946094632473632,True
5105,0.18622448650952744,0.2082844293220098,0.01844820701540721,True,0.20784719542318242,0.018291498409146074,True
5106,0.18622448650952744,0.23154834008026826,0.018388196191994815,False,0.23137497946679098,0.018228277291794766,False
5107,0.18622448650952744,0.20833359620032743,0.019205451938294798,True,0.2082938134967171,0.01910240709179632,True
5108,0.18622448650952744,0.1794164837339014,0.018275937346738894,True,0.17985383558093848,0.018184110557842338,True
5109,0.18622448650952744,0.1457596384966115,0.01837263415020519,False,0.14581565044486605,0.018243903638312565,False
5110,0.18622448650952744,0.19618653424355936,0.019643702432560736,True,0.19618254573238741,0.019374297077188806,True
5111,0.18622448650952744,0.18299534961011388,0.017604699773956622,True,0.18188550409175658,0.017513408881029095,True
5112,0.18622448650952744,0.1990299491975865,0.01839654848251964,True,0.19831515943261335,0.018247016234839375,True
5113,0.18622448650952744,0.19125787594159616,0.019095350911350267,True,0.18971452422901347,0.018982825277990487,True
5114,0.18622448650952744,0.16473841900847697,0.018130831488211506,True,0.16363451218492797,0.01802204588998303,True
5115,0.18622448650952744,0.1572502635050061,0.01768659400443823,True,0.15644998530277032,0.01759192451097323,True
5116,0.18622448650952744,0.15994664149058013,0.01782214160741567,True,0.1600777625003995,0.017752793277877637,True
5117,0.18622448650952744,0.16596850382844136,0.018107944538371102,True,0.16527694278717653,0.01796517967523443,True
5118,0.18622448650952744,0.17531668737071632,0.018682577180571456,True,0.17467087794442443,0.018623304077748436,True
5119,0.18622448650952744,0.1603846718455738,0.018304043944820707,True,0.16091052043063198,0.01831623968602487,True
5120,0.18622448650952744,0.16362904487130908,0.018454072063349397,True,0.16419795974663487,0.01830421316358108,True
5121,0.18622448650952744,0.21907326965062895,0.018561327747130693,True,0.22010008686036053,0.018440932052836152,True
5122,0.18622448650952744,0.15673053655251995,0.01791028150662814,True,0.15780352921338014,0.01784605184135208,True
5123,0.18622448650952744,0.16525913554637695,0.01891616019827421,True,0.16530552172020796,0.01876640424416781,True
5124,0.18622448650952744,0.21799870486951378,0.01906700152836146,True,0.217863642630923,0.019092282620419128,True
5125,0.18622448650952744,0.17287466488406106,0.018341940251724382,True,0.17270356864383302,0.018298436015500637,True
5126,0.18622448650952744,0.19416809941409463,0.018240189133408358,True,0.19399100510793688,0.018157666820803536,True
5127,0.18622448650952744,0.19448407578546129,0.01879713399437449,True,0.19496112579838626,0.018596413168684628,True
5128,0.18622448650952744,0.19967043248563127,0.018708673461362502,True,0.19995505214668707,0.018564707345020626,True
5129,0.18622448650952744,0.16337130029111857,0.017965592109211944,True,0.16343781543741254,0.017836873322697483,True
5130,0.18622448650952744,0.1837047501830198,0.018415803677823642,True,0.18479932009328354,0.01824397703933792,True
5131,0.18622448650952744,0.18335720376927478,0.018027885216118943,True,0.18482301761487102,0.017929527194373168,True
5132,0.18622448650952744,0.19183034206353605,0.018200172215571877,True,0.19187445755371718,0.01809474370528036,True
5133,0.18622448650952744,0.19776161806260611,0.018926362808287408,True,0.19652640168566626,0.018744512984450918,True
5134,0.18622448650952744,0.17563927090649284,0.01833961089206978,True,0.17559293301184203,0.01818850617828693,True
5135,0.18622448650952744,0.2003179789297106,0.018576164554631024,True,0.20018835705537635,0.018483565828207878,True
5136,0.18622448650952744,0.1912841689513896,0.018611719838657975,True,0.19176379130911075,0.018717559350344207,True
5137,0.18622448650952744,0.1896363902383853,0.01852956263681286,True,0.18806349151977458,0.01844622393177161,True
5138,0.18622448650952744,0.20320842429243696,0.018121145694078113,True,0.20213573038215027,0.018051988399152764,True
5139,0.18622448650952744,0.2221094112500238,0.017672519226658384,False,0.22220977542119508,0.017589785185315718,False
5140,0.18622448650952744,0.17588131180477284,0.018050287476868307,True,0.17631591738516805,0.017947130228153415,True
5141,0.18622448650952744,0.2201548789384502,0.019805301302998065,True,0.2192958081780902,0.019596037671900067,True
5142,0.18622448650952744,0.18829103891771098,0.019599987262754553,True,0.18905540501553786,0.01953577524950873,True
5143,0.18622448650952744,0.19336814606874597,0.017934801502118215,True,0.19287761014827365,0.017888636115470063,True
5144,0.18622448650952744,0.17932948559074474,0.017889925941917004,True,0.17946145215879356,0.01777628796657945,True
5145,0.18622448650952744,0.20475061498969632,0.019667051993358674,True,0.20605093234735283,0.01947046815694402,True
5146,0.18622448650952744,0.1765839892724279,0.017888688558090546,True,0.1774320822575985,0.017784328512689435,True
5147,0.18622448650952744,0.19205627161668487,0.018673466553866012,True,0.19291732373319642,0.018598991448903337,True
5148,0.18622448650952744,0.16684061349517265,0.017556672862135338,True,0.167255204620405,0.017488736117142335,True
5149,0.18622448650952744,0.19624724761940687,0.018347312630461785,True,0.19759177782579596,0.018275840376988196,True
5150,0.18622448650952744,0.2170159814005993,0.019069797554491254,True,0.21791866977829677,0.018923844527758714,True
5151,0.18622448650952744,0.18492375809862627,0.01912147551616075,True,0.18500989822712116,0.019035576633293895,True
5152,0.18622448650952744,0.19519353223526098,0.01868508803026038,True,0.19523374551123057,0.018566046044520487,True
5153,0.18622448650952744,0.1684455678740127,0.017892419544786046,True,0.169837875671439,0.017792210889117456,True
5154,0.18622448650952744,0.19240519251068477,0.01844500462136114,True,0.19246265132006446,0.01831582800240185,True
5155,0.18622448650952744,0.20238697952779106,0.019022276810258486,True,0.20141041213374805,0.018989031164953624,True
5156,0.18622448650952744,0.16132689168213749,0.018145227591312204,True,0.16136801830510017,0.018043248870663713,True
5157,0.18622448650952744,0.20084496549205244,0.01737065238044788,True,0.20116254981932663,0.01730592842735256,True
5158,0.18622448650952744,0.16992854012352765,0.020095363286035107,True,0.17104918903829036,0.02014183383402401,True
5159,0.18622448650952744,0.17062692466019297,0.01856891598547146,True,0.17056311522062662,0.018522934153144245,True
5160,0.18622448650952744,0.2270886175772473,0.01796533419667028,False,0.22782291707021718,0.017876672194435336,False
5161,0.18622448650952744,0.21268685760548806,0.018146635604801304,True,0.2134289445753943,0.01800862549543434,True
5162,0.18622448650952744,0.17913906202400653,0.0192750874420934,True,0.1796103628125567,0.01920477916636118,True
5163,0.18622448650952744,0.18400263291669255,0.017975637491304604,True,0.1836766249259862,0.017777234015200132,True
5164,0.18622448650952744,0.17486758207479697,0.01776323220661127,True,0.1750658066527278,0.017736378532061912,True
5165,0.18622448650952744,0.18097096923040323,0.01834570628133746,True,0.18220299776879434,0.018301218218708903,True
5166,0.18622448650952744,0.17908782640457338,0.017983483475216614,True,0.17842404264356515,0.017887263529739614,True
5167,0.18622448650952744,0.1949299862948271,0.018555146772138403,True,0.19511169725619376,0.018477095619374932,True
5168,0.18622448650952744,0.1798487353007217,0.01822803316685981,True,0.17920210300495537,0.018129260952435274,True
5169,0.18622448650952744,0.20055619105336747,0.01855660060124498,True,0.2006083616380232,0.018383872105930614,True
5170,0.18622448650952744,0.22594174815267992,0.017786358314923346,False,0.2256649059253092,0.017761828688868754,False
5171,0.18622448650952744,0.19671247805230735,0.01834208326011698,True,0.19644228806376407,0.018142737044841314,True
5172,0.18622448650952744,0.1975399627991476,0.018405888988880244,True,0.1960387943462028,0.018298352631966445,True
5173,0.18622448650952744,0.17247552806184502,0.018190965601893736,True,0.1736361860068123,0.01810415824277553,True
5174,0.18622448650952744,0.16684779002830957,0.02091704874363785,True,0.16677920252223066,0.020595653136745964,True
5175,0.18622448650952744,0.17319190568220205,0.018192375572125764,True,0.17321610183721609,0.018019662863665513,True
5176,0.18622448650952744,0.19631280411975394,0.018722442748612574,True,0.19611542015473932,0.01870222986957598,True
5177,0.18622448650952744,0.18096124869025382,0.01894822115087785,True,0.18204315221382966,0.018827499951267757,True
5178,0.18622448650952744,0.18798273014880412,0.018119341508012317,True,0.18817096811504097,0.018051978598002692,True
5179,0.18622448650952744,0.1708290052230393,0.018160032067335366,True,0.16955883289763396,0.018040780770535635,True
5180,0.18622448650952744,0.16510223969287724,0.01878113774788042,True,0.16604473026796862,0.018641401142167696,True
5181,0.18622448650952744,0.15934815044743894,0.01905763707252497,True,0.15830865384350007,0.01882734755110666,True
5182,0.18622448650952744,0.15840502025346015,0.01899055896660559,True,0.1581843434199935,0.018877401264611498,True
5183,0.18622448650952744,0.21191496043961672,0.019084813169691725,True,0.21139922784386328,0.018801044584900464,True
5184,0.18622448650952744,0.19120401809660187,0.01843537385026308,True,0.19094508981408703,0.018213746260801827,True
5185,0.18622448650952744,0.17429553431497774,0.018892602381220484,True,0.17606715806662898,0.018796447628251736,True
5186,0.18622448650952744,0.17149119022888515,0.017528843537262025,True,0.17249955579870757,0.017411747317816785,True
5187,0.18622448650952744,0.18340301115827468,0.01870635694969237,True,0.18375537961274024,0.018610341256469404,True
5188,0.18622448650952744,0.1914794480754426,0.018266806410968135,True,0.19051887210976648,0.01818480406464155,True
5189,0.18622448650952744,0.17729239304254502,0.017618389382909237,True,0.1779236064300468,0.017506591755533766,True
5190,0.18622448650952744,0.21236162389914076,0.018394445218269453,True,0.21233551742067863,0.01831766442335877,True
5191,0.18622448650952744,0.1969279178917468,0.01840412601738384,True,0.19757184273966794,0.018284005578976307,True
5192,0.18622448650952744,0.20376114651665406,0.0181529451570818,True,0.20008255521643004,0.017984011642581163,True
5193,0.18622448650952744,0.16363117979185565,0.018047346497220135,True,0.1646902641497835,0.017948355959009506,True
5194,0.18622448650952744,0.17899000876440607,0.018748948832488184,True,0.17762807885674992,0.018353904064521465,True
5195,0.18622448650952744,0.19025194764515857,0.01805759648688917,True,0.18954068026559756,0.01797574904703933,True
5196,0.18622448650952744,0.17883698741984944,0.01792623662840635,True,0.17967386255853185,0.017800627345444478,True
5197,0.18622448650952744,0.23018904394305434,0.01906197475813687,False,0.23162155013893704,0.01898369681424578,False
5198,0.18622448650952744,0.20125092502096176,0.018808197111892543,True,0.20176772811273092,0.018724412283119718,True
5199,0.18622448650952744,0.1501581511752793,0.018633753132262423,True,0.15005349185004319,0.018499074303948124,True
5200,0.18622448650952744,0.20692787531616297,0.019479656977659396,True,0.20548907521585535,0.01916823685705048,True
5201,0.18622448650952744,0.18497026019692897,0.019075923160228977,True,0.18528756571114707,0.019043373692383278,True
5202,0.18622448650952744,0.17778471068346097,0.017969049978374094,True,0.17815347356075034,0.01788037663710283,True
5203,0.18622448650952744,0.172701249674871,0.018389027686412793,True,0.17205202931254077,0.018138299612844477,True
5204,0.18622448650952744,0.18104097643328393,0.01897622437244417,True,0.18038649195377732,0.018747996377502626,True
5205,0.18622448650952744,0.18243221615985705,0.01789145746937377,True,0.1819350040464835,0.017744117714941523,True
5206,0.18622448650952744,0.17622133818005475,0.018238307394347206,True,0.1755069482760402,0.018120694094365578,True
5207,0.18622448650952744,0.2301210414799394,0.018984989516937528,False,0.23047421104717614,0.018912869411021008,False
5208,0.18622448650952744,0.17436159066771612,0.018443434359442692,True,0.17568113505993482,0.01832821672123175,True
5209,0.18622448650952744,0.15279836382157097,0.018234812438060157,True,0.1532320715236774,0.018168865592532193,True
5210,0.18622448650952744,0.2031163442664527,0.01904699608484375,True,0.2022954782341348,0.018977144587400692,True
5211,0.18622448650952744,0.2097049920104429,0.01883598671076065,True,0.20882991206843377,0.018638711985656704,True
5212,0.18622448650952744,0.1700849524290029,0.01795383881826719,True,0.16879227319353696,0.01783298678282874,True
5213,0.18622448650952744,0.18112832405649054,0.01835555485455942,True,0.18167431750395419,0.018229267089612932,True
5214,0.18622448650952744,0.18795732579967028,0.01780648034982318,True,0.18791231608316544,0.017748744793971608,True
5215,0.18622448650952744,0.20624622590334646,0.01846103663671431,True,0.20642293819392427,0.018271480706500268,True
5216,0.18622448650952744,0.1778336298206789,0.018806903672140454,True,0.17697351924007176,0.018728290870116144,True
5217,0.18622448650952744,0.18341269650772152,0.018218389696537628,True,0.1836709797580396,0.01812123272942568,True
5218,0.18622448650952744,0.18313004442091618,0.017814173170993368,True,0.18254733989864835,0.01773204049530781,True
5219,0.18622448650952744,0.1837820873666033,0.017844375097481442,True,0.18343768086157453,0.01776408055895818,True
5220,0.18622448650952744,0.17918352909444035,0.017581087912976485,True,0.17849976413926644,0.01749227022302542,True
5221,0.18622448650952744,0.16800714247515086,0.018512270398644008,True,0.1679410732489225,0.018487308793300745,True
5222,0.18622448650952744,0.20325102325970545,0.0181953464433626,True,0.20338634595942146,0.018095682337885013,True
5223,0.18622448650952744,0.19818376202091187,0.019133889079844476,True,0.19884062993300022,0.019108906921331485,True
5224,0.18622448650952744,0.19181948428260803,0.018413277802298178,True,0.1918535055248447,0.01828195261151422,True
5225,0.18622448650952744,0.21567877744979036,0.01827160360498015,True,0.21698861799021435,0.018168434841939182,True
5226,0.18622448650952744,0.1913007807266478,0.019394579350721138,True,0.19131075329035802,0.019138851168862995,True
5227,0.18622448650952744,0.19315764501442595,0.01854931872498324,True,0.1927202404371054,0.01849570050417554,True
5228,0.18622448650952744,0.1534371235590618,0.018443877466373267,True,0.15548273156531134,0.018401003551317033,True
5229,0.18622448650952744,0.1616912002812222,0.018996089438095106,True,0.16380850683843978,0.018933383913522377,True
5230,0.18622448650952744,0.21019171507609086,0.018511615809197413,True,0.2103596064990637,0.01842938363265359,True
5231,0.18622448650952744,0.2059294899323741,0.017721086648994404,True,0.2058241166082168,0.017606000344165967,True
5232,0.18622448650952744,0.19455435882054506,0.0200663992302388,True,0.19587646302564476,0.01980612999428788,True
5233,0.18622448650952744,0.16673015437209354,0.01846176600890111,True,0.16551621091891172,0.018312158564105535,True
5234,0.18622448650952744,0.16265947175711876,0.018286396080029608,True,0.16102398431937293,0.01810073611219628,True
5235,0.18622448650952744,0.2065102213737987,0.018694810583229582,True,0.20821046483020172,0.01862134168380212,True
5236,0.18622448650952744,0.1919529056018786,0.018726064174248488,True,0.19119374857037147,0.01865158996389747,True
5237,0.18622448650952744,0.1547677354023153,0.018255539322191833,True,0.1566806731198357,0.018133458302355562,True
5238,0.18622448650952744,0.17534162924112978,0.0175163707906727,True,0.1760108301723894,0.017390051093725406,True
5239,0.18622448650952744,0.16421369531695662,0.01787612649025082,True,0.1637495767615605,0.017781525454318284,True
5240,0.18622448650952744,0.20146367357736406,0.018252181996286646,True,0.20081791331753024,0.018207641278612775,True
5241,0.18622448650952744,0.1537840392354135,0.017944287129661788,True,0.15474374113207684,0.017909550233359387,True
5242,0.18622448650952744,0.14742354205304298,0.018695870348901543,False,0.14797124159683506,0.018676572774336788,False
5243,0.18622448650952744,0.19742847494176446,0.018199655648777253,True,0.19680355895304524,0.01810375872445477,True
5244,0.18622448650952744,0.17311013268250208,0.018370425151021667,True,0.17351728309734166,0.018323123729806844,True
5245,0.18622448650952744,0.2033292155310682,0.018028149587672765,True,0.20312407593819987,0.017790328527018607,True
5246,0.18622448650952744,0.21207813454335844,0.018240713716736908,True,0.2125263645447914,0.018165619534508064,True
5247,0.18622448650952744,0.16106900879210972,0.018207002811723084,True,0.16164422191926364,0.018139582984554013,True
5248,0.18622448650952744,0.18121321591322925,0.017950982712543074,True,0.1828744312218336,0.01783645738415586,True
5249,0.18622448650952744,0.1715240364817039,0.018426441623378528,True,0.17200596337033952,0.018390597827523655,True
5250,0.18622448650952744,0.1871763910213648,0.022810223896878788,True,0.18664346448666919,0.021597297962303533,True
5251,0.18622448650952744,0.17052587740439468,0.017947567786380025,True,0.17175382226330677,0.017849692136087655,True
5252,0.18622448650952744,0.19464741381057998,0.018502782344215814,True,0.19459082812824502,0.018463207818347673,True
5253,0.18622448650952744,0.17341295556270475,0.017844908596279428,True,0.17377831874265093,0.017775126249681403,True
5254,0.18622448650952744,0.23370801390522283,0.01841319036391159,False,0.23307681957955012,0.018354222215890982,False
5255,0.18622448650952744,0.21410441470125796,0.01799525163468287,True,0.21396625978725425,0.017865275210649904,True
5256,0.18622448650952744,0.18637425466098,0.020073210956326238,True,0.18710551551320043,0.01994073018201603,True
5257,0.18622448650952744,0.17184623155132067,0.01773031309327455,True,0.17198779255582441,0.017655016281154057,True
5258,0.18622448650952744,0.1830351043813519,0.017919986511497246,True,0.1841117089884955,0.01781835177242976,True
5259,0.18622448650952744,0.16772872731751298,0.017794191237080755,True,0.1674083275283197,0.017699763038173343,True
5260,0.18622448650952744,0.17847202971605447,0.018267517584172086,True,0.17701772703366514,0.018187725236154077,True
5261,0.18622448650952744,0.18069638612393374,0.017791474293710894,True,0.18132024894986787,0.01772851129828019,True
5262,0.18622448650952744,0.19761299823686612,0.018186215580280777,True,0.19718032033214755,0.01805474763597241,True
5263,0.18622448650952744,0.14688669700937407,0.01800423111150198,False,0.14760981227808306,0.017947330136792925,False
5264,0.18622448650952744,0.19695497987699073,0.01853225418447158,True,0.1958849089957725,0.01842844081174836,True
5265,0.18622448650952744,0.17040946869584622,0.017629803675618783,True,0.16968584782236507,0.017558631121789955,True
5266,0.18622448650952744,0.18345561381820663,0.018080406262341704,True,0.18394758521875237,0.01803142099988968,True
5267,0.18622448650952744,0.21270266612390254,0.018730203701882303,True,0.21328429155522133,0.018578238855936735,True
5268,0.18622448650952744,0.2331616814092271,0.019285373794142545,False,0.23464117965082382,0.01909438555408615,False
5269,0.18622448650952744,0.16590239939959384,0.01875786316141516,True,0.16618381198686777,0.018697573659166137,True
5270,0.18622448650952744,0.1778390902350409,0.01775700356064518,True,0.1782711881922796,0.017705195335688248,True
5271,0.18622448650952744,0.17289824404239262,0.01856562458456176,True,0.17225559085954883,0.018443773934322876,True
5272,0.18622448650952744,0.22357185815915148,0.01864669551181757,False,0.2220955883956045,0.01847230478355475,True
5273,0.18622448650952744,0.1796989356873342,0.018377964355159357,True,0.18123947134968194,0.018244234762600862,True
5274,0.18622448650952744,0.18734123032659433,0.01800148219826569,True,0.18809666136951336,0.0179087430955805,True
5275,0.18622448650952744,0.20329965423596602,0.018801982623780838,True,0.20223611934343333,0.01853912016479229,True
5276,0.18622448650952744,0.19737987497728715,0.018302232401657233,True,0.19799203395609677,0.01821955300472132,True
5277,0.18622448650952744,0.178022419239102,0.017676880113245176,True,0.17929535020318033,0.017636552846072875,True
5278,0.18622448650952744,0.23077205301808046,0.018792640918595314,False,0.2308568885299589,0.018770200575988737,False
5279,0.18622448650952744,0.20555886467667628,0.01830806300873519,True,0.2062127030138074,0.018261398379412257,True
5280,0.18622448650952744,0.19090623964830156,0.01790751154515888,True,0.19125884307869156,0.01773683864336781,True
5281,0.18622448650952744,0.17553704161952355,0.01781801088634983,True,0.17468332862144564,0.017704333465937548,True
5282,0.18622448650952744,0.1993211199992556,0.018570019294720398,True,0.19791038762947116,0.01843613477856197,True
5283,0.18622448650952744,0.2103597414532019,0.01896632017527963,True,0.21097688148202354,0.018834585597888788,True
5284,0.18622448650952744,0.18927384563790667,0.018179906200109335,True,0.18799972344720073,0.01794792661210661,True
5285,0.18622448650952744,0.2008339241789332,0.018452150663062585,True,0.19966408840862238,0.01830430228169433,True
5286,0.18622448650952744,0.16637191979891736,0.01844019621362069,True,0.16663089242571882,0.018044435159842536,True
5287,0.18622448650952744,0.1997009683229254,0.01892153412157891,True,0.20004708187061498,0.018968431306948495,True
5288,0.18622448650952744,0.1827955974010348,0.017967948382730692,True,0.18372398493612463,0.01776292409516153,True
5289,0.18622448650952744,0.1753125158048754,0.018008884544420418,True,0.17643949542594983,0.017875290257841833,True
5290,0.18622448650952744,0.20793294380466476,0.019261023783158072,True,0.20869375063041506,0.01902296689108791,True
5291,0.18622448650952744,0.18340837914293023,0.01877098615711606,True,0.18377679454115003,0.018727844503557366,True
5292,0.18622448650952744,0.1882495241468528,0.019108132505715872,True,0.18843412647388863,0.018974442291371074,True
5293,0.18622448650952744,0.18928765279582932,0.019531451874933693,True,0.1890069521411294,0.019263314726879175,True
5294,0.18622448650952744,0.19564910069875258,0.017725523614306994,True,0.19570726487546614,0.01766335942521382,True
5295,0.18622448650952744,0.171061840518073,0.017968326385648235,True,0.17109622766352578,0.01788396340654224,True
5296,0.18622448650952744,0.181298372929052,0.017981607489038313,True,0.18228971302264035,0.01787428126814987,True
5297,0.18622448650952744,0.18160295183450614,0.017903758946845847,True,0.18048367632794282,0.017743414945427163,True
5298,0.18622448650952744,0.18155191850802188,0.018013315512725146,True,0.181262842851653,0.017940125208078438,True
5299,0.18622448650952744,0.17692232911061245,0.01786017912957765,True,0.1777117579018725,0.017795313690403543,True
5300,0.18622448650952744,0.18685155657736002,0.017919782596756955,True,0.18635988775808854,0.01780289841048038,True
5301,0.18622448650952744,0.21563345571014997,0.018371101679562452,True,0.21615611445306704,0.018286909126030995,True
5302,0.18622448650952744,0.12452524170056978,0.018133619359361617,False,0.1241115328528718,0.01803098651048516,False
5303,0.18622448650952744,0.1601186876026907,0.01798125394903885,True,0.16105448104058612,0.01789609658697959,True
5304,0.18622448650952744,0.17666939664395753,0.018377014463533087,True,0.1759565102858312,0.018226460696940415,True
5305,0.18622448650952744,0.1672390941944084,0.018208659294030292,True,0.16635188025569414,0.01805737151918098,True
5306,0.18622448650952744,0.17773134195505275,0.01848793547633779,True,0.17702351104362135,0.018358066731490246,True
5307,0.18622448650952744,0.1900275553246582,0.01829363459002413,True,0.18901736181869017,0.01824901573516651,True
5308,0.18622448650952744,0.20056420645257067,0.017770805701518386,True,0.2003747141132332,0.017699428901598167,True
5309,0.18622448650952744,0.1851617583113664,0.01847687810401726,True,0.18500407422735987,0.0182936885363887,True
5310,0.18622448650952744,0.20607973100811505,0.017789189639441576,True,0.20595115040862572,0.017721761784153276,True
5311,0.18622448650952744,0.21035606897103393,0.01764241867877298,True,0.2099246445329303,0.01753837965236387,True
5312,0.18622448650952744,0.16945142287954168,0.01786694506276517,True,0.17081129788575783,0.017779559689483325,True
5313,0.18622448650952744,0.1636450008982081,0.018050296345971918,True,0.16420838282035272,0.01804643454577928,True
5314,0.18622448650952744,0.18996984892989577,0.018102607986563064,True,0.19002564036345526,0.01795034912516204,True
5315,0.18622448650952744,0.20218349677990205,0.018481884054236886,True,0.2034551383655563,0.018416326326336635,True
5316,0.18622448650952744,0.1733036193650514,0.018357470916983865,True,0.17434922432792133,0.018212509817882264,True
5317,0.18622448650952744,0.2039713375735609,0.01866976552069888,True,0.20175602277892252,0.018470903795210467,True
5318,0.18622448650952744,0.17521840431621116,0.017935564802100727,True,0.17513351693124918,0.017866780212339717,True
5319,0.18622448650952744,0.19071859150010895,0.018497189064226864,True,0.19031950216533483,0.018399800040765888,True
5320,0.18622448650952744,0.1702710274716528,0.019077407187078146,True,0.17080726745042285,0.018913254582930677,True
5321,0.18622448650952744,0.18953806737529366,0.019350299167668027,True,0.18962039401270248,0.01915283536884536,True
5322,0.18622448650952744,0.1474420921682586,0.018476486177510895,False,0.1469101218302703,0.01843449600932978,False
5323,0.18622448650952744,0.18180692500180956,0.018057100279759375,True,0.18335158229520226,0.01794868655324684,True
5324,0.18622448650952744,0.19966356298525811,0.018436220611152476,True,0.1999018192545755,0.01833559169578652,True
5325,0.18622448650952744,0.20400965352732298,0.018343609994978402,True,0.20510243265081984,0.01816212806455499,True
5326,0.18622448650952744,0.21647728502992414,0.01881418404378885,True,0.2172576937996889,0.018691094837976673,True
5327,0.18622448650952744,0.18479075088441005,0.017967500097200204,True,0.18571606080711706,0.017923495318824395,True
5328,0.18622448650952744,0.17772453838501318,0.018417740413565527,True,0.17813520725776366,0.018374987062406273,True
5329,0.18622448650952744,0.23841962572780667,0.018169636976065027,False,0.23846030657907152,0.018100072979053364,False
5330,0.18622448650952744,0.1677088290517072,0.01836782372809065,True,0.16702661809514968,0.01824974150617993,True
5331,0.18622448650952744,0.169921438052891,0.018242462576558812,True,0.17233754261710305,0.018141815085944875,True
5332,0.18622448650952744,0.1928308366423936,0.01735881331927535,True,0.19264761117070228,0.017248757126221807,True
5333,0.18622448650952744,0.19973354911323166,0.01831303413603794,True,0.19980297332767522,0.01818344980230819,True
5334,0.18622448650952744,0.17586349330861212,0.01801237410799604,True,0.17529224987135783,0.017906379528477477,True
5335,0.18622448650952744,0.19717814089639496,0.018334232860634646,True,0.19655006166851163,0.01825505332586425,True
5336,0.18622448650952744,0.17014013958059226,0.017829690324155194,True,0.16920307774553944,0.01773432031973813,True
5337,0.18622448650952744,0.1790159006999848,0.01908909956161662,True,0.1789694058554689,0.018795165376590324,True
5338,0.18622448650952744,0.16895114576576037,0.017985961905013274,True,0.1689971307323721,0.017920363784107732,True
5339,0.18622448650952744,0.20543539373801928,0.018035590534864164,True,0.20530733675983626,0.017963705982044872,True
5340,0.18622448650952744,0.1703596528116138,0.0181037771530803,True,0.17074243601123118,0.018040784239916487,True
5341,0.18622448650952744,0.16885150703593338,0.01823767120740204,True,0.17043468964515057,0.018170004507872768,True
5342,0.18622448650952744,0.18282340984186202,0.01832272668807087,True,0.18329826589181852,0.018232347537203673,True
5343,0.18622448650952744,0.2040435198401362,0.018277353698494626,True,0.20514959664783222,0.018176118152300098,True
5344,0.18622448650952744,0.19013947492450184,0.018057707418747904,True,0.1904383011317296,0.017890653975920195,True
5345,0.18622448650952744,0.18394436807746672,0.01839934855098501,True,0.1827897729139798,0.018250533177070115,True
5346,0.18622448650952744,0.18062473901522225,0.01832254018742456,True,0.17981134765161116,0.0182055736111815,True
5347,0.18622448650952744,0.17107894555364106,0.018479775553088378,True,0.17139217827457154,0.01833522939313111,True
5348,0.18622448650952744,0.17339092367406078,0.018220977867624697,True,0.17298937368077544,0.018135256356305744,True
5349,0.18622448650952744,0.22227624660107637,0.018338504225552273,False,0.22320388770443644,0.01826322514640935,False
5350,0.18622448650952744,0.18322455466929655,0.017904932781794756,True,0.1844369658322273,0.017805913736515123,True
5351,0.18622448650952744,0.17966500134394275,0.01725352200173092,True,0.18042897693396953,0.01717773561850561,True
5352,0.18622448650952744,0.1667923037512523,0.018243156493376447,True,0.16604141320225657,0.018154651498461148,True
5353,0.18622448650952744,0.21615936735544283,0.018671865948667397,True,0.21770038623638627,0.018446961341261878,True
5354,0.18622448650952744,0.1859763064670099,0.018352750688572443,True,0.18629883331011032,0.018264463013421852,True
5355,0.18622448650952744,0.17638838051276723,0.017592997109236196,True,0.1771046505236188,0.01750842431780799,True
5356,0.18622448650952744,0.18289602408468308,0.019348936156656456,True,0.18257868136599764,0.01918764414087847,True
5357,0.18622448650952744,0.1772479591819333,0.018003586039657266,True,0.17686413760084002,0.01790452292339555,True
5358,0.18622448650952744,0.20790542159850117,0.018059717527445177,True,0.20894623826620146,0.01807155840721057,True
5359,0.18622448650952744,0.2131146310849683,0.018508745710432033,True,0.21334556474580685,0.018355922616867217,True
5360,0.18622448650952744,0.18643957244426967,0.018386603592478335,True,0.1877407190574792,0.018241220607660737,True
5361,0.18622448650952744,0.19760916764598357,0.01840126372166132,True,0.19802129368318777,0.01828806791276858,True
5362,0.18622448650952744,0.19749286923524156,0.018071024206896345,True,0.19695709084044866,0.017959608180675813,True
5363,0.18622448650952744,0.14205595813577732,0.018090384285017202,False,0.14199149604103328,0.018030553675650676,False
5364,0.18622448650952744,0.16688243958443666,0.018824653140957277,True,0.16545534846939913,0.018512244593727044,True
5365,0.18622448650952744,0.15685396605512536,0.019176943070763706,True,0.15715853148149006,0.019054306180587042,True
5366,0.18622448650952744,0.20606778575503532,0.019194671182952115,True,0.20580729152785526,0.01905030331261662,True
5367,0.18622448650952744,0.17136837524229032,0.01824846744968186,True,0.17271163568686881,0.01814155349576628,True
5368,0.18622448650952744,0.19980388351104955,0.01889673979953242,True,0.2001130052663051,0.018875273825528043,True
5369,0.18622448650952744,0.22830849850518836,0.018024370028268153,False,0.22741457061805376,0.017923375295449222,False
5370,0.18622448650952744,0.16798463422865867,0.01757059766477064,True,0.16822629070683848,0.017379247961782945,True
5371,0.18622448650952744,0.20916786263103954,0.019168532574708623,True,0.20939364601219118,0.019019105058710285,True
5372,0.18622448650952744,0.2155014281145175,0.018440913644240043,True,0.21550923963703117,0.018295659171578223,True
5373,0.18622448650952744,0.1989027911950672,0.01830700542422425,True,0.20015982536094928,0.018254820748370162,True
5374,0.18622448650952744,0.2270264564764145,0.018739448335421384,False,0.22620318915198595,0.01856865211154613,False
5375,0.18622448650952744,0.1927596701852941,0.0181512969945567,True,0.19397553620875785,0.018024613301646203,True
5376,0.18622448650952744,0.2141513838560286,0.01871264428304447,True,0.2147679896985743,0.01856625322326496,True
5377,0.18622448650952744,0.189736868006878,0.01869508015394123,True,0.1912108989713645,0.01855931644280075,True
5378,0.18622448650952744,0.19558531971606408,0.018047070907408456,True,0.1947169659552616,0.017964308118970804,True
5379,0.18622448650952744,0.17852405054353082,0.01797940687418979,True,0.179376162954691,0.017862892210568547,True
5380,0.18622448650952744,0.21812056962472964,0.018951303088477537,True,0.21840864870219562,0.018839930108462088,True
5381,0.18622448650952744,0.2102937821659812,0.019359161473222624,True,0.210168348700277,0.0193765258345954,True
5382,0.18622448650952744,0.15158347955334067,0.018384800571678316,True,0.15338778269151082,0.018261165471942058,True
5383,0.18622448650952744,0.1626958584123106,0.01782830010438298,True,0.16390369699699836,0.017713479361414586,True
5384,0.18622448650952744,0.18935013403262818,0.018137784590546362,True,0.18921866713426766,0.018024753059172133,True
5385,0.18622448650952744,0.17865402876939507,0.017902607602911198,True,0.17847078316772402,0.017755778732617578,True
5386,0.18622448650952744,0.22502623580147296,0.0190495969753322,False,0.22479158581513098,0.018925595203765366,False
5387,0.18622448650952744,0.172944388684742,0.018629628781141567,True,0.17119328628248193,0.018424669023488438,True
5388,0.18622448650952744,0.17709646466170154,0.01866338516293582,True,0.17691481120610397,0.018352058043167727,True
5389,0.18622448650952744,0.17035809974934502,0.018675720614382493,True,0.169845742323262,0.018591152582599187,True
5390,0.18622448650952744,0.15653686087004204,0.01910482470772872,True,0.15662137972009615,0.01892920090211765,True
5391,0.18622448650952744,0.14803466172530855,0.01735786922025036,False,0.14690351268758167,0.017283191136995554,False
5392,0.18622448650952744,0.19974018048591596,0.01765550111235767,True,0.2011215840681701,0.017611710938247083,True
5393,0.18622448650952744,0.22213941368910284,0.018134141585702312,False,0.2235060370596088,0.017991645173402942,False
5394,0.18622448650952744,0.15671467541484024,0.017887773878860157,True,0.15734858822684017,0.017821969830237514,True
5395,0.18622448650952744,0.20149889835352286,0.01824088762680617,True,0.20150142873238547,0.018223466510812455,True
5396,0.18622448650952744,0.19702626668665213,0.018556470458013105,True,0.19727150890953044,0.018440097387898913,True
5397,0.18622448650952744,0.22911286378204193,0.01863433118152608,False,0.2301905952180393,0.018549670315133434,False
5398,0.18622448650952744,0.18576825343970937,0.018474396947231804,True,0.18625668794270805,0.018408978825034512,True
5399,0.18622448650952744,0.15711886769940292,0.01765888466094841,True,0.15755586044354192,0.017635641187816183,True
5400,0.18622448650952744,0.13573848205294692,0.01718974388153386,False,0.13507219600222609,0.01712506189854435,False
5401,0.18622448650952744,0.18960764436850286,0.017656192068000714,True,0.19035606667064103,0.017556031709202828,True
5402,0.18622448650952744,0.17325147201358365,0.017960822456969148,True,0.17485990068453633,0.01789424361811389,True
5403,0.18622448650952744,0.175145914261928,0.01791876283229997,True,0.17490034672477783,0.017818066471600866,True
5404,0.18622448650952744,0.15568837412457442,0.019053945779937024,True,0.15519787959278614,0.01892940599514515,True
5405,0.18622448650952744,0.18454929511357354,0.018506087348719523,True,0.18569633045812495,0.018386446225671933,True
5406,0.18622448650952744,0.2119193898547564,0.019538839340992077,True,0.21169801093038954,0.01941753079326816,True
5407,0.18622448650952744,0.19816286870660788,0.01845424511664684,True,0.19751866378205418,0.018262034305061448,True
5408,0.18622448650952744,0.18726947116171822,0.01751525251130864,True,0.18704060158842117,0.017446396527692414,True
5409,0.18622448650952744,0.18384429809856567,0.018656584514802146,True,0.18317463167093062,0.018456008976420593,True
5410,0.18622448650952744,0.17702860486854272,0.017221687568778822,True,0.17779883459298812,0.01715056835272699,True
5411,0.18622448650952744,0.18199016211970787,0.017855004417773924,True,0.1813002316008206,0.017739958474423844,True
5412,0.18622448650952744,0.1749049958193532,0.01847555545261907,True,0.1747087876265646,0.01837983001794892,True
5413,0.18622448650952744,0.1905279380241942,0.01808038196488204,True,0.1887826436930659,0.017950096647787274,True
5414,0.18622448650952744,0.19802766989317505,0.01750245673803092,True,0.1969770574874498,0.017447880089976872,True
5415,0.18622448650952744,0.15481355944060915,0.017700412184959234,True,0.15458842665987738,0.017661745908561826,True
5416,0.18622448650952744,0.20530089516103006,0.018173459202004142,True,0.20607886064555053,0.018064153853793445,True
5417,0.18622448650952744,0.182843298472673,0.01859051524339099,True,0.18201402187635407,0.018482157358870183,True
5418,0.18622448650952744,0.19993814707520124,0.01824651996951592,True,0.20005295128502926,0.01808931711864495,True
5419,0.18622448650952744,0.16862466535268694,0.01797644946466858,True,0.16876185939567523,0.017889363696499346,True
5420,0.18622448650952744,0.18679387458244734,0.018831630104105896,True,0.18644910146318244,0.018686619738326415,True
5421,0.18622448650952744,0.20554369976073256,0.01988605471662781,True,0.2040619845065662,0.019664931981835436,True
5422,0.18622448650952744,0.2028303726639583,0.020782212036970362,True,0.20267030051663182,0.02070211914618994,True
5423,0.18622448650952744,0.19993134147603214,0.017727588241128852,True,0.2002689069371394,0.017649485809252054,True
5424,0.18622448650952744,0.22304324955064125,0.018270649398847143,False,0.22305270948533862,0.018095433242290793,False
5425,0.18622448650952744,0.19907089520628346,0.018607512992186437,True,0.1988876199538227,0.018540388517974026,True
5426,0.18622448650952744,0.15011029129739245,0.0185422218448146,True,0.14927451595834856,0.018347238810664874,False
5427,0.18622448650952744,0.16709183370197145,0.017720908022661335,True,0.16729049980460775,0.017688796711987073,True
5428,0.18622448650952744,0.2221715913313732,0.018834424920898606,True,0.221769838001658,0.018621538749398345,True
5429,0.18622448650952744,0.2276215898239683,0.01916493122112482,False,0.2275520465137189,0.019004886294537737,False
5430,0.18622448650952744,0.2002440246332895,0.01790753081716946,True,0.19982598650388722,0.01777957845320357,True
5431,0.18622448650952744,0.1940646736551418,0.01797300966850827,True,0.19375778708421126,0.017887889857129774,True
5432,0.18622448650952744,0.17045415562341443,0.01823988410459857,True,0.16866295686265914,0.018126063116481392,True
5433,0.18622448650952744,0.19232456697054623,0.019095427516939288,True,0.19105481259360585,0.01887638777355336,True
5434,0.18622448650952744,0.16487371464337242,0.018112085870675712,True,0.1654445295357198,0.018093720776989643,True
5435,0.18622448650952744,0.20640808833406554,0.01745922675180376,True,0.2053248925884003,0.017377390080626335,True
5436,0.18622448650952744,0.1977440404765638,0.019802201620384253,True,0.19787439377572003,0.019677129329301456,True
5437,0.18622448650952744,0.18193750298364675,0.017714020567369978,True,0.18242537099901035,0.017659937419303436,True
5438,0.18622448650952744,0.13862674179731083,0.018087923335298545,False,0.1403088158326004,0.01798122654874882,False
5439,0.18622448650952744,0.1950572578230787,0.018540324860927496,True,0.19446971215748265,0.0184602648051085,True
5440,0.18622448650952744,0.17658674535551294,0.018815529809905484,True,0.1783343599515339,0.01873298933207701,True
5441,0.18622448650952744,0.16828535789731236,0.017906671562664535,True,0.1686275821153197,0.017754763789172987,True
5442,0.18622448650952744,0.1868811001672473,0.01809581443909289,True,0.18683405194869956,0.018001633092128586,True
5443,0.18622448650952744,0.20491571935547603,0.017936685990664527,True,0.20435250082149864,0.01788174304656271,True
5444,0.18622448650952744,0.17117578413433948,0.01836317160930609,True,0.17117766914228066,0.01823168625174836,True
5445,0.18622448650952744,0.19321348812804273,0.017679073542294067,True,0.19405915217190678,0.017605106834188377,True
5446,0.18622448650952744,0.20451427635101455,0.020786407146485438,True,0.20183930992592442,0.020327051391553337,True
5447,0.18622448650952744,0.15415531075409655,0.017933052379652155,True,0.1548987588463031,0.01781198347877525,True
5448,0.18622448650952744,0.17873060887035946,0.02013120382055856,True,0.17677009002759414,0.019317188262513777,True
5449,0.18622448650952744,0.19806279430183782,0.0183842495659888,True,0.20023215432444863,0.018195806105447437,True
5450,0.18622448650952744,0.196751542635213,0.017597563149953168,True,0.1968658537664334,0.017540780982311006,True
5451,0.18622448650952744,0.2257848980408546,0.018826710505565693,False,0.22596290177282008,0.018667793655212362,False
5452,0.18622448650952744,0.20261588587499546,0.01772688588581719,True,0.20227659644917978,0.0175492986359257,True
5453,0.18622448650952744,0.20778582729376788,0.018687772080386463,True,0.2078860042311717,0.018630404202332654,True
5454,0.18622448650952744,0.2036717542533117,0.01786442653853858,True,0.20390289907810855,0.01776228588802487,True
5455,0.18622448650952744,0.14575988034377585,0.01791660983252196,False,0.14668382485215897,0.017820832776337996,False
5456,0.18622448650952744,0.2233052787697829,0.017970241527314704,False,0.22392561648695686,0.01789142499159634,False
5457,0.18622448650952744,0.16876610013336313,0.017617165825489736,True,0.16753215901134744,0.01751801794101601,True
5458,0.18622448650952744,0.18596045024063745,0.019177539745587207,True,0.18642412416416743,0.01910196083408049,True
5459,0.18622448650952744,0.15135320685316195,0.01756560467586922,False,0.15133996063349764,0.017512816614200944,False
5460,0.18622448650952744,0.2124922023135531,0.01852824451213356,True,0.21047011231825596,0.018343880604345386,True
5461,0.18622448650952744,0.1847365487430443,0.018655017048980628,True,0.18365450745770096,0.01852366549802342,True
5462,0.18622448650952744,0.17874200066907103,0.018417435780158052,True,0.17806992338138689,0.018288956288557486,True
5463,0.18622448650952744,0.18125196149070244,0.018481754967163443,True,0.1811972050957384,0.018361130479734446,True
5464,0.18622448650952744,0.2047076144793769,0.017969764093831733,True,0.20376514755816877,0.017824252789636435,True
5465,0.18622448650952744,0.17373915968254727,0.018082745183275656,True,0.17338562179434652,0.018003834388377816,True
5466,0.18622448650952744,0.21742210539955092,0.01768985836121196,True,0.217278344273242,0.017566138831236033,True
5467,0.18622448650952744,0.18021439167387487,0.017350939780052616,True,0.1813331340416025,0.017275019332439995,True
5468,0.18622448650952744,0.2108700025391142,0.019635874475545392,True,0.21138733521861897,0.019401900633849865,True
5469,0.18622448650952744,0.2093882022673645,0.018173131481834835,True,0.2102573664108866,0.018007989743567474,True
5470,0.18622448650952744,0.17249763955413516,0.018828792997832085,True,0.17206482480130075,0.018739503881618012,True
5471,0.18622448650952744,0.18756870788366448,0.018640009534632265,True,0.1891362447083172,0.018561678117567416,True
5472,0.18622448650952744,0.19234259129726577,0.017904126556091148,True,0.1921907352874498,0.017760615213410547,True
5473,0.18622448650952744,0.19939372245056203,0.018280428639342563,True,0.2002404454169241,0.018189135175320652,True
5474,0.18622448650952744,0.19732340383091673,0.01833727956754805,True,0.1954603478818875,0.018156741734228446,True
5475,0.18622448650952744,0.17306195820207904,0.01836588937957488,True,0.17238900026105564,0.018273013910479155,True
5476,0.18622448650952744,0.17880534106181661,0.018153330458809843,True,0.17850021374708352,0.018027969620934114,True
5477,0.18622448650952744,0.19567969606406138,0.0184232830478599,True,0.19685753017925672,0.018250352546232796,True
5478,0.18622448650952744,0.2166633329530897,0.018019287299697234,True,0.21782940822250596,0.01790440217734785,True
5479,0.18622448650952744,0.17822903298856468,0.01866631572448279,True,0.17760816349267305,0.018439638334927316,True
5480,0.18622448650952744,0.16420410710400574,0.01830213774015313,True,0.16356472267492456,0.018140734046832432,True
5481,0.18622448650952744,0.16046501193386625,0.017787750982222572,True,0.1605630681083588,0.017730467557067024,True
5482,0.18622448650952744,0.18307588196242158,0.01817161045164865,True,0.18339571377884267,0.018158593680366163,True
5483,0.18622448650952744,0.21464140200622273,0.018998743103319643,True,0.21527431422299032,0.0189208646275546,True
5484,0.18622448650952744,0.20274829567627906,0.01991392606010884,True,0.20209752328035968,0.01963816367882266,True
5485,0.18622448650952744,0.1991239947776247,0.01836549349042392,True,0.1996100469008844,0.018316140481000102,True
5486,0.18622448650952744,0.18767223225881363,0.01836621305684363,True,0.18781288050592598,0.018200534684135926,True
5487,0.18622448650952744,0.18794120844936024,0.018491575245463396,True,0.188806958543423,0.01836399392182371,True
5488,0.18622448650952744,0.1827847314747647,0.017938072876128662,True,0.1819819690249881,0.017790683159783365,True
5489,0.18622448650952744,0.1762181081271414,0.0189173352536608,True,0.17636834282688107,0.019005460987121213,True
5490,0.18622448650952744,0.17277164730095873,0.017885258461243284,True,0.17325897347031854,0.017828863751554857,True
5491,0.18622448650952744,0.18554871482533364,0.0186931741530883,True,0.18576686595535613,0.018573760684738837,True
5492,0.18622448650952744,0.17697505330708624,0.017627683258067496,True,0.17744706985097353,0.017599283451014462,True
5493,0.18622448650952744,0.18652840121529762,0.017574451469813585,True,0.186777951790162,0.017516551649953672,True
5494,0.18622448650952744,0.142363029575784,0.01830148383751816,False,0.1424358644919051,0.018157381461903856,False
5495,0.18622448650952744,0.1455395680059135,0.018609668579725323,False,0.14549594192784443,0.01857378546802421,False
5496,0.18622448650952744,0.19606970839305526,0.018953599512748172,True,0.19496703145022032,0.01885631711995971,True
5497,0.18622448650952744,0.17314522861353715,0.017378592688068212,True,0.17398366737948556,0.017304494776618707,True
5498,0.18622448650952744,0.2105384639727011,0.017889921790981835,True,0.21112109869983814,0.017800552416524583,True
5499,0.18622448650952744,0.18654425054274454,0.01835782825307282,True,0.18660350558326944,0.018187981576750233,True
5500,0.18622448650952744,0.17412611797396577,0.018084395390769864,True,0.17440737345598784,0.017994067694584826,True
5501,0.18622448650952744,0.18537862998767518,0.01814312995756401,True,0.186239921234446,0.018008635198564805,True
5502,0.18622448650952744,0.19487558729825166,0.019879704921738517,True,0.19455109195132075,0.019703382709915115,True
5503,0.18622448650952744,0.17606211526666543,0.018102746979922382,True,0.1751216744502747,0.018031147843592395,True
5504,0.18622448650952744,0.1967854363432614,0.018207566010862895,True,0.19778094250594996,0.018084613474529398,True
5505,0.18622448650952744,0.20465071077056035,0.020275712569218313,True,0.20361498947163698,0.01997698864688082,True
5506,0.18622448650952744,0.18091327740920204,0.018152299982597556,True,0.1799983914776077,0.018104891045198683,True
5507,0.18622448650952744,0.2122586581029633,0.01789766375968044,True,0.21181062380559224,0.017829248580460144,True
5508,0.18622448650952744,0.21642329287163248,0.018032758033188708,True,0.2164948777114754,0.01788950694061627,True
5509,0.18622448650952744,0.20875329723189645,0.018573800352571744,True,0.20878649392905807,0.018380338452904967,True
5510,0.18622448650952744,0.16452933196837655,0.019072435675927087,True,0.16458201321818616,0.018850868338752255,True
5511,0.18622448650952744,0.18162479303977236,0.019989423549912264,True,0.18210918325150277,0.019953563360698947,True
5512,0.18622448650952744,0.1632456093099009,0.018171784577787894,True,0.16392454729487915,0.01806902950560026,True
5513,0.18622448650952744,0.17816326141491456,0.018589374222951406,True,0.17798078953087365,0.018473508052946768,True
5514,0.18622448650952744,0.20085118907559563,0.017704424485310195,True,0.2012497481139911,0.017593018840314244,True
5515,0.18622448650952744,0.18742139543765401,0.0181364295253838,True,0.18713401313273814,0.018071904253140737,True
5516,0.18622448650952744,0.18338494444618808,0.01789366259812789,True,0.18356071366889237,0.0177716308849254,True
5517,0.18622448650952744,0.21417520712811122,0.018300999879808117,True,0.2143313831625508,0.018146167351341377,True
5518,0.18622448650952744,0.1859993995979155,0.018098457232539243,True,0.18513448660707904,0.01795402587462082,True
5519,0.18622448650952744,0.19253400234659113,0.018663342620400956,True,0.19386833869492975,0.01860423554909801,True
5520,0.18622448650952744,0.16399031156892213,0.018267916630707964,True,0.16471099579477133,0.018236780476089627,True
5521,0.18622448650952744,0.16841997049544583,0.018018531466894538,True,0.16923276325820202,0.017935733664534267,True
5522,0.18622448650952744,0.19665244458266823,0.018490452524378236,True,0.19712448382425668,0.01834021284993154,True
5523,0.18622448650952744,0.2258467773447399,0.018184080119513234,False,0.22580814506016367,0.01811832809314299,False
5524,0.18622448650952744,0.162400296873485,0.017813018325304453,True,0.16355773283846625,0.01772299399605635,True
5525,0.18622448650952744,0.1751491177259279,0.017722274875117013,True,0.1763250114304668,0.01756327578562046,True
5526,0.18622448650952744,0.1509300415889549,0.018171830531707456,True,0.14976666174478737,0.01806667403202448,False
5527,0.18622448650952744,0.15588645135605556,0.018087956304656823,True,0.15569678427788208,0.01792174226634684,True
5528,0.18622448650952744,0.17823407233917715,0.017814905433124206,True,0.17752656574778036,0.01770930511969766,True
5529,0.18622448650952744,0.1711747681927317,0.01800726780462719,True,0.17110559423191585,0.01791280606947174,True
5530,0.18622448650952744,0.1792873450298369,0.01822592223958961,True,0.1785953191507722,0.01812528132483162,True
5531,0.18622448650952744,0.17727919872084447,0.018932630129790694,True,0.1774765618510596,0.01876848664914801,True
5532,0.18622448650952744,0.21910946183746066,0.01828825734396244,True,0.22002181818253003,0.018243781552220124,True
5533,0.18622448650952744,0.21443825533286998,0.018211234539806068,True,0.2139098075353726,0.018085325315085523,True
5534,0.18622448650952744,0.17694988251920668,0.018133867125551303,True,0.1762702396440885,0.018039894809387332,True
5535,0.18622448650952744,0.1733920426913383,0.018704809669283003,True,0.17314632486470305,0.01850918494779423,True
5536,0.18622448650952744,0.15172838341584605,0.018170563845852333,True,0.15243971337903994,0.018092474559496873,True
5537,0.18622448650952744,0.1573471097350604,0.01773908128890889,True,0.15694518739311097,0.01767101746890088,True
5538,0.18622448650952744,0.17181477393339284,0.018130378112704258,True,0.1725309887994348,0.01798585322432681,True
5539,0.18622448650952744,0.1776546634847208,0.01987608842991336,True,0.17735118025747848,0.01955186066856531,True
5540,0.18622448650952744,0.18221139839181189,0.018342892483542365,True,0.1815772262095015,0.018231685896996006,True
5541,0.18622448650952744,0.16952254127558652,0.018294062066623727,True,0.1699214280970795,0.018146385498717492,True
5542,0.18622448650952744,0.16559776886615357,0.01800339012932033,True,0.16623677534973325,0.017895596708783972,True
5543,0.18622448650952744,0.17862732319417163,0.017750235821696457,True,0.1784815555953853,0.01768950409912325,True
5544,0.18622448650952744,0.15353049494500015,0.017856077592616062,True,0.15500684407376364,0.017776443002225573,True
5545,0.18622448650952744,0.17381465435072474,0.017953966203531416,True,0.17344444269998888,0.017815651886856444,True
5546,0.18622448650952744,0.1732203810561394,0.01754291574206532,True,0.17397735726991054,0.01747617569710507,True
5547,0.18622448650952744,0.20555740885636842,0.019174521559100863,True,0.20458605489901793,0.01898932000752514,True
5548,0.18622448650952744,0.18918035671168254,0.018937125595253186,True,0.18877096891957662,0.018866596574607847,True
5549,0.18622448650952744,0.1765593838517721,0.018412276124142972,True,0.17494982749199517,0.018225651667274648,True
5550,0.18622448650952744,0.19127512685710862,0.018082241957255586,True,0.1915449088640695,0.018033466026515503,True
5551,0.18622448650952744,0.20290936918013702,0.01830759693567723,True,0.2032334003675883,0.01814140405334826,True
5552,0.18622448650952744,0.16742693729137298,0.017964811456954888,True,0.16777315016289374,0.017855875689832133,True
5553,0.18622448650952744,0.1919956323773353,0.018600116274090545,True,0.1922092404996687,0.018431718995031068,True
5554,0.18622448650952744,0.15492489266219273,0.01781592406265326,True,0.15616222529624318,0.017775669895816432,True
5555,0.18622448650952744,0.18887673836976776,0.018558085672254292,True,0.18832873296677666,0.018504941730976974,True
5556,0.18622448650952744,0.20827657381346193,0.0183276546160734,True,0.20853848300650396,0.018154492420289544,True
5557,0.18622448650952744,0.18934961057519117,0.018598632301887474,True,0.18950227174126472,0.01846478654050879,True
5558,0.18622448650952744,0.18521020910704872,0.019012831557365054,True,0.18623942911636565,0.019074537665419895,True
5559,0.18622448650952744,0.16567819684077012,0.01779419632800725,True,0.16556561120119984,0.01770212083225057,True
5560,0.18622448650952744,0.2204627339409348,0.018408311477447207,True,0.22130566662443307,0.018332656077254508,True
5561,0.18622448650952744,0.15431073681556406,0.01861471592134253,True,0.15581073444037757,0.018649806317763407,True
5562,0.18622448650952744,0.19217996227534173,0.0182015770636785,True,0.19060895804261946,0.018064746445408373,True
5563,0.18622448650952744,0.18266396594496187,0.01805516198003205,True,0.18209695729033304,0.01798942665267036,True
5564,0.18622448650952744,0.17811889958246385,0.017944430594619077,True,0.177800120703265,0.01786768801312138,True
5565,0.18622448650952744,0.2053581625467915,0.017895215061273673,True,0.20523175002812255,0.017783513875020612,True
5566,0.18622448650952744,0.16276219116501378,0.01847540377548211,True,0.16300891073553286,0.018392863665971662,True
5567,0.18622448650952744,0.17852870051702657,0.018101733804289564,True,0.17830618599858028,0.018043931214392555,True
5568,0.18622448650952744,0.16812891644960043,0.01781389873603358,True,0.16867523394959544,0.017678020972765867,True
5569,0.18622448650952744,0.18059297596903062,0.018632525243882574,True,0.17960912757823272,0.018547862339770207,True
5570,0.18622448650952744,0.19874754911816894,0.020305672937346485,True,0.1994308367774929,0.020357507971852293,True
5571,0.18622448650952744,0.14527765292290906,0.017601801652504735,False,0.14602039448698212,0.017531896753026476,False
5572,0.18622448650952744,0.1885074010085644,0.01830569389424353,True,0.1878286500784463,0.018201038813902466,True
5573,0.18622448650952744,0.17026509989121763,0.017579649234191,True,0.17029779534812023,0.01747611894475231,True
5574,0.18622448650952744,0.1866620851904573,0.01936100842439218,True,0.18643062232979152,0.01925682627883673,True
5575,0.18622448650952744,0.17218622751705343,0.018482646631026587,True,0.17168669793080993,0.018266764968911872,True
5576,0.18622448650952744,0.18815017901394115,0.01810551119444941,True,0.18908340439534055,0.01805947471147583,True
5577,0.18622448650952744,0.19408816483127156,0.018528159493995222,True,0.19139593073882316,0.018378290862284576,True
5578,0.18622448650952744,0.1726444781993018,0.018996895349914784,True,0.17387901654723575,0.01878258127209697,True
5579,0.18622448650952744,0.15009361562930168,0.01813462992782298,False,0.1494739457292854,0.01803044480009946,False
5580,0.18622448650952744,0.17957000652256566,0.018282195395817505,True,0.180132930225042,0.018200525734843636,True
5581,0.18622448650952744,0.1654195846091892,0.017592655573610123,True,0.16575447292408513,0.01752416546571077,True
5582,0.18622448650952744,0.18466793463990383,0.0183418951568579,True,0.18354004544643332,0.018333908109917998,True
5583,0.18622448650952744,0.17027896101494472,0.017949216203750198,True,0.17143194994098188,0.017864889986307787,True
5584,0.18622448650952744,0.1950481666686773,0.01840306209483147,True,0.19449288782827068,0.018221550856458695,True
5585,0.18622448650952744,0.17328998576340326,0.017701552771374775,True,0.17295351910796275,0.01768789097933635,True
5586,0.18622448650952744,0.17441946375490797,0.01783293510560408,True,0.1736217634528852,0.01768007069314543,True
5587,0.18622448650952744,0.17876738292117422,0.017969762225269706,True,0.1769793634584792,0.017813361478558113,True
5588,0.18622448650952744,0.17216877525984353,0.018675486926396017,True,0.17142716702638328,0.018355244290595457,True
5589,0.18622448650952744,0.19013831280603882,0.018906468645273657,True,0.18952709052658,0.01874536740821023,True
5590,0.18622448650952744,0.1725323856303448,0.019251332497060618,True,0.17409249953845984,0.019195499486756085,True
5591,0.18622448650952744,0.18949319789724756,0.019240723805854686,True,0.19046852582265372,0.019353539608962127,True
5592,0.18622448650952744,0.2110742310926792,0.018553101624766796,True,0.21073914839891938,0.01844481671352177,True
5593,0.18622448650952744,0.1718273862316193,0.018413953278916578,True,0.1729690732589177,0.01832378745067284,True
5594,0.18622448650952744,0.18286671092045936,0.018512239498406958,True,0.1831503740221333,0.01843085181474347,True
5595,0.18622448650952744,0.19088506178440123,0.017610184969714487,True,0.19088309482520927,0.017508774134824198,True
5596,0.18622448650952744,0.1653342397274482,0.01906332681482626,True,0.1652561398112849,0.01888877937958339,True
5597,0.18622448650952744,0.1820094536786751,0.017641663353499686,True,0.18169820984226526,0.017581700344961912,True
5598,0.18622448650952744,0.2043106929468737,0.0181979103893938,True,0.20396197518467302,0.018140236078354386,True
5599,0.18622448650952744,0.2017092313753388,0.01779636767900238,True,0.20253741228016564,0.017637923257669958,True
