seed,n,oracle,slope,se,cov,mis,step7,gmin
2001,3000,False,0.27305255965676795,0.008028743669930265,True,-0.20336604877869924,-0.20368299471339024,0.001141906085223732
2002,3000,False,0.25925657660674006,0.009974855649667956,True,-0.19601962248047247,-0.19246926420795196,0.0005252922982116123
2003,3000,False,0.2779680052444903,0.008974587845208508,True,-0.16617398123568464,-0.1671236681056582,0.0006346462182641575
2004,3000,False,0.25826882086692443,0.009052037315743803,True,-0.21629427247425892,-0.216818644542989,0.0026772578161673288
2005,3000,False,0.2575684154425515,0.008562521185763996,True,-0.20711682437409912,-0.20730197250298354,0.00028678207400981593
2006,3000,False,0.25420883551308326,0.009852004856154475,True,-0.18803996341333112,-0.18988769527584937,0.001483233893914668
2007,3000,False,0.2708534238011962,0.009315713039787161,True,-0.25385455416459857,-0.2525513769915278,0.0014113020584641432
2008,3000,False,0.2799110125560236,0.008684171154558124,True,-0.1374853826013068,-0.13758922772440996,0.002187417521762504
2009,3000,False,0.25546994534977463,0.008149428278090369,True,-0.19467673233976146,-0.19457171577448595,0.001104240564724291
2010,3000,False,0.26694098888580153,0.010411142231698053,True,-0.20880931866913746,-0.20887036076323362,0.0003342374764671061
2011,3000,False,0.27840672649853254,0.008762221205847808,True,-0.1769369673674544,-0.17706115268419298,0.0022469103753195194
2012,3000,False,0.26722073337303837,0.00869031686036252,True,-0.20594091155676753,-0.20726834859953835,0.0011043914994118866
2013,3000,False,0.2662238008144796,0.008160506552700246,True,-0.19126859923696085,-0.19101977742473863,0.0009927901773092657
2014,3000,False,0.24783734128998502,0.009767950222450288,True,-0.20160863848212718,-0.20318819284942607,0.000372133802316586
2015,3000,False,0.25972405586745934,0.007966853100954038,True,-0.1656756635231374,-0.1641452907279599,0.0005748859442447716
2016,3000,False,0.28296496234742347,0.008043896471273149,False,-0.24306440717175873,-0.24604278481452896,0.001831068263809001
2017,3000,False,0.25781529276865606,0.007878086322915336,True,-0.18073977845764994,-0.1817676864633978,0.000745623679068956
2018,3000,False,0.252545102391269,0.008610529313870631,True,-0.18309393342296965,-0.18173175070595377,0.0018893951435062066
2019,3000,False,0.27397232417712175,0.00962385397700831,True,-0.18370913579185036,-0.18365580090397648,0.001296494935232409
2020,3000,False,0.2643258398066236,0.01035773160750794,True,-0.20867159184044282,-0.20775035218875282,0.0011474645013425145
2021,3000,False,0.2746347364782927,0.00868863152758432,True,-0.16536852865604418,-0.1650055808379436,0.0022140267764534784
2022,3000,False,0.26329119651407096,0.008092024893678662,True,-0.14435980547533542,-0.1433477988335693,0.0003276958121039454
2023,3000,False,0.2859953498573419,0.007949243474895513,False,-0.20968026455729524,-0.210850597851526,0.001687892019193625
2024,3000,False,0.2533841551019187,0.008744969651562169,True,-0.18715861173636902,-0.1870400829849116,0.00019115968061653098
2025,3000,False,0.26856751282565394,0.011142994919137022,True,-0.20518777089308132,-0.20567334038450774,0.00049312909894267
2026,3000,False,0.25791439425606894,0.008671854764961165,True,-0.20725061931825292,-0.20777619255482416,0.0011240951750855139
2027,3000,False,0.2590521105580318,0.008052366367319689,True,-0.19384432020124887,-0.19375963072198327,0.0022565878297885838
2028,3000,False,0.25423315853594386,0.009267494207678034,True,-0.1918965286294366,-0.19210350494769235,0.0018459432740148445
2029,3000,False,0.2707503958405579,0.009701233663296059,True,-0.13309649167908771,-0.13359606963638082,0.0005416771216835924
2030,3000,False,0.2610340397905841,0.008799782846480184,True,-0.2191493441028403,-0.22248919684684892,0.0013939020528377566
2031,3000,False,0.25583471439031785,0.008987381271924312,True,-0.13630351942434216,-0.1373193573419868,0.000982044527161702
2032,3000,False,0.26526769213817913,0.009851236910244107,True,-0.13993684533605735,-0.1392140803866755,0.0010110369920037006
2033,3000,False,0.2642808209728348,0.008503103954066931,True,-0.22616359271574518,-0.22615596728979942,0.002148051434732152
2034,3000,False,0.2763964618043265,0.007946155438168574,True,-0.13815645961466558,-0.1351989343909864,0.001758888602065542
2035,3000,False,0.26083788455361034,0.009060198239830732,True,-0.19138676813095187,-0.19154607346943714,0.0024761568988021236
2036,3000,False,0.2642802971394212,0.009588401327323097,True,-0.16871480839657002,-0.1681725140883379,0.0011084377646973958
2037,3000,False,0.2764299536496642,0.008576044236961062,True,-0.1881559358780578,-0.18960049612720242,0.0010436550923420415
2038,3000,False,0.2904334623709457,0.00981553353402294,False,-0.16478554550469524,-0.16426892500861368,0.0032682371750723475
2039,3000,False,0.2881792397730348,0.008087108540724027,False,-0.1511104919701594,-0.149802952145681,0.0009207408685224237
2040,3000,False,0.2643692901294244,0.008055058046346432,True,-0.16797836227500515,-0.16802987700400923,0.001518512056365574
2041,3000,False,0.26190977885629374,0.009022982240006359,True,-0.2049496027716229,-0.20524023891751747,0.0007543507246871857
2042,3000,False,0.24823780525281847,0.009377320963442617,True,-0.20374127434285813,-0.20367258280413908,0.0024033037418769877
2043,3000,False,0.26938497270451084,0.007903139929051874,True,-0.1768758122018778,-0.1770029353959186,0.0030170798523002883
2044,3000,False,0.2766592797174395,0.008027489360493857,True,-0.16701059930279352,-0.1678239505155727,0.0008619767675054422
2045,3000,False,0.2536276789628324,0.008105208442382753,True,-0.1769978939699281,-0.17829973651726644,0.002463008544846278
2046,3000,False,0.26082158978557085,0.008462746504803902,True,-0.1604056983250083,-0.15996319796140468,0.001994039267083719
2047,3000,False,0.2548120442303543,0.008577582260570236,True,-0.18804777822409147,-0.18730739962001752,0.0013926945416905358
2048,3000,False,0.24344366299559717,0.009860610606254388,False,-0.16345179135636329,-0.1635179434256867,0.000793192316346357
2049,3000,False,0.2686585185687578,0.008735192048045308,True,-0.17176592868741347,-0.17210358672872383,0.0020643433368699713
2050,3000,False,0.26591518528519753,0.008778228433478074,True,-0.15317542615371058,-0.1526533165421612,0.0011593830831014584
2051,3000,False,0.2796410850400619,0.008513050402542995,True,-0.23075646496914926,-0.2299374948251537,0.0004874427655422143
2052,3000,False,0.2698806929186212,0.010148985775306978,True,-0.16795990800744218,-0.1694590489294085,0.0006588614909525371
2053,3000,False,0.25806178930817325,0.008600268809125188,True,-0.1705416104062966,-0.16950396901437947,0.0011487058452763254
2054,3000,False,0.2667524504129635,0.012536324547883755,True,-0.18829783585050405,-0.18451641752907638,0.0013335550528839613
2055,3000,False,0.2684803992863922,0.00865742883377387,True,-0.21474744950038868,-0.2158618195134151,0.0020758064865170926
2056,3000,False,0.27195898197536034,0.009556527956015857,True,-0.19804879951004836,-0.19638984570864831,0.0019309100365367561
2057,3000,False,0.2644619285771066,0.00856094183380594,True,-0.2001543140862087,-0.20005342899700868,0.0014959029482474716
2058,3000,False,0.2753063398628182,0.008347479757470772,True,-0.14449783145502998,-0.14434066568235915,0.0022602916792692804
2059,3000,False,0.2525924886322021,0.009265088909285322,True,-0.173958321581789,-0.1741337703990118,0.0005898491138374353
2060,3000,False,0.25784095490513687,0.009404469494610379,True,-0.21734361917880543,-0.21828482521386883,0.002034024041958713
2061,3000,False,0.2709514691977908,0.009057934287598353,True,-0.23675619628580827,-0.23584624499025614,0.001086697874017028
2062,3000,False,0.2651517938453144,0.00889638433388532,True,-0.19946554339085315,-0.19978635220443186,0.0022139115987510503
2063,3000,False,0.2656123308144081,0.008016842299572757,True,-0.21181794168678042,-0.20956651733021148,0.003557888093985715
2064,3000,False,0.26463909913556727,0.007579054102063398,True,-0.18927678508138224,-0.18932651404697187,0.0019398345603617003
2065,3000,False,0.2799428010566022,0.008863491669015781,True,-0.14204720137145402,-0.14216482043301337,0.0014137931729866723
2066,3000,False,0.2591822462153426,0.009210584383882881,True,-0.18969985289380745,-0.1896968983720828,0.0029009684935826724
2067,3000,False,0.26640071627689116,0.008062198493907121,True,-0.13082424644890922,-0.12908974643678806,0.0011476054898717767
2068,3000,False,0.2751230076340789,0.009323442352486755,True,-0.1602175504361979,-0.1593591181941681,0.0031399303310537634
2069,3000,False,0.2683851273232855,0.008295362925815175,True,-0.20795095531817426,-0.20792027077474073,0.0004236649297340794
2070,3000,False,0.27278419309487445,0.008372089236735299,True,-0.15799740099341522,-0.1578721203073345,0.001254967807652722
2071,3000,False,0.26838401754016267,0.009821096829403131,True,-0.20910131835154758,-0.20942055901212575,0.0018974733676963649
2072,3000,False,0.2768585865076673,0.011408398952562845,True,-0.22409165131597686,-0.2247984004445831,0.0028605330525387266
2073,3000,False,0.2665478589455626,0.010295518166483478,True,-0.2166501617994801,-0.21824841430357161,0.00039385361615183767
2074,3000,False,0.2674357069421932,0.007784731663710115,True,-0.24575534635110552,-0.24596131937585985,0.0022587795289352257
2075,3000,False,0.266675321111128,0.00813508704169462,True,-0.18637959124978581,-0.18607555952074917,0.0030876439654882247
2076,3000,False,0.2748606455760981,0.008703872902032046,True,-0.17175610552599269,-0.16992968384846152,0.002403300585840758
2077,3000,False,0.28317464082037574,0.009685219812891903,True,-0.17963001079798777,-0.17963456168667274,0.0017160932793854784
2078,3000,False,0.25885122157814827,0.010685701769920643,True,-0.18207876745920087,-0.1817874726516266,0.0016544173534448323
2079,3000,False,0.2577656535880479,0.00882003434588306,True,-0.19303936713904635,-0.1935660282500805,0.0025439114266541294
2080,3000,False,0.2564664299334369,0.008762218402291917,True,-0.16705261377047728,-0.16736984325913895,0.0031171325180271068
2081,3000,False,0.26568552440810983,0.008887190460808624,True,-0.18932212564281412,-0.18698329627655397,0.0014310239465788219
2082,3000,False,0.25748927739282684,0.010368271400242402,True,-0.12888255069436286,-0.12972547613400104,0.0003202803308775166
2083,3000,False,0.27504424450783793,0.007592141415172737,True,-0.15902352282527452,-0.15901515980726222,0.0008650317942013973
2084,3000,False,0.25413563191262317,0.00901237981440368,True,-0.14256147816552572,-0.14132206795996166,0.0018550408545111694
2085,3000,False,0.2703432480581515,0.008484461125288485,True,-0.13222054952239173,-0.13025930994980017,0.0008246500514079585
2086,3000,False,0.25873200979528854,0.009638100415564722,True,-0.2276153066497764,-0.2274125472234093,0.002697075422072721
2087,3000,False,0.2671915864434503,0.011403184985715764,True,-0.21850947652932967,-0.21850780572261097,0.0022928290817603846
2088,3000,False,0.2619532048034382,0.008861065687452641,True,-0.16955604871401478,-0.17009926916745116,0.0008988802776934738
2089,3000,False,0.2747964133126029,0.009167631606765416,True,-0.2018666243320653,-0.20181273553843032,0.0015207878688884928
2090,3000,False,0.2650245529745207,0.008620793434909365,True,-0.17874704767708194,-0.18079077303762575,0.0015204130811292344
2091,3000,False,0.26343875913966486,0.008184179193460381,True,-0.18510521767632418,-0.1848238958629836,0.0012135413601314792
2092,3000,False,0.25156839887563537,0.008654618373594563,True,-0.18025698564160586,-0.1805384106668816,0.002591618872575468
2093,3000,False,0.26478267182141224,0.009397393884522515,True,-0.16217263651941494,-0.16205919269393565,0.0008526068098329544
2094,3000,False,0.2532519061795388,0.009277797397723888,True,-0.178160823979491,-0.17678101929405649,0.0002968386104647715
2095,3000,False,0.2630314602690433,0.008608313944409406,True,-0.1800469185684669,-0.18008425896419622,0.0004619846440387379
2096,3000,False,0.2554429753811225,0.008430883113585783,True,-0.15382101253792452,-0.15379767611055895,0.0011634710922786811
2097,3000,False,0.2654703508419243,0.008838677950500145,True,-0.18355980101316063,-0.18392698492431547,0.002934219496464792
2098,3000,False,0.2751450515643265,0.00901139878668471,True,-0.20276885596099098,-0.20255557531916962,0.0007453501262660386
2099,3000,False,0.2770430661919074,0.007984506309543518,True,-0.19683313065026786,-0.19684541815462414,0.0007616440231870342
2100,3000,False,0.272901325165506,0.008784487733740253,True,-0.21325233957868192,-0.21316595503474323,0.0013930077027035754
2101,3000,False,0.24537706673855192,0.008863536907739533,False,-0.18870505842800692,-0.18700333862381296,0.0019222696707355677
2102,3000,False,0.2546168976440318,0.00884372967719344,True,-0.18154345256933355,-0.18330117522936967,0.0009628252529327592
2103,3000,False,0.2830284992717134,0.009430601119816757,True,-0.20941783331095823,-0.21066104854331136,0.0008014116610665473
2104,3000,False,0.276608122026184,0.008988876191900304,True,-0.17678349414782749,-0.1768846547716923,0.0013496340667698383
2105,3000,False,0.27216342721323195,0.008464793160600032,True,-0.15377379318558962,-0.15339519744023844,0.0007663673524394539
2106,3000,False,0.2639790770424547,0.008535053533771961,True,-0.178958627656999,-0.1784812599718127,0.001960626339227507
2107,3000,False,0.27720855215915385,0.007923417084483048,True,-0.20409642052591226,-0.2044503091177302,0.001459221583057626
2108,3000,False,0.24364268285585272,0.009538989779481696,False,-0.21665761084941448,-0.21856754094765235,0.0009379955033255692
2109,3000,False,0.2797605933343953,0.011720058846184728,True,-0.17088040946505398,-0.17105731593435214,0.0012319708508051858
2110,3000,False,0.265997466336101,0.008758766899579296,True,-0.17923419222649167,-0.17872481741733287,0.0024065794404639048
2111,3000,False,0.2744756883804536,0.009447875149357523,True,-0.14810189091262962,-0.14899039076974285,0.0010709653023657794
2112,3000,False,0.2700517859585689,0.009692173390131918,True,-0.16149562013737495,-0.1612675552392404,0.0010673736293537771
2113,3000,False,0.2699654824938556,0.014169721633444377,True,-0.16507821971086864,-0.16345392069955206,0.0014564769227610214
2114,3000,False,0.27835366992496496,0.009120727656851515,True,-0.10461921196692892,-0.10128214226599158,0.001578541621689082
2115,3000,False,0.2805014674972867,0.008371475167860631,True,-0.17328771484473815,-0.17319258974001972,0.002228015209832603
2116,3000,False,0.26611202336324086,0.009380757595213814,True,-0.17985761605313585,-0.17893164015650792,0.004466547267802758
2117,3000,False,0.2559973863798172,0.007810060144418101,True,-0.1885225342956568,-0.18920704484339657,0.0029148352737276137
2118,3000,False,0.2677951272709836,0.00829027052027643,True,-0.16025417807260758,-0.1604286478183783,0.0009544535859032965
2119,3000,False,0.2749158792454068,0.0080784492621672,True,-0.19779179535714927,-0.20042335821050233,0.0013070822747260193
2120,3000,False,0.27227651823654236,0.008177547861199282,True,-0.15269479458891777,-0.15175290546454145,0.0003567219183301006
2121,3000,False,0.2592277046781134,0.008389973783825461,True,-0.21166848428683088,-0.21142142024211735,0.003433696632381593
2122,3000,False,0.2700531426282403,0.008138988238684308,True,-0.17966850227184988,-0.1789807603889576,0.0016162382575508932
2123,3000,False,0.2633742300940895,0.008378243937291906,True,-0.19143758994373278,-0.19146712971313806,0.0017708502371391304
2124,3000,False,0.2630072036000353,0.008377923572410073,True,-0.21774431133593466,-0.21680976211027414,0.0013385644154142002
2125,3000,False,0.2668351538741539,0.009134058895392034,True,-0.188972521503527,-0.18911607414662845,0.0023771202328831628
2126,3000,False,0.2719826983881192,0.008567683732970444,True,-0.18781745225795335,-0.18979215151681533,0.0013652747055690384
2127,3000,False,0.2633980040813154,0.008235893683378705,True,-0.1548023208229597,-0.15308268042113526,0.0023347565045924315
2128,3000,False,0.280092706703175,0.008499237924987892,True,-0.1792730093774845,-0.1793222684596822,0.0013009803177969675
2129,3000,False,0.2654505771895886,0.008294248191588345,True,-0.12919149664974514,-0.1259836058340995,0.00109426984083886
2130,3000,False,0.2701080574588544,0.008276043700077566,True,-0.1643157730165331,-0.164559850777921,0.002750936164511531
2131,3000,False,0.2712159436359715,0.009538678452638496,True,-0.1371517679237224,-0.13693510134213172,0.003440060683776789
2132,3000,False,0.26320985883139614,0.009430094990034483,True,-0.2212919738670445,-0.22134746592736443,0.0007053776695572379
2133,3000,False,0.2614977131495792,0.008373026476844042,True,-0.1533371446383719,-0.15352501900796128,0.0006339594615743966
2134,3000,False,0.2648483525252126,0.007892700730592443,True,-0.1481455384793112,-0.1475262938541423,0.003459475273174944
2135,3000,False,0.2611855849074502,0.009295591068505289,True,-0.23021018603571897,-0.2308707235706166,0.0012382141769306744
2136,3000,False,0.2719418448432171,0.009207163103660472,True,-0.12774561516087682,-0.12683627470127212,0.0009738099717329099
2137,3000,False,0.2579638630108173,0.008391164294372866,True,-0.19689571422482835,-0.19712346378468304,0.0016749046417032102
2138,3000,False,0.26830765546283447,0.0093778857459909,True,-0.19417297861587204,-0.19438871649144918,0.0023229574143479254
2139,3000,False,0.248013230313418,0.00839493269564004,False,-0.14471676966039929,-0.1432155744216651,0.0011495393340385537
2140,3000,False,0.2580820121964315,0.007994617206512705,True,-0.18304994631311608,-0.18254781782694113,0.0005337056112328219
2141,3000,False,0.25278831648528505,0.008314802042604909,True,-0.18094268319467274,-0.18142435968663384,0.0017482480420004426
2142,3000,False,0.2557040616803286,0.009023156795557001,True,-0.17820402100303367,-0.1781185838694198,0.0006757287634350248
2143,3000,False,0.257443133322456,0.00808910562268405,True,-0.2137714108058334,-0.21436663922775495,0.002330762934437225
2144,3000,False,0.27530391192690346,0.007848508941032926,True,-0.21237625411793284,-0.21248020038188947,0.0015368334271427591
2145,3000,False,0.2690914853368703,0.010959462831059844,True,-0.18874241326812174,-0.1887315150292566,0.0017729450816772008
2146,3000,False,0.28431935893291227,0.00841118785467976,False,-0.1866006661508181,-0.18712749408865414,0.0007069082838534023
2147,3000,False,0.2567429162132148,0.00921277273424093,True,-0.2057756363140214,-0.20543833516055954,0.0007729598985008371
2148,3000,False,0.2695605947451146,0.009179317118890501,True,-0.15464455028160742,-0.15360633335592355,0.0006388130927566106
2149,3000,False,0.26140935251217867,0.008326883914820775,True,-0.1668829531834161,-0.16730821804299967,0.0021432702999218344
2150,3000,False,0.25755693915709127,0.008643774184101881,True,-0.17061735759069108,-0.1706087945950333,0.000911578859463164
2151,3000,False,0.27028877600172146,0.008696249656672539,True,-0.1979707036822609,-0.19806600773839544,0.002858554783566493
2152,3000,False,0.2670600469851915,0.009314892206292192,True,-0.1732172257162047,-0.17456465558383077,0.00127298208228431
2153,3000,False,0.2557383512464112,0.008268229649502072,True,-0.2146114755937838,-0.21460651231625505,0.0010158582464813387
2154,3000,False,0.2628975047632242,0.00835677228403952,True,-0.18931099239730523,-0.19040473531547758,0.0009621939183230668
2155,3000,False,0.26079703420330974,0.008931616875946485,True,-0.13430946593972629,-0.1321801793829419,0.0007519176160646978
2156,3000,False,0.2617427549516173,0.008395545942571695,True,-0.19301833906014418,-0.19465728218718747,0.0020460290102473646
2157,3000,False,0.24730433902787435,0.00888720886349362,False,-0.17248298786343655,-0.1700855734432275,0.003341837471306008
2158,3000,False,0.2758903550324388,0.008080983730759946,True,-0.23557485409535145,-0.23590110894198768,0.0029187081740396975
2159,3000,False,0.25830138470251035,0.009876591896847966,True,-0.16713019568990045,-0.16780614709466773,0.0008173991690031086
2160,3000,False,0.26834683470694226,0.009097042500449175,True,-0.18173389298595455,-0.1815622403381998,0.0013659883437245764
2161,3000,False,0.25334274381030086,0.0084555046170102,True,-0.19672504013033779,-0.197804581598733,0.0013594025575553337
2162,3000,False,0.26545723002885074,0.009061240670432348,True,-0.20820328931228424,-0.2068180476120695,0.002386237089848576
2163,3000,False,0.27029233555216226,0.008791348572590316,True,-0.1707747225878298,-0.17114217730058362,0.001615591184307019
2164,3000,False,0.26351581139192376,0.012238781111210946,True,-0.19757144231244844,-0.1973418767732843,0.00038834212097415936
2165,3000,False,0.27024121275011387,0.007878883663453472,True,-0.1668427305930654,-0.16572140607939,0.001684340904066995
2166,3000,False,0.27325484012095436,0.008062637442916187,True,-0.17952339021411878,-0.17975400646212264,0.0007702510349338389
2167,3000,False,0.2652444864302596,0.008069168555073846,True,-0.20235779177482946,-0.20339871223730593,0.0014883663966083296
2168,3000,False,0.2671646873938845,0.00902077871926941,True,-0.1844696126602745,-0.18432120441117894,0.0025538244109599567
2169,3000,False,0.26582372625941,0.008876161595408289,True,-0.18599577906806894,-0.18600238454921258,0.0018663106602326142
2170,3000,False,0.28138856804520895,0.008623197635745814,True,-0.1994053036364464,-0.2014109318024887,0.0006202977954145591
2171,3000,False,0.25232637885103665,0.010924144156606709,True,-0.20225890719419137,-0.2022345679607473,0.0023454531655997613
2172,3000,False,0.27642807731557056,0.008991983839513388,True,-0.1618917873117184,-0.16145766600792072,0.0005711610635601582
2173,3000,False,0.2735786847771681,0.009433086230412028,True,-0.1704121087585494,-0.17049890641829768,0.0006968292405747991
2174,3000,False,0.2503929176040191,0.012406794237290927,True,-0.20308267119714887,-0.20494550582788545,0.00036029846297336375
2175,3000,False,0.2831724911888781,0.008443469499724205,False,-0.13776101153806675,-0.13811710781448483,0.0004357058189502587
2176,3000,False,0.2726238685564303,0.008077679297974264,True,-0.18190829024108324,-0.18217444714576558,0.0016399448606743677
2177,3000,False,0.2669802776912599,0.009555668639862557,True,-0.17784828197443336,-0.17677162793457402,0.0023686462575985617
2178,3000,False,0.2736826353222746,0.009323081603869517,True,-0.1797116500317847,-0.17988324929689126,0.0020702484776129147
2179,3000,False,0.2671018703295139,0.008123301745996141,True,-0.19266005673852518,-0.19232716848937625,0.0009693663395414187
2180,3000,False,0.2626668243028692,0.008944471542722196,True,-0.20273784151929475,-0.20079037011847145,0.0012899222027463425
2181,3000,False,0.2531906641169874,0.008991566069440751,True,-0.1620158168896821,-0.16101670827173126,0.0014521717731814142
2182,3000,False,0.2673294344831717,0.008549319594474006,True,-0.14161233428293496,-0.14118632089591188,0.00019642654331469118
2183,3000,False,0.2650512794598083,0.008145859925866578,True,-0.22918147359820745,-0.23095702736491802,0.0009870628908048035
2184,3000,False,0.26569166627571095,0.00813768764379648,True,-0.19790510412877352,-0.19799111320574908,0.0014289492970081838
2185,3000,False,0.25038033247759844,0.008392745949188906,True,-0.1996922319215359,-0.20013462909283863,0.001889195704589949
2186,3000,False,0.2606959973621997,0.008436547625801386,True,-0.19192410176527142,-0.1922874197078724,0.003031833981512926
2187,3000,False,0.27333893911939966,0.01018678000523124,True,-0.18812406610514948,-0.18831968754388756,0.0026508531655456886
2188,3000,False,0.2766434641342474,0.010176763417347535,True,-0.19278135497312107,-0.19399711125534336,0.0013011492823792605
2189,3000,False,0.259810991669587,0.008598635849273324,True,-0.19622294586587774,-0.19586560474300474,0.0015547641270476057
2190,3000,False,0.2710716632684043,0.00975932342124648,True,-0.16800693151269183,-0.1674180915732601,0.0023011909783683653
2191,3000,False,0.25803932505810473,0.00889626719871299,True,-0.24339178785379031,-0.24399612929017783,0.0016606244926361344
2192,3000,False,0.2626908538451107,0.009162684893404332,True,-0.14899822845231936,-0.14941637352977327,0.0018458966189064683
2193,3000,False,0.255256962315672,0.009189248475979777,True,-0.14994228597924325,-0.14920714347546665,0.0012818508823398832
2194,3000,False,0.2721081038375025,0.007759062673635153,True,-0.2274752651482313,-0.22724415811040943,0.003321400240762387
2195,3000,False,0.24929487715969192,0.008646845141081595,True,-0.18447542001143905,-0.1843369006811596,0.003414985687298826
2196,3000,False,0.2593064190377172,0.008697414032612058,True,-0.1961175830328103,-0.19592883174683023,0.002148815574557196
2197,3000,False,0.26148960025648654,0.008748578312927456,True,-0.1735674703362707,-0.1731476792473532,0.0020571048868705012
2198,3000,False,0.24879028714232218,0.008268635190575835,False,-0.22740090380901778,-0.22693984844153814,0.0009466709224271238
2199,3000,False,0.2597975553077804,0.009925298370576138,True,-0.19803019667994692,-0.1998909126060363,0.0028218738842897564
2200,3000,False,0.2585636362112084,0.008527931035683417,True,-0.18431000383564206,-0.18320117260218494,0.001159122717235414
2201,3000,False,0.26303111923271805,0.01072338094937547,True,-0.14956536527091868,-0.1483288612605525,0.0013752944366181561
2202,3000,False,0.2586281054425529,0.00834433027915175,True,-0.2284517284702678,-0.23337544604524796,0.0010046520118629498
2203,3000,False,0.28334132556974284,0.010690056413563874,True,-0.2062031416816079,-0.20647402885719057,0.0025969807354476867
2204,3000,False,0.2588368152426373,0.009273202643449665,True,-0.17640175835682723,-0.1769063903354432,0.0012694764123876597
2205,3000,False,0.2617971502231257,0.010157687086869203,True,-0.17578201854399025,-0.17587986859865717,0.001492129901588322
2206,3000,False,0.26187389093897134,0.010862143736511929,True,-0.19994418468460737,-0.19784886155624343,0.0005141434908694134
2207,3000,False,0.2417685686724645,0.008919384407237626,False,-0.2252513037552073,-0.22557916865846261,0.002769357402207003
2208,3000,False,0.2740049570402538,0.00825288753860116,True,-0.1979151484457323,-0.19817070184134056,0.002192855414781019
2209,3000,False,0.2733698577262175,0.009034842560107266,True,-0.22837612863812093,-0.22828139131240965,0.0034555880736185365
2210,3000,False,0.26983340327346905,0.009618750545875247,True,-0.16056021725664119,-0.15971812416557146,0.003231781371264821
2211,3000,False,0.2722130857819574,0.008628499641037289,True,-0.16106508652475504,-0.16098312109270302,0.003298941362583259
2212,3000,False,0.27937008761823773,0.010636730139315246,True,-0.17845704209853397,-0.17757405297225404,0.001868559325073938
2213,3000,False,0.26194636693318935,0.008069314877381438,True,-0.15008771056139464,-0.1515983710479052,0.000977652135217052
2214,3000,False,0.2649146007617635,0.00843140052854055,True,-0.15649710841796294,-0.15664932480917182,0.001531593778661758
2215,3000,False,0.26420444960800277,0.0078047314704447115,True,-0.2022622943622125,-0.20216398440334654,0.0010504978186619508
2216,3000,False,0.2765273497039661,0.008561495114727003,True,-0.19392024549904463,-0.19414447022885373,0.0031352091375633656
2217,3000,False,0.2607872374839668,0.008501022815111092,True,-0.2325346568925755,-0.22801944634410798,0.0016890539303939065
2218,3000,False,0.24525314076112745,0.009336245258368993,False,-0.1735613916442975,-0.17417962466152215,0.0015705489880092377
2219,3000,False,0.25930465297194205,0.008228709634347211,True,-0.17086463125340715,-0.17067356191488314,0.0015442490025980925
2220,3000,False,0.2700136279610416,0.008913221846397295,True,-0.19399510667021308,-0.19391241811177706,0.000830254881279726
2221,3000,False,0.2813080138364173,0.009034329067884893,True,-0.1362688402097608,-0.1356302636153811,0.0011390492246199733
2222,3000,False,0.26767738681749637,0.008251604569243818,True,-0.2322520230655733,-0.2323135035439065,0.0013929012133283283
2223,3000,False,0.27008571795611636,0.008665031951432228,True,-0.18826364306574542,-0.18822476623107448,0.0015027972058553592
2224,3000,False,0.26047748021974,0.010036178409096895,True,-0.2145848445954172,-0.21208156181095833,0.000734261841447011
2225,3000,False,0.2787177235433971,0.009367166014575858,True,-0.19959658495833044,-0.20158292178582254,0.0035324166283559146
2226,3000,False,0.2553920499296602,0.0081539267779961,True,-0.20389308649912913,-0.2039854779046678,0.0017220010382561711
2227,3000,False,0.26812878337474716,0.008174576950348237,True,-0.1752711840252603,-0.17829594812893557,0.00034692730750560645
2228,3000,False,0.2640422890253393,0.008361708576714122,True,-0.21797770852551016,-0.2185761142473911,0.002620998608798668
2229,3000,False,0.26369127557804944,0.009327692790447236,True,-0.1720213757067932,-0.17145623641332797,0.0014832808918840412
2230,3000,False,0.29030388623184616,0.009323754679827663,False,-0.2088090982213474,-0.2100747843914531,0.001419130842684582
2231,3000,False,0.28435845188868664,0.009163218259929738,False,-0.1934597547396403,-0.1931822259169771,0.0009994726462064045
2232,3000,False,0.2622320205293346,0.009616676417062226,True,-0.208147963573383,-0.21161173538522982,0.0005361870877424968
2233,3000,False,0.2673606715151773,0.008676320886311416,True,-0.19497927692847875,-0.19637606829972543,0.001189585036041506
2234,3000,False,0.2871899249941645,0.009342949731729912,False,-0.17293507677752787,-0.17357912608016435,0.0013465638269625066
2235,3000,False,0.26506224896048713,0.009027262196178951,True,-0.19093036119155374,-0.1910395052111597,0.0008315395512199639
2236,3000,False,0.258446421630408,0.009174165958878872,True,-0.13882609654995234,-0.13876267287871596,0.002304028205233303
2237,3000,False,0.27896297836849665,0.00867594437296759,True,-0.18738909334433532,-0.18823412438741105,0.0016510858708473077
2238,3000,False,0.25487548862540693,0.009894478815470434,True,-0.14521073986668961,-0.14505586402814719,0.0012472715118374326
2239,3000,False,0.2610836951040899,0.007710928113511065,True,-0.2020244043577293,-0.20162126018387294,0.0013120694924771345
2240,3000,False,0.2589530004868975,0.00808705025434153,True,-0.20372410300836996,-0.20318667293842635,0.0021431162954027713
2241,3000,False,0.260286297163116,0.007952315812386741,True,-0.16096524014780858,-0.16084904785401466,0.001151052395239983
2242,3000,False,0.24268260591772486,0.009136751802187966,False,-0.16495304030508906,-0.16384277525917473,0.0023374379657675574
2243,3000,False,0.26139295469195606,0.008929131157213482,True,-0.16202026968403394,-0.16168244770190898,0.0009584680172015287
2244,3000,False,0.264036254500513,0.009290428457802057,True,-0.13823667812835327,-0.13906251973537703,0.00038474354268373546
2245,3000,False,0.26589325653442125,0.009522194571126711,True,-0.23675893284389823,-0.23835635587158188,0.000613720236517481
2246,3000,False,0.2629434038251031,0.007580939857150312,True,-0.1502915494432459,-0.15028178969333933,0.0012837703638817982
2247,3000,False,0.27234410109832513,0.008229801147870914,True,-0.17770739731570648,-0.17702360581488508,0.0008627666015723406
2248,3000,False,0.26864932706603895,0.009249558681706896,True,-0.21751739008729487,-0.21809372234896335,0.003156402220331417
2249,3000,False,0.26073868652415316,0.00916808827446189,True,-0.15085429673820341,-0.15049655126891426,0.0009346863046194321
2250,3000,False,0.26473822386123363,0.009142561055008833,True,-0.19716191070661548,-0.19706041567574284,0.0007733864589907895
2251,3000,False,0.24631870322020732,0.008412703904981339,False,-0.15451547563790194,-0.15436731834352468,0.0011699900591500508
2252,3000,False,0.2524280346317787,0.008539443699165133,True,-0.16553506430778883,-0.16570984923804372,0.001976768096167268
2253,3000,False,0.27447122022117226,0.009908246937691835,True,-0.16536552821240105,-0.16543099592657273,0.0012968118764589518
2254,3000,False,0.25607394842142644,0.007644327592851153,True,-0.21608610165718456,-0.21475686819520184,0.001273448075337332
2255,3000,False,0.2831980502740519,0.01045713343614301,True,-0.19363148919856446,-0.19385101516397896,0.000504571263118549
2256,3000,False,0.2651852986733954,0.008779207654716476,True,-0.19976628106081049,-0.2001182640966408,0.0011824571202619686
2257,3000,False,0.24985230879156048,0.00862979134169752,True,-0.1530724887946366,-0.15129199897438272,0.0030011640788897057
2258,3000,False,0.2566347889739357,0.008414978398106258,True,-0.181718748251906,-0.18153345002638938,0.0023686446323079825
2259,3000,False,0.2895970866792006,0.00960181467759662,False,-0.21086293942067094,-0.2108392005212505,0.0017089453984508844
2260,3000,False,0.2584606088737581,0.012042016841448875,True,-0.18110209996205848,-0.18144690535169872,0.0016999343080134894
2261,3000,False,0.2907736743370594,0.008115669483447063,False,-0.12242279659853106,-0.1194708303389399,0.0008558478806956759
2262,3000,False,0.26052270889724416,0.008949485714183764,True,-0.18171740425502167,-0.18232875500136542,0.00043536124346749545
2263,3000,False,0.2716119466142011,0.008584429308896116,True,-0.2035818111000393,-0.2039108342965354,0.001022315450382384
2264,3000,False,0.2665176288313248,0.010858307290475077,True,-0.23228561945118625,-0.23475841450827228,0.0015935424853552836
2265,3000,False,0.26482256055769315,0.008819230896477235,True,-0.1579956185139169,-0.1574222844286154,0.0009541005194099794
2266,3000,False,0.26049963701474044,0.00840567965646812,True,-0.1877890160174359,-0.18812634247662885,0.002506128785573131
2267,3000,False,0.27186317998311577,0.008148600005614456,True,-0.18066673441747083,-0.18116482145557572,0.0010165000571494434
2268,3000,False,0.2543672643524633,0.00842195781625526,True,-0.17296019712065117,-0.17124522433821898,0.002163135002271464
2269,3000,False,0.2917385943615062,0.008430292671777419,False,-0.16499756460209253,-0.16512662865976296,0.0010324721276872384
2270,3000,False,0.26809428353388576,0.008124561391579865,True,-0.15816423028479562,-0.15680628739183367,0.0018549158944110536
2271,3000,False,0.26007708887233033,0.011281067982562351,True,-0.1754508556694972,-0.1765131925570157,0.0012470604044574314
2272,3000,False,0.2653963120935603,0.008726761434034985,True,-0.20723689699557538,-0.20920885216051788,0.0007018704780435092
2273,3000,False,0.2745758292547506,0.008513683309801295,True,-0.1385271941860263,-0.13564849497648201,0.0028305889316969056
2274,3000,False,0.26620706739804023,0.00949249631000789,True,-0.16071494257058758,-0.1606252105892056,0.0009837215731745364
2275,3000,False,0.26842093211475365,0.009354260573815248,True,-0.1794202125955667,-0.1789606302819962,0.0007932053644384347
2276,3000,False,0.2536295356234713,0.00931210920474235,True,-0.19863627592345234,-0.19831979826351992,0.001063488329063367
2277,3000,False,0.2693612234803338,0.00884567352774406,True,-0.1779600472102909,-0.17815296838401384,0.0008961776472045234
2278,3000,False,0.27670331029382433,0.00915554597895291,True,-0.15849215446933737,-0.15922990030812267,0.0045310723222134605
2279,3000,False,0.289501384967161,0.010713530730180564,False,-0.16130021411751388,-0.16028240444358632,0.0030006033814703077
2280,3000,False,0.27231903791250095,0.008256698389809781,True,-0.21779650330440492,-0.21955541326570982,0.001631903527652472
2281,3000,False,0.26536593523213364,0.008388368785837248,True,-0.17038298062708757,-0.17116226841789345,0.0014511386979845183
2282,3000,False,0.2684869839859241,0.00847562568345142,True,-0.2200088467723785,-0.22054366686178617,0.0008826295802957237
2283,3000,False,0.24645914470607652,0.008739210698021645,False,-0.17925955137132119,-0.17901587549511233,0.0005074680635501263
2284,3000,False,0.2717599025889123,0.009712806582834653,True,-0.1786889764380443,-0.17870450510550018,0.002021833493633254
2285,3000,False,0.26526734680744,0.008507860917563292,True,-0.15154760881243623,-0.15042672058520734,0.0005176681224843081
2286,3000,False,0.25525409395501525,0.009205095549583923,True,-0.15424068636343902,-0.15373679987152644,0.0011577658498853815
2287,3000,False,0.2565786568913751,0.009700640543086144,True,-0.21107296074299037,-0.21113800130237004,0.0016178471755060324
2288,3000,False,0.25218275533223894,0.008291622829136463,True,-0.16106519450807863,-0.16109095264556206,0.0029017734411250105
2289,3000,False,0.2708716092678322,0.008728722553873827,True,-0.16445185350025976,-0.16318460587384287,0.0011296966112893576
2290,3000,False,0.26153429743653206,0.009039266625573476,True,-0.24573335522605758,-0.24441999674839682,0.0026311498539463227
2291,3000,False,0.26996012340451425,0.008620220048364945,True,-0.22270487535572164,-0.22129538191876164,0.0009731018007992455
2292,3000,False,0.27032506392004346,0.009023055211727068,True,-0.20346263916603283,-0.20360630264706242,0.0009839986189620743
2293,3000,False,0.2622935949255859,0.008853595159284309,True,-0.20128068024856702,-0.2045124282337138,0.001272477719108741
2294,3000,False,0.25646798876600374,0.009061825771810075,True,-0.17231294256990118,-0.1713740748406229,0.002436813439721499
2295,3000,False,0.2635699240828743,0.008853248353830797,True,-0.15520154027895888,-0.15282442071063457,0.0021321550098786102
2296,3000,False,0.2559361800781381,0.009099547029830379,True,-0.17192152735803579,-0.1708374943796293,0.000999058921397656
2297,3000,False,0.2630890096038001,0.009173143450387122,True,-0.2219579971523011,-0.22022581043390732,0.001666735742624326
2298,3000,False,0.2589955502074604,0.008765679561156016,True,-0.18054375987737892,-0.18047145074401094,0.002250174999390875
2299,3000,False,0.25352317449183503,0.008623635092328955,True,-0.2000348557067153,-0.19988716910805765,0.00090735331258439
2300,3000,False,0.26896619116189896,0.00827028631385047,True,-0.17375807312491012,-0.1736577730514841,0.0016991499150605667
