seed,n,oracle,slope,se,cov
2001,3000,True,0.27339450295300693,0.008172122459947775,True
2002,3000,True,0.26244569527376127,0.008358377906106516,True
2003,3000,True,0.2774636719925456,0.00855310858759166,True
2004,3000,True,0.2579353716915543,0.00917826278068013,True
2005,3000,True,0.25769378861410447,0.008039314908591215,True
2006,3000,True,0.2547617289804143,0.00955198746075997,True
2007,3000,True,0.27091179998760856,0.00923667743665319,True
2008,3000,True,0.28118501735461854,0.009575261870136043,True
2009,3000,True,0.2554726437650406,0.008371362127224424,True
2010,3000,True,0.2671040743900255,0.00929144835043929,True
2011,3000,True,0.27858268044338413,0.008737549688918139,True
2012,3000,True,0.2667015866897029,0.008490703586854047,True
2013,3000,True,0.2656524327922079,0.008256703202038475,True
2014,3000,True,0.24764143008501635,0.00934164693915544,True
2015,3000,True,0.2596673619058933,0.008000409808514124,True
2016,3000,True,0.28256099717402977,0.008171936391617519,False
2017,3000,True,0.25747894599549065,0.0081253587043096,True
2018,3000,True,0.2524524527545437,0.008433024207256274,True
2019,3000,True,0.27393354009041354,0.00966693101997481,True
2020,3000,True,0.26463135649088276,0.010474200756859202,True
2021,3000,True,0.2740905549667044,0.008635383706977737,True
2022,3000,True,0.26316240655445094,0.008133851102359663,True
2023,3000,True,0.28667766094131225,0.008255864383530848,False
2024,3000,True,0.2535280246094059,0.008583569348235573,True
2025,3000,True,0.26823052926269736,0.009526069881594082,True
2026,3000,True,0.2591626634549973,0.008505543243930321,True
2027,3000,True,0.2585579519788974,0.008503247919978817,True
2028,3000,True,0.2549891058353376,0.008513055489230436,True
2029,3000,True,0.2709350906742614,0.008933969407152713,True
2030,3000,True,0.26028175501588724,0.008241136042190678,True
2031,3000,True,0.2560629367701993,0.008711876038136843,True
2032,3000,True,0.2651054678653707,0.009396183651704488,True
2033,3000,True,0.26532137449869464,0.008095493627178742,True
2034,3000,True,0.27630355965125114,0.00799627923550423,True
2035,3000,True,0.2607409102730246,0.008805569474337905,True
2036,3000,True,0.26542497076399435,0.008754300320866984,True
2037,3000,True,0.2762001931471159,0.008289829337672448,True
2038,3000,True,0.28990662026580716,0.010231065837119729,False
2039,3000,True,0.28775910187580817,0.00857158270677047,False
2040,3000,True,0.2642414244034631,0.00787953064009963,True
2041,3000,True,0.2615717422152408,0.009305921769290808,True
2042,3000,True,0.24889349078513576,0.009520770959997841,True
2043,3000,True,0.269149438852597,0.008375449678278557,True
2044,3000,True,0.27658190508122504,0.007697277558722609,True
2045,3000,True,0.25277634447647845,0.008671112455603737,True
2046,3000,True,0.26214252251903325,0.008550923348494987,True
2047,3000,True,0.2546118792691387,0.00865318910054319,True
2048,3000,True,0.2439533218759126,0.010544109796151727,False
2049,3000,True,0.26848306380951875,0.00847530176181941,True
2050,3000,True,0.26627193979187397,0.008626397607015187,True
2051,3000,True,0.2800354436638067,0.008852738275609728,True
2052,3000,True,0.26943461778232647,0.010502274596335386,True
2053,3000,True,0.25758667412216407,0.008157602625439611,True
2054,3000,True,0.2682360036103812,0.010606773520489972,True
2055,3000,True,0.26891085472217935,0.008537905300265724,True
2056,3000,True,0.27147774434906147,0.01051595476533361,True
2057,3000,True,0.2641071329531313,0.007987961734236309,True
2058,3000,True,0.27502454269447596,0.007812446133555229,True
2059,3000,True,0.25203039536470084,0.009628579453186518,True
2060,3000,True,0.2570762056193534,0.009192352178788065,True
2061,3000,True,0.26990455426292115,0.008148748826019172,True
2062,3000,True,0.2648125957012091,0.009369669771135536,True
2063,3000,True,0.26597801508145247,0.008101795070140453,True
2064,3000,True,0.26484765933779625,0.0079054830621097,True
2065,3000,True,0.27880968379641824,0.008758892648625633,True
2066,3000,True,0.2604420982890508,0.008638536755945439,True
2067,3000,True,0.26633980322376316,0.007774154931086657,True
2068,3000,True,0.27603834993395104,0.010475771535951276,True
2069,3000,True,0.269253332625183,0.00798194300918972,True
2070,3000,True,0.2718863083822282,0.00824175078743637,True
2071,3000,True,0.26848158189649296,0.009255779000605476,True
2072,3000,True,0.27791046774240286,0.01210902568819618,True
2073,3000,True,0.26619424555408455,0.009536193200669403,True
2074,3000,True,0.2671722416435679,0.008371760978952791,True
2075,3000,True,0.26638682004968145,0.008187486208213869,True
2076,3000,True,0.27568153281001395,0.009890147346230602,True
2077,3000,True,0.28172949922643203,0.009630561839209668,True
2078,3000,True,0.258720576062792,0.01150576542547131,True
2079,3000,True,0.2574620076962989,0.009135162085366258,True
2080,3000,True,0.2560735672803195,0.00877329030904322,True
2081,3000,True,0.26711431236322414,0.009136845750095164,True
2082,3000,True,0.2586100296083526,0.00898691123512224,True
2083,3000,True,0.2759958665851006,0.007300874002436348,True
2084,3000,True,0.25434352640631847,0.00852069447212505,True
2085,3000,True,0.2708130935098822,0.008465101644041004,True
2086,3000,True,0.2585480788591222,0.010247957828502977,True
2087,3000,True,0.2669350424305011,0.010393539672577296,True
2088,3000,True,0.26158525965981105,0.009522249010103033,True
2089,3000,True,0.27524517193875964,0.009184972252927685,True
2090,3000,True,0.2656211055858075,0.00835376043362737,True
2091,3000,True,0.2630897181779974,0.008244519011749408,True
2092,3000,True,0.25163620591492347,0.008802186055555928,True
2093,3000,True,0.26532335770693716,0.00967235325905726,True
2094,3000,True,0.25329161594153343,0.009397758024708948,True
2095,3000,True,0.2632846604358535,0.008812713937233135,True
2096,3000,True,0.2552787618850146,0.008465769876777744,True
2097,3000,True,0.2655004421522594,0.009228212605006884,True
2098,3000,True,0.2749523728679735,0.008470618624114483,True
2099,3000,True,0.27728453528395686,0.008070681255502364,True
2100,3000,True,0.2721064784679317,0.008854810641390164,True
2101,3000,True,0.2456665050907307,0.008747575518020464,False
2102,3000,True,0.2544692902754339,0.009083519864169769,True
2103,3000,True,0.28226501141007065,0.009155303838164042,True
2104,3000,True,0.27379289560374903,0.008281993767580665,True
2105,3000,True,0.2716203444508339,0.008290403906966465,True
2106,3000,True,0.2631609007712844,0.009516581711667912,True
2107,3000,True,0.2759224289833085,0.008224495420212318,True
2108,3000,True,0.24491665376577507,0.009251858368683353,False
2109,3000,True,0.2777502876412188,0.010705523674303417,True
2110,3000,True,0.2655439967833888,0.009141254409647326,True
2111,3000,True,0.274281308063621,0.008903202125119249,True
2112,3000,True,0.2704254551886135,0.008767658021942936,True
2113,3000,True,0.26925695539948896,0.014348581465425088,True
2114,3000,True,0.2781782954467891,0.009735571353428507,True
2115,3000,True,0.2810309658663963,0.008030382233594412,True
2116,3000,True,0.26643064769366204,0.010339428577727868,True
2117,3000,True,0.2551864468031148,0.007630565649938564,True
2118,3000,True,0.268502878756877,0.008445350319171924,True
2119,3000,True,0.2748565882130504,0.008022681325027193,True
2120,3000,True,0.27146138167796247,0.007372775767903851,True
2121,3000,True,0.2601870369955834,0.00840280638575045,True
2122,3000,True,0.2701785658765227,0.008233708292421616,True
2123,3000,True,0.2634816147963586,0.008490269970222479,True
2124,3000,True,0.26316535463039414,0.008186522883821821,True
2125,3000,True,0.26697925830761743,0.008712942707046758,True
2126,3000,True,0.27375768669802986,0.00849924148074842,True
2127,3000,True,0.26330827940843854,0.008120537821538,True
2128,3000,True,0.28017404813750285,0.008204851396534438,True
2129,3000,True,0.26621209174101684,0.008316422563494397,True
2130,3000,True,0.26977938014774683,0.008018787323848342,True
2131,3000,True,0.27116356124827967,0.010476658746672566,True
2132,3000,True,0.2651076255192802,0.008716224381130353,True
2133,3000,True,0.26056580239028987,0.00791502530677825,True
2134,3000,True,0.2658014370215562,0.008602577994561848,True
2135,3000,True,0.2614156253874996,0.009616285309256787,True
2136,3000,True,0.27200163213937467,0.009791978816877355,True
2137,3000,True,0.25810505084007807,0.008368582588036057,True
2138,3000,True,0.26723856974281085,0.00894486194654848,True
2139,3000,True,0.2484274999731012,0.007546986269212409,False
2140,3000,True,0.25794268594564623,0.008054309907314188,True
2141,3000,True,0.2530459942450994,0.008254864314475521,True
2142,3000,True,0.25713624355106035,0.008371041178222686,True
2143,3000,True,0.2571623329272953,0.008288479189413908,True
2144,3000,True,0.2757317872224675,0.007871939582796833,True
2145,3000,True,0.2696533812322117,0.011112839604336169,True
2146,3000,True,0.2831875849493472,0.00789340224707395,False
2147,3000,True,0.25690650819946537,0.008869945021114298,True
2148,3000,True,0.27037126184233135,0.010206370676320691,True
2149,3000,True,0.2616140612583882,0.00872345766785102,True
2150,3000,True,0.25763150229006687,0.00856089205530327,True
2151,3000,True,0.2705620795427784,0.008444203875490145,True
2152,3000,True,0.26681570079186345,0.009010364556511928,True
2153,3000,True,0.2560244284192362,0.008336930038848564,True
2154,3000,True,0.2630037432287934,0.007743163317376529,True
2155,3000,True,0.26046737905700584,0.008691634779691,True
2156,3000,True,0.2615958017898114,0.0083297174810179,True
2157,3000,True,0.249236370483977,0.009919110530321323,True
2158,3000,True,0.27608488732610226,0.008593978010483776,True
2159,3000,True,0.2586980767250695,0.009321540414005463,True
2160,3000,True,0.26811006464595344,0.00931502030347495,True
2161,3000,True,0.2546457217410063,0.008731009440239966,True
2162,3000,True,0.2653854471762723,0.009266472941149132,True
2163,3000,True,0.27056530959491165,0.00847564893100782,True
2164,3000,True,0.2641459903329605,0.010570640444566041,True
2165,3000,True,0.2702119292910105,0.008085983930919777,True
2166,3000,True,0.27322077605811745,0.008014476114466271,True
2167,3000,True,0.26539975638348146,0.008017163754271864,True
2168,3000,True,0.2673768900911127,0.009823306988071519,True
2169,3000,True,0.2658033374684557,0.008928270708231087,True
2170,3000,True,0.28091879990925994,0.008617271366920046,True
2171,3000,True,0.25284557612683684,0.012014250282023674,True
2172,3000,True,0.2761935731239969,0.008732471851685854,True
2173,3000,True,0.27416919793914624,0.008941355316945199,True
2174,3000,True,0.2512814482551779,0.011924139189154026,True
2175,3000,True,0.2832415354153052,0.008995610036231411,True
2176,3000,True,0.2726310787235162,0.00830531876731546,True
2177,3000,True,0.26671809517355755,0.010002967214658414,True
2178,3000,True,0.2734965170594184,0.010032217656204693,True
2179,3000,True,0.26727251761028653,0.007932945091953594,True
2180,3000,True,0.2634226156320949,0.008440077587034233,True
2181,3000,True,0.25304372533508784,0.00908302227420085,True
2182,3000,True,0.2670331648043015,0.008038719104395853,True
2183,3000,True,0.26460771194742916,0.007721308032929916,True
2184,3000,True,0.26604290711686013,0.008545168703603997,True
2185,3000,True,0.2504953888785811,0.008519271195216846,True
2186,3000,True,0.25904512942595764,0.00898381396744527,True
2187,3000,True,0.2737568198256691,0.009541529192074072,True
2188,3000,True,0.27677107118820987,0.009970326067211502,True
2189,3000,True,0.2603506076505519,0.008952255824251056,True
2190,3000,True,0.2714138313477186,0.010448183083449721,True
2191,3000,True,0.2584480208564842,0.008120451968792923,True
2192,3000,True,0.2628770981161644,0.009128458289167436,True
2193,3000,True,0.25527361170853985,0.00894227299612671,True
2194,3000,True,0.2714049984620067,0.00829922484084389,True
2195,3000,True,0.2488766101340861,0.008641007202735014,True
2196,3000,True,0.2585463773562805,0.00921764486933061,True
2197,3000,True,0.2613882763958411,0.00879091598700914,True
2198,3000,True,0.2488865536166343,0.008072746427241219,False
2199,3000,True,0.2597212625091854,0.010859561699421356,True
2200,3000,True,0.25869039069932653,0.008378536662257598,True
2201,3000,True,0.26313151799107437,0.010079147194580518,True
2202,3000,True,0.2590679579386874,0.008591820714170138,True
2203,3000,True,0.28405322634725994,0.012126400083941523,True
2204,3000,True,0.2587129054263248,0.009670005660106399,True
2205,3000,True,0.26096251978018753,0.010790941949185567,True
2206,3000,True,0.26263243638717937,0.00995630081107615,True
2207,3000,True,0.24048649790786383,0.009791676558622439,False
2208,3000,True,0.2743058166142913,0.008624474220210199,True
2209,3000,True,0.27344957125158215,0.009244966367407337,True
2210,3000,True,0.270321620189214,0.010781525605893778,True
2211,3000,True,0.27261899403917583,0.009750985631197565,True
2212,3000,True,0.27929983085217613,0.010660045581833118,True
2213,3000,True,0.26091796670373807,0.007625104913767445,True
2214,3000,True,0.2657403552214889,0.008418099768735898,True
2215,3000,True,0.263741248176294,0.0077203197537065405,True
2216,3000,True,0.2767502694020411,0.0086016891804655,True
2217,3000,True,0.260594925624439,0.008910724582451226,True
2218,3000,True,0.24574939438656665,0.009108425146457782,False
2219,3000,True,0.259301523479651,0.008438468239441083,True
2220,3000,True,0.2701317962528085,0.008490456296011787,True
2221,3000,True,0.2810020235292673,0.008480951386153762,True
2222,3000,True,0.2661962045938422,0.007908309303932716,True
2223,3000,True,0.2710240783079256,0.008733695584456146,True
2224,3000,True,0.26072090563173733,0.009498187158906171,True
2225,3000,True,0.27792073327782607,0.009399799038029837,True
2226,3000,True,0.2545766662741968,0.008367368338374488,True
2227,3000,True,0.2682082054417489,0.008005565917173529,True
2228,3000,True,0.26340266099664034,0.008900743179332237,True
2229,3000,True,0.26369691618109636,0.008438296785525986,True
2230,3000,True,0.29102632563313424,0.009978519019773752,False
2231,3000,True,0.2838385040000978,0.008913143481227077,False
2232,3000,True,0.2636188849531806,0.00897863653044442,True
2233,3000,True,0.267688358062094,0.0087614413540365,True
2234,3000,True,0.28654435830780833,0.008984657782794317,False
2235,3000,True,0.2646405746316784,0.008650597387307946,True
2236,3000,True,0.2567797425068078,0.009552830906826243,True
2237,3000,True,0.27844956793308867,0.008396316873574169,True
2238,3000,True,0.25455110482669485,0.009972962045656212,True
2239,3000,True,0.2595766418775447,0.008213329535772612,True
2240,3000,True,0.2593837272681164,0.008278995631771676,True
2241,3000,True,0.26051419573530044,0.008125313178709924,True
2242,3000,True,0.24308228368057774,0.009593936970625282,False
2243,3000,True,0.2617616402299138,0.008762534589133628,True
2244,3000,True,0.26426482138945545,0.008568815010018417,True
2245,3000,True,0.26598007318961636,0.008902742431116583,True
2246,3000,True,0.2629377850091995,0.007352283785573213,True
2247,3000,True,0.2720892131698181,0.00821987440596158,True
2248,3000,True,0.268708066334666,0.010200027198769357,True
2249,3000,True,0.2614756167081527,0.00985005292369519,True
2250,3000,True,0.2651070132032343,0.008990778379358948,True
2251,3000,True,0.24646847671621713,0.00839624410197236,False
2252,3000,True,0.2519992162524879,0.008860706952591902,True
2253,3000,True,0.2742922831327311,0.00996232483731651,True
2254,3000,True,0.2564474962658479,0.007752551024458749,True
2255,3000,True,0.2820179040691516,0.008419449496262868,True
2256,3000,True,0.265390059087022,0.00785729492850218,True
2257,3000,True,0.2504931134888752,0.00880044180832512,True
2258,3000,True,0.2563220539342329,0.009068820481239255,True
2259,3000,True,0.29006553112376593,0.010364943503281168,False
2260,3000,True,0.2578364651157226,0.011210242612669943,True
2261,3000,True,0.29017425232515726,0.007920133803654927,False
2262,3000,True,0.2600815490951897,0.009210353093457817,True
2263,3000,True,0.2715083675205381,0.008233996803246683,True
2264,3000,True,0.2670412112256087,0.011765622534856614,True
2265,3000,True,0.2649251855743075,0.008892767112837013,True
2266,3000,True,0.26000999879672615,0.008509590373472535,True
2267,3000,True,0.27224546287583046,0.008167320381169347,True
2268,3000,True,0.2551565731343053,0.008914513372024714,True
2269,3000,True,0.2913658827979045,0.008471896183844412,False
2270,3000,True,0.267888480293279,0.008045536097024571,True
2271,3000,True,0.2597481292178627,0.011796323857660683,True
2272,3000,True,0.26491407270909095,0.008556228794242369,True
2273,3000,True,0.2749262895319666,0.008539625564196195,True
2274,3000,True,0.2655045576714633,0.008970844240955641,True
2275,3000,True,0.2683746481293661,0.008579106717162839,True
2276,3000,True,0.2539270014927892,0.009228614951877535,True
2277,3000,True,0.26932294337573165,0.008547105942730157,True
2278,3000,True,0.27628001380635264,0.010149635111357925,True
2279,3000,True,0.28912585780986094,0.01054688874636053,False
2280,3000,True,0.27276803379375064,0.008482045995842905,True
2281,3000,True,0.26526002549298094,0.008381822107058741,True
2282,3000,True,0.26877447076621513,0.008320760653023956,True
2283,3000,True,0.246655404171688,0.008189035354058122,False
2284,3000,True,0.27046512569257375,0.009424854312876922,True
2285,3000,True,0.26467324188978925,0.007984438615386944,True
2286,3000,True,0.255233725331181,0.009286368105176263,True
2287,3000,True,0.25615144991367395,0.009868034432645677,True
2288,3000,True,0.25221554273250973,0.008478073531585077,True
2289,3000,True,0.27080971255871794,0.008682734731364045,True
2290,3000,True,0.2610036378506976,0.00835126246566134,True
2291,3000,True,0.2713121557338918,0.008802152967406341,True
2292,3000,True,0.27033224980214043,0.009262357757657755,True
2293,3000,True,0.2619039564900351,0.008571225663622693,True
2294,3000,True,0.25606929807823897,0.009433925408234673,True
2295,3000,True,0.2639975621881629,0.00954114329091302,True
2296,3000,True,0.2578512181904224,0.009527296732248136,True
2297,3000,True,0.26269964457738365,0.010002831019691872,True
2298,3000,True,0.2575365719437514,0.009359917096727104,True
2299,3000,True,0.25302263778685874,0.009182420158611516,True
2300,3000,True,0.2699690266424328,0.007916785043766165,True
