seed,dr_psi,dr_se,dr_covers,ord_psi,ord_se,ord_covers,const_psi,const_se,const_covers,dr_scores_passed,dr_corrections_passed,const_scores_passed,const_corrections_passed,attention,contract,nuisance_reasonable,truncated,min_fitted_g,qr_spline_best,gr1_spline_best,gr2_spline_best,evalue_point,evalue_limit,min_true_g,seconds
8000,0.158815834,0.0068424172,True,0.1595609949,0.006828442208,True,0.1594216492,0.006828727305,True,True,True,True,True,,theorem,True,0,0.1427139544,0,1,0,3.108854961,2.913170621,0.05228997526,9.9602019
8001,0.1580074299,0.006792583244,True,0.1601144817,0.006848614133,True,0.1596272598,0.006884517286,True,True,True,True,True,,theorem,True,0,0.1120114052,0,2,0,3.067928384,2.877762513,0.0500991574,12.0287606
8002,0.1597470875,0.006792459976,True,0.1597771894,0.00670941873,True,0.1592936867,0.006672626391,True,True,True,True,True,,bound-active,True,0,0.1321428829,0,6,3,3.128148991,2.932578444,0.05003844587,13.376239
8003,0.1584516822,0.006737361656,True,0.1586471674,0.006750033454,True,0.1583720576,0.006751927617,True,True,True,True,True,,bound-active,True,0,0.1409387163,0,5,0,3.098617409,2.906702807,0.05035626385,11.0921124
8004,0.1587496074,0.006483892748,True,0.1597178206,0.00665028202,True,0.1596089199,0.00663692139,True,True,True,True,True,,theorem,True,0,0.1170468417,1,5,1,3.081925067,2.899396145,0.05007486743,9.9449066
8005,0.1665596923,0.006544051955,True,0.1664286641,0.006469184992,True,0.1668890213,0.006440328099,True,True,True,True,True,,theorem,True,0,0.1952326744,1,1,2,3.18765771,2.999755575,0.05006880176,16.8860105
8006,0.1614682353,0.006803423553,True,0.160606694,0.00676021049,True,0.1609370726,0.00676444806,True,True,True,True,True,,theorem,True,0,0.1228284352,1,4,0,3.132196903,2.937861064,0.05008995736,18.34426
8007,0.1825115016,0.006658472106,False,0.1829277388,0.006857379149,False,0.1829216028,0.006867249186,False,True,True,True,True,,theorem,True,0,0.1367592755,2,3,0,3.469172816,3.263243746,0.05546343635,10.5976121
8008,0.1649971783,0.006555514215,True,0.1651990017,0.00661551794,True,0.1649485213,0.006622727844,True,True,True,True,True,,theorem,True,0,0.141378334,1,2,0,3.180711756,2.991559364,0.0505099911,33.3037157
8009,0.1611840728,0.006897969628,True,0.1614243934,0.006859675128,True,0.1609764461,0.006890575571,True,True,True,True,True,,theorem,True,0,0.1266963825,1,6,1,3.085453158,2.893955611,0.05026921982,33.1529619
8010,0.1517195776,0.006655175507,True,0.1534120534,0.006897590224,True,0.1538475656,0.006750138931,True,True,True,True,True,,theorem,True,0,0.1309397706,1,4,1,3.015725937,2.828344562,0.05032482778,11.036876
8011,0.1556370823,0.006952529226,True,0.1579531142,0.006987634987,True,0.1573992001,0.006981802642,True,True,True,True,True,,theorem,True,0,0.1547564122,1,5,1,3.070284474,2.872542648,0.05067993948,19.0757095
8012,0.1704179866,0.006928849997,True,0.1713347789,0.006767238114,True,0.1714535568,0.006757341784,True,True,True,True,True,,theorem,True,0,0.1504473534,1,5,4,3.282127377,3.076388547,0.05012535432,14.0594816
8013,0.1509924946,0.006533802643,True,0.1521978277,0.006528751921,True,0.1519850002,0.006479840181,True,True,True,True,True,,theorem,True,0,0.1352033532,0,2,1,2.974512449,2.794686121,0.0505915664,11.412495
8014,0.1620846744,0.006813393441,True,0.1625221234,0.006871001498,True,0.1633009849,0.006933189934,True,True,True,True,True,,theorem,True,0,0.1172296066,0,5,1,3.112760632,2.921253437,0.05047906223,16.1815465
8015,0.1566320972,0.00651685416,True,0.1572988715,0.006527978136,True,0.1568515145,0.006524380707,True,True,True,True,True,,theorem,True,0,0.1818726855,1,3,1,3.056886334,2.874034139,0.05081203557,13.7365342
8016,0.1554784525,0.006856159974,True,0.1551900463,0.007039763216,True,0.1570765812,0.007003713116,True,True,True,True,True,,theorem,True,0,0.1455588097,1,3,1,3.024045265,2.834645106,0.0533065435,16.3696611
8017,0.1645479014,0.006735344256,True,0.1673583134,0.006779240341,True,0.1673767611,0.00678258524,True,True,True,True,True,,theorem,True,0,0.1270138017,2,5,5,3.171656023,2.978004192,0.05523124593,9.3595062
8018,0.1595348972,0.007390836763,True,0.159705324,0.007006732739,True,0.1598221327,0.007004185193,True,True,True,True,True,,theorem,True,0,0.06888880131,2,6,3,3.103281189,2.893969526,0.05262386559,14.0113118
8019,0.1656280196,0.006614717152,True,0.1679443439,0.006718811465,True,0.1672558208,0.006675414878,True,True,True,True,True,,theorem,True,0,0.1124172033,2,2,0,3.173947602,2.984632485,0.05108932944,11.0918507
8020,0.1521539382,0.006682542642,True,0.153593057,0.006727289041,True,0.1528365688,0.006785779124,True,True,True,True,True,,theorem,True,0,0.1037928773,0,3,0,3.016947034,2.829184109,0.05187120147,8.2565326
8021,0.156275337,0.006712992446,True,0.1557763056,0.006627250058,True,0.1558910683,0.006581411733,True,True,True,True,True,,theorem,True,0,0.1293000537,1,0,0,3.056872508,2.868218115,0.05103629934,11.5721286
8022,0.1552532482,0.006623406525,True,0.1561807727,0.006612950429,True,0.1559215381,0.00660060832,True,True,True,True,True,,theorem,True,0,0.2004600016,2,5,2,3.06333035,2.875145853,0.05245568073,9.2073021
8023,0.1684004355,0.007038594903,True,0.1702735868,0.006742604006,True,0.1702265337,0.006778351528,True,True,True,True,True,,bound-active,True,0,0.1149015456,2,3,2,3.235142558,3.02964292,0.05142177162,9.4387176
8024,0.153175054,0.007021626622,True,0.1555180744,0.007024340445,True,0.1546155204,0.006967536065,True,True,True,True,True,,theorem,True,0,0.08452148834,2,6,2,3.022097987,2.825635451,0.05023812938,7.5978757
8025,0.1537289574,0.006601258919,True,0.1547651863,0.006631968004,True,0.1555074238,0.006613563813,True,True,True,True,True,,theorem,True,0,0.1143966386,2,5,1,3.056433733,2.867899308,0.05398660316,10.0836621
8026,0.1492889187,0.006914908488,False,0.1531503718,0.006700276431,True,0.1536404161,0.006670052704,True,True,True,True,True,,bound-active,True,0,0.1663212785,1,5,2,2.937685499,2.750288862,0.05155278281,17.7356317
8027,0.1620110034,0.006828023397,True,0.163659631,0.006623604421,True,0.1639008504,0.006573628784,True,True,True,True,True,,theorem,True,0,0.06052992156,0,4,3,3.127976198,2.934111747,0.05054061981,9.9652578
8028,0.1629045346,0.006794798296,True,0.164185079,0.006652976811,True,0.1634925037,0.006608946585,True,False,False,True,True,score_equations|corrections,theorem,True,0,0.1286396877,1,4,1,3.170045687,2.972994406,0.05021583922,13.0380295
8029,0.1700112701,0.006657778306,True,0.171380649,0.006719475111,True,0.1711721228,0.006718355674,True,True,True,True,True,,theorem,True,0,0.1282213171,3,6,3,3.302416155,3.101691334,0.05535984692,13.0966308
8030,0.1743922947,0.006871268383,True,0.1774209475,0.00678582675,False,0.1770177449,0.006727215975,False,True,True,True,True,,theorem,True,0,0.122521794,3,6,4,3.268544261,3.070627833,0.05450692942,14.4064929
8031,0.1575098859,0.007281090961,True,0.1583407486,0.006907804994,True,0.1580672663,0.006883753236,True,True,True,True,True,,theorem,True,0,0.09208805878,1,6,1,3.060044838,2.856944186,0.05084906701,10.6022644
8032,0.1581997786,0.006763549679,True,0.1577495866,0.006834999081,True,0.1578773822,0.006869430646,True,True,True,True,True,,theorem,True,0,0.1044284906,1,6,0,3.086021503,2.894639057,0.05056063117,8.296549
8033,0.1668593089,0.006693586155,True,0.17087077,0.006855896764,True,0.170654858,0.006849571088,True,True,True,True,True,,bound-active,True,0,0.09175596124,1,6,5,3.205803251,3.011884199,0.05081084853,11.4655683
8034,0.1594550559,0.006691096979,True,0.1612430797,0.006682058233,True,0.1611766865,0.006656527708,True,True,True,True,True,,theorem,True,0,0.1459379143,1,4,1,3.10406557,2.913948731,0.05117738541,31.1715325
8035,0.1583697756,0.006999467251,True,0.1598989335,0.006928968349,True,0.1597370803,0.006930627039,True,True,True,True,True,,theorem,True,0,0.149527871,2,6,3,3.125778264,2.922980076,0.05067854578,7.8547376
8036,0.1586573896,0.006681672289,True,0.1587552972,0.006802241511,True,0.1589935784,0.006768702993,True,True,True,True,True,,theorem,True,0,0.1677812315,0,3,3,3.07389278,2.886788959,0.05299595422,10.1197875
8037,0.1460295379,0.006700274744,False,0.1471052352,0.006685863918,False,0.1469426853,0.006672022301,False,True,True,True,True,,theorem,True,0,0.1221873441,0,5,0,2.906016034,2.724415334,0.0522086631,9.5981661
8038,0.1633434874,0.007182560573,True,0.1616225205,0.006998087882,True,0.1623655575,0.007376013746,True,True,True,True,True,,theorem,True,0,0.1042681451,1,4,1,3.114202131,2.913893256,0.05098542103,9.7408372
8039,0.1654647337,0.006487646637,True,0.1664935822,0.006581189365,True,0.1665411381,0.006536677485,True,True,True,True,True,,theorem,True,0,0.1331898096,1,3,1,3.172880744,2.987069157,0.05099479213,10.8909466
8040,0.1714216877,0.006572285359,True,0.171231824,0.00663439196,True,0.1710980377,0.006580923223,True,True,True,True,True,,theorem,True,0,0.1216414791,2,2,0,3.273462807,3.080194982,0.05382083001,10.8189086
8041,0.1602323937,0.006757200949,True,0.1621794259,0.006811206816,True,0.1617126806,0.006828861341,True,True,True,True,True,,theorem,True,0,0.1113666455,2,5,3,3.136596078,2.941553385,0.05081281994,31.6574213
8042,0.1530372464,0.006644224658,True,0.1536764033,0.006627213131,True,0.1551813483,0.00665374932,True,True,True,True,True,,theorem,True,0,0.1149052639,1,5,2,3.026036926,2.839252784,0.05351945917,32.7699968
8043,0.1601712476,0.006750900284,True,0.1608550729,0.00672799074,True,0.1615122802,0.006675059277,True,True,True,True,True,,theorem,True,0,0.1803457975,0,6,3,3.135488489,2.940687356,0.05036072162,10.869433
8044,0.1644035006,0.006651314957,True,0.164977428,0.006683289493,True,0.165984195,0.006717681532,True,True,True,True,True,,theorem,True,0,0.07335188001,0,3,3,3.191889323,2.998019882,0.051801535,7.207576
8045,0.1526567818,0.006698127532,True,0.1516523045,0.006661540733,True,0.1517139371,0.006646041961,True,True,True,True,True,,theorem,True,0,0.1730326348,0,3,0,3.006262162,2.82001551,0.05021414917,10.5008989
8046,0.1657181603,0.007061509405,True,0.1672281546,0.006960180048,True,0.1670685597,0.006951742216,True,True,True,True,True,,theorem,True,0,0.09075419363,2,6,2,3.143949222,2.945999819,0.05065255173,9.9399171
8047,0.1649603294,0.006837726609,True,0.1657925866,0.006907750983,True,0.1651651659,0.006986575861,True,True,True,True,True,,theorem,True,0,0.1495924183,1,4,2,3.199459629,3.000009902,0.05248635754,11.8919329
8048,0.147136985,0.006735206582,False,0.1494230599,0.006717333033,False,0.1491407989,0.006664882458,False,True,True,True,True,,theorem,True,0,0.1532370142,1,5,3,2.996219357,2.803404761,0.05002873383,12.5264488
8049,0.1635000619,0.006765000671,True,0.1653081348,0.006852908495,True,0.1643968646,0.006819518793,True,True,True,True,True,,theorem,True,0,0.1099874463,2,6,3,3.136617298,2.945168626,0.05001779141,11.0196176
8050,0.1597396465,0.006996984558,True,0.1597421118,0.006987000221,True,0.1600606151,0.006940260672,True,True,True,True,True,,theorem,True,0,0.1138725763,2,5,2,3.075550135,2.880903004,0.05572733735,16.1816219
8051,0.1743143027,0.006768088969,True,0.1739885805,0.006793949896,True,0.1739484548,0.006781996251,True,True,True,True,True,,bound-active,True,0,0.1274383264,2,4,1,3.33094333,3.128542401,0.05175789382,14.0402026
8052,0.1597424211,0.007340968471,True,0.1557267816,0.006623531097,True,0.1570722232,0.006656122062,True,True,True,True,True,,theorem,True,0,0.09457644728,0,6,2,3.117281969,2.907746708,0.05177909433,9.5632413
8053,0.1619316147,0.006764426233,True,0.1623991627,0.006747872792,True,0.1624371357,0.006735361801,True,True,True,True,True,,bound-active,True,0,0.07026958985,0,4,0,3.174290894,2.976426576,0.05009903947,8.390129
8054,0.1484628437,0.006595623882,False,0.1498288758,0.006643227812,False,0.1501287712,0.006643526269,True,True,True,True,True,,theorem,True,0,0.1314077941,0,5,1,2.934143506,2.754687243,0.05049081163,15.5645499
8055,0.1592247137,0.006617209744,True,0.159904173,0.006697999214,True,0.160111896,0.006686573191,True,True,True,True,True,,theorem,True,0,0.1167727192,2,6,1,3.117137428,2.927226161,0.05018624666,9.6595965
8056,0.1735798063,0.006697724909,True,0.1735169131,0.006873941638,True,0.1737329798,0.006830853628,True,True,True,True,True,,theorem,True,0,0.09239073121,1,3,3,3.32376535,3.123431777,0.05001238706,11.9648302
8057,0.1698559305,0.007103708156,True,0.1709519573,0.006961995949,True,0.1697511739,0.00709138237,True,True,True,True,True,,theorem,True,0,0.1090296642,2,4,2,3.28089793,3.069564061,0.05489778731,18.8679735
8058,0.158240756,0.006712365881,True,0.158700396,0.006745363679,True,0.1596473791,0.007108931644,True,True,True,True,True,,theorem,True,0,0.1116722914,1,3,1,3.075807458,2.887143867,0.05377131048,13.3775761
8059,0.1635320777,0.00674070648,True,0.1639896255,0.006834952431,True,0.1637691155,0.006830021291,True,True,True,True,True,,theorem,True,0,0.1429504195,0,4,2,3.148534057,2.956355262,0.05219173348,10.8731805
8060,0.1602005697,0.006980404662,True,0.1624121055,0.007128518787,True,0.1624112138,0.007120500598,True,True,True,True,True,,theorem,True,0,0.1167327836,0,6,3,3.102817595,2.905727138,0.05049641649,8.8447322
8061,0.1590292321,0.007134492867,True,0.1601612069,0.006997855425,True,0.1604210933,0.006990625571,True,True,True,True,True,,theorem,True,0,0.093886353,0,3,4,3.111873508,2.90790615,0.05067785743,14.7506167
8062,0.1612440262,0.00686891411,True,0.162262111,0.006528016727,True,0.1628261419,0.006528280978,True,True,True,True,True,,theorem,True,0,0.1685603347,1,5,2,3.15141206,2.952586463,0.05339213345,16.9563171
8063,0.1552490952,0.007095557381,True,0.1579921621,0.006782285677,True,0.1566454858,0.006845204562,True,False,False,True,True,score_equations|corrections,theorem,True,0,0.1183176632,1,2,2,3.009920494,2.815615645,0.05026434324,9.7990872
8064,0.1638852364,0.006728846071,True,0.1621044568,0.006745891629,True,0.1630734514,0.006713707509,True,True,True,True,True,,theorem,True,0,0.07639004469,0,6,3,3.167609736,2.973864799,0.05228796235,14.9744082
8065,0.1584088894,0.006578764484,True,0.1596369429,0.006702631308,True,0.1595468399,0.006643938056,True,True,True,True,True,,theorem,True,0,0.06852792707,3,3,0,3.062169289,2.879010206,0.05020309435,14.9902844
8066,0.1494161365,0.007013166035,True,0.150031862,0.007002785644,True,0.150505215,0.006970426172,True,True,True,True,True,,theorem,True,0,0.09435402548,0,5,1,2.947523376,2.756383617,0.05343578287,26.1906515
8067,0.1709512808,0.006898529289,True,0.171782324,0.006838288009,True,0.1707263205,0.006874630907,True,False,False,True,True,score_equations|corrections,theorem,True,0,0.0947470158,1,6,3,3.241137642,3.04185151,0.05040013601,9.0049718
8068,0.1580662932,0.006703327253,True,0.1592351669,0.006693293633,True,0.1597206956,0.006635724441,True,True,True,True,True,,theorem,True,0,0.1644455901,1,2,0,3.128912038,2.933749535,0.05308320272,12.6034677
8069,0.1632773213,0.006784934892,True,0.1638682298,0.006769414505,True,0.1637490802,0.006784849776,True,True,True,True,True,,theorem,True,0,0.1235589129,1,5,1,3.123553648,2.932883598,0.05001054391,8.7612557
8070,0.1616205828,0.006782253403,True,0.1631767588,0.006663018328,True,0.1633843418,0.006648218322,True,True,True,True,True,,theorem,True,0,0.1100655983,1,6,0,3.132564286,2.938953214,0.052185074,12.2645738
8071,0.146947628,0.007327595361,False,0.145986062,0.00744758285,False,0.1453965562,0.007664147575,False,False,False,True,True,score_equations|corrections,theorem,True,0,0.0850698242,1,5,3,2.906835456,2.709720947,0.05210469305,33.0287569
8072,0.1739304871,0.006783698801,True,0.1725606687,0.006826944504,True,0.1729006051,0.006788257576,True,True,True,True,True,,theorem,True,0,0.1220639706,1,6,1,3.30949155,3.108727769,0.05193907334,15.0188056
8073,0.1540337835,0.006753468451,True,0.1552083524,0.006779491995,True,0.1549859816,0.006777329169,True,True,True,True,True,,theorem,True,0,0.106306091,1,4,0,3.015017776,2.827812442,0.05205773355,10.3940203
8074,0.162133768,0.006696687362,True,0.163699567,0.006715330435,True,0.1635875804,0.00670497197,True,True,True,True,True,,theorem,True,0,0.1594948515,0,5,1,3.155924428,2.962466936,0.05238448235,15.1041399
8075,0.1697783103,0.006664236727,True,0.1721010257,0.006989466431,True,0.1720499764,0.00694527401,True,True,True,True,True,,theorem,True,0,0.1235958843,2,1,0,3.207108708,3.017116996,0.05221205628,14.1131407
8076,0.1521570864,0.006779315935,True,0.1573038543,0.006909579644,True,0.1567085038,0.006843757951,True,True,True,True,True,,bound-active,True,0,0.0956234907,4,6,2,2.990353246,2.803310082,0.05009484283,11.4840687
8077,0.1620190006,0.006640749237,True,0.1615955526,0.006708704186,True,0.1616478683,0.006686811434,True,True,True,True,True,,theorem,True,0,0.08333225147,2,6,5,3.119519806,2.931878728,0.05099297597,12.6087977
8078,0.1536852032,0.006881285679,True,0.1559658478,0.00676525609,True,0.1548378741,0.00645035206,True,True,True,True,True,,theorem,True,0,0.06686961155,2,5,1,2.976237617,2.790082118,0.05244989554,7.3991521
8079,0.1535602146,0.006901774907,True,0.1550046953,0.006774393113,True,0.1551257216,0.006769503021,True,True,True,True,True,,theorem,True,0,0.1480409199,2,5,1,3.005328936,2.814768496,0.05336192491,15.7870984
8080,0.1680893699,0.006482450108,True,0.1687755275,0.006528156032,True,0.168605414,0.006528338943,True,True,True,True,True,,theorem,True,0,0.1681583763,1,2,3,3.203519709,3.017193805,0.05071917503,13.9109441
8081,0.162939392,0.006611229182,True,0.1653113708,0.006751158518,True,0.1652435076,0.006735315835,True,True,True,True,True,,theorem,True,0,0.1197951521,0,5,2,3.129062457,2.942138854,0.0501226189,8.5257551
8082,0.1649141492,0.007261391391,True,0.1665688338,0.007044557883,True,0.1676165486,0.007036574094,True,True,True,True,True,,theorem,True,0,0.1414494861,3,2,1,3.163565284,2.956646675,0.05115504433,10.0049574
8083,0.1672582821,0.006490648959,True,0.1700393784,0.006394311343,True,0.1699805595,0.006397480778,True,True,True,True,True,,bound-active,True,0,0.1740893116,2,6,3,3.280586682,3.084189927,0.05294365221,10.3045269
8084,0.1671962875,0.007472163382,True,0.1679066471,0.00703972286,True,0.1681187477,0.007002451922,True,True,True,True,True,,theorem,True,0,0.1370701533,0,6,1,3.195428079,2.98130018,0.05088735177,8.4360711
8085,0.1629893964,0.006623392073,True,0.1651313793,0.006787240085,True,0.164771388,0.006761218129,True,True,True,True,True,,theorem,True,0,0.1178224922,1,6,3,3.1428557,2.954010589,0.05112604275,11.6011291
8086,0.156397688,0.006955227299,True,0.1573567817,0.006970949312,True,0.1573261841,0.006978330926,True,True,True,True,True,,theorem,True,0,0.09948964754,0,3,0,3.030412071,2.838629976,0.05223410431,15.6826625
8087,0.1544570981,0.006554574702,True,0.1562927693,0.006749866439,True,0.156732425,0.006694225689,True,True,True,True,True,,theorem,True,0,0.1272750863,1,4,2,3.066924626,2.879274066,0.0511745595,18.3742412
8088,0.1471162696,0.007240658072,False,0.1478632096,0.007153101641,False,0.1482185399,0.007215176481,False,True,True,True,True,,theorem,True,0,0.1061817968,0,6,3,2.919468156,2.723124097,0.05180138861,10.0252187
8089,0.1448409598,0.007220725138,False,0.1470835223,0.006925290959,False,0.1458711557,0.006968862406,False,True,True,True,True,,theorem,True,0,0.07906513704,0,6,3,2.912969085,2.715051636,0.05122668823,12.5519989
8090,0.1551684059,0.006578484469,True,0.1557487442,0.006576929038,True,0.1553977828,0.006527580682,True,True,True,True,True,,theorem,True,0,0.1502995306,1,6,2,3.05797303,2.871592372,0.05155508723,9.8870409
8091,0.1508879841,0.006545183443,True,0.150973875,0.006516678645,True,0.1499683453,0.006495059699,False,True,True,True,True,,theorem,True,0,0.1559704553,3,5,0,2.962842112,2.784021044,0.05157447534,12.2213606
8092,0.1568996503,0.006534176558,True,0.1586048774,0.006677985961,True,0.1584393423,0.006672443198,True,True,True,True,True,,theorem,True,0,0.1422177816,2,4,1,3.05287758,2.870337005,0.05280897272,9.6616044
8093,0.163519041,0.007324192796,True,0.1684561658,0.006954524852,True,0.1686964754,0.006918108405,True,True,True,True,True,,theorem,True,0,0.1231002087,0,3,2,3.141498847,2.933986533,0.05477459105,9.0857368
8094,0.1523277624,0.006621583847,True,0.1519967557,0.006737454609,True,0.1535499245,0.006619728352,True,True,True,True,True,,theorem,True,0,0.08985631348,1,6,2,2.984864415,2.802959494,0.05095529113,9.31914
8095,0.1536157481,0.006789461437,True,0.1556129117,0.006545652747,True,0.1556074818,0.006525532618,True,True,True,True,True,,theorem,True,0,0.1641561965,1,6,1,3.006077102,2.818522292,0.05019415004,11.3174119
8096,0.1502100214,0.006767542626,True,0.1503263149,0.006845026159,True,0.1503308134,0.006845192936,True,True,True,True,True,,theorem,True,0,0.1098652327,2,4,1,2.974303022,2.787260989,0.0533560089,26.2171013
8097,0.1596687789,0.006540036973,True,0.1606413026,0.006669574049,True,0.1611476357,0.00667870555,True,True,True,True,True,,theorem,True,0,0.203956787,2,3,1,3.105205108,2.919396154,0.05256837076,7.8123781
8098,0.16484835,0.006607748385,True,0.1664155783,0.006609774364,True,0.1666063284,0.006582427054,True,True,True,True,True,,theorem,True,0,0.1427457662,2,4,3,3.151793254,2.964412084,0.05039516147,8.2646134
8099,0.1565949034,0.006435285527,True,0.1585965755,0.006530442254,True,0.158500201,0.0064918203,True,True,True,True,True,,theorem,True,0,0.1352107669,1,4,1,3.086202434,2.902063202,0.05417419197,8.673675
8100,0.1528904408,0.006794953263,True,0.1548218663,0.006664292231,True,0.1546236214,0.006723018037,True,True,True,True,True,,theorem,True,0,0.1052829945,2,6,2,2.942280238,2.761738497,0.05439589772,25.9192412
8101,0.159028044,0.006949569087,True,0.1622734647,0.006852468818,True,0.1617034322,0.00681357573,True,True,True,True,True,,theorem,True,0,0.1158999227,1,6,3,3.089733315,2.893737481,0.053857059,14.8941623
8102,0.157772762,0.006699235042,True,0.159582633,0.006537835524,True,0.1593815846,0.006524488722,True,True,True,True,True,,theorem,True,0,0.1634570029,1,5,2,3.097702195,2.906159453,0.0509533688,23.6184601
8103,0.1773833365,0.006499667909,False,0.1794524322,0.006483478431,False,0.1793923606,0.006490271665,False,True,True,True,True,,theorem,True,0,0.1777964691,0,3,3,3.350518714,3.157080829,0.05122236497,10.579182
8104,0.1659466261,0.006886903366,True,0.1688138022,0.006978900498,True,0.1695317838,0.006945990084,True,True,True,True,True,,theorem,True,0,0.1137864985,1,4,0,3.200144445,3.000375646,0.05185042118,11.1644858
8105,0.1659861961,0.006749475826,True,0.1664253915,0.006823086026,True,0.1669253027,0.006711637213,True,True,True,True,True,,theorem,True,0,0.09019091501,1,6,2,3.193184207,2.998195712,0.0549937281,10.8939871
8106,0.1666029051,0.007169299507,True,0.1686539245,0.006729831717,True,0.1683689353,0.0067268839,True,True,True,True,True,,theorem,True,0,0.09945491965,0,3,1,3.187765291,2.982369996,0.05001572388,13.1675702
8107,0.1563738594,0.006685171796,True,0.1589746803,0.006727608278,True,0.1595111922,0.006663180317,True,True,True,True,True,,theorem,True,0,0.1869125313,3,3,3,3.055759074,2.868122484,0.05150920519,13.244717
8108,0.1640748084,0.006818016869,True,0.1661775397,0.006853302257,True,0.1665726621,0.006859710016,True,True,True,True,True,,theorem,True,0,0.1070478807,1,4,3,3.14598893,2.952593681,0.05049256824,18.067054
8109,0.1687507969,0.006589675271,True,0.1721477174,0.006751879744,True,0.1711271297,0.00678930973,True,True,True,True,True,,bound-active,True,0,0.1245489739,1,6,3,3.212032665,3.022430486,0.05016056561,9.0707223
8110,0.1656192025,0.006619633377,True,0.1654247612,0.00677240832,True,0.1652246685,0.006827306104,True,True,True,True,True,,theorem,True,0,0.1644054708,1,3,0,3.168794451,2.979939013,0.05038175576,14.8925444
8111,0.1513541776,0.006642269124,True,0.1537578752,0.00684689888,True,0.1530619815,0.006764116717,True,True,True,True,True,,theorem,True,0,0.1073838292,2,4,1,2.994817041,2.809965572,0.0509538597,11.5945258
8112,0.1652991467,0.006706909253,True,0.1667977708,0.006820564835,True,0.1665033097,0.006808812049,True,True,True,True,True,,theorem,True,0,0.1149337084,2,6,2,3.130699648,2.943583545,0.05207102684,7.4528776
8113,0.1593770295,0.006875933474,True,0.1601104745,0.006829956625,True,0.159781335,0.006844513178,True,True,True,True,True,,bound-active,True,0,0.1775033561,1,3,1,3.097865904,2.90329834,0.05195086465,11.4668187
8114,0.1584843868,0.006900870179,True,0.1593539599,0.006929391301,True,0.158445485,0.00692039252,True,True,True,True,True,,theorem,True,0,0.1031457571,1,1,3,3.056133218,2.865051705,0.05294053544,18.7655496
8115,0.1566151498,0.006559219102,True,0.1567069084,0.006616573438,True,0.1564238358,0.006626729153,True,True,True,True,True,,theorem,True,0,0.08749927354,2,2,2,3.036656989,2.855060519,0.05026891328,9.9922971
8116,0.1542943722,0.006830889693,True,0.1571557281,0.006814860216,True,0.1557500304,0.006748924215,True,True,True,True,True,,theorem,True,0,0.1478815715,2,5,3,3.032958186,2.841695089,0.05164172243,12.7844496
8117,0.164159633,0.006691013143,True,0.1650042108,0.00679626379,True,0.1647310872,0.006866823385,True,True,True,True,True,,theorem,True,0,0.147102252,0,3,1,3.158718517,2.967419878,0.05009780838,11.1326126
8118,0.1556777866,0.006711525852,True,0.1554430407,0.006664739694,True,0.1558707123,0.006644923793,True,True,True,True,True,,theorem,True,0,0.1836954548,0,5,1,3.050983273,2.862391959,0.05042366,22.0509947
8119,0.1525300691,0.006716370377,True,0.1525324413,0.006796550555,True,0.152506661,0.006769562003,True,True,True,True,True,,theorem,True,0,0.1173475031,1,4,0,2.956220403,2.775578872,0.05084094559,30.7130915
8120,0.1624589079,0.006710790488,True,0.1625477877,0.006697703631,True,0.1626666744,0.00665870401,True,True,True,True,True,,theorem,True,0,0.09637724476,3,4,2,3.119953605,2.930826482,0.05112991003,10.1442829
8121,0.165156157,0.006838404518,True,0.1652746377,0.006912401864,True,0.1652636954,0.006913928347,True,True,True,True,True,,theorem,True,0,0.15504187,1,6,3,3.174149024,2.978004393,0.05086008115,10.3280445
8122,0.1649149661,0.006760231588,True,0.1646194416,0.006925775153,True,0.1641900971,0.006879026197,True,True,True,True,True,,bound-active,True,0,0.0964765612,2,5,2,3.14610373,2.9552534,0.05232460972,17.4850687
8123,0.1509299497,0.006404703637,True,0.1521938629,0.006553764845,True,0.1521539518,0.006506735066,True,True,True,True,True,,theorem,True,0,0.1342806972,1,4,3,2.981971008,2.804654376,0.05261875612,19.2935303
8124,0.1686655503,0.006559918489,True,0.1702631971,0.006646363813,True,0.1704128244,0.006601094123,True,True,True,True,True,,theorem,True,0,0.1372313608,0,6,1,3.199611322,3.012187709,0.05128532632,10.1061345
8125,0.1491533944,0.00651609359,False,0.1512159298,0.006557746336,True,0.1509849836,0.006496371377,True,True,True,True,True,,theorem,True,0,0.1143104229,0,5,1,2.961181956,2.781317137,0.05687723293,10.4214021
8126,0.1724068331,0.006482527861,True,0.1735659433,0.006645045493,True,0.1737559573,0.006578804696,True,True,True,True,True,,theorem,True,0,0.1392969506,2,4,2,3.316008355,3.121563241,0.05074493141,7.4203836
8127,0.1620950264,0.006711090777,True,0.1634648456,0.006681684393,True,0.1634084445,0.006672867533,True,True,True,True,True,,theorem,True,0,0.1428458475,1,6,1,3.137948148,2.946220271,0.05083312182,15.2615704
8128,0.159600538,0.006567092295,True,0.1607120115,0.00659401423,True,0.1610167232,0.006612829188,True,True,True,True,True,,theorem,True,0,0.2078100273,0,5,2,3.109286022,2.922157906,0.05065963996,10.5909918
8129,0.1618748209,0.006628240119,True,0.1631300078,0.006563458726,True,0.1643378057,0.006593945015,True,True,True,True,True,,theorem,True,0,0.1396247852,1,2,2,3.131971677,2.943023418,0.05012271466,9.5742413
8130,0.1641846081,0.006733671092,True,0.1654467,0.006884128918,True,0.1655316597,0.006889230181,True,True,True,True,True,,theorem,True,0,0.1345922218,1,2,1,3.133011554,2.943640148,0.05056851279,8.5520353
8131,0.147239892,0.006933073906,False,0.1507448679,0.006805750942,True,0.1502445297,0.006812428996,True,True,True,True,True,,theorem,True,0,0.1387940114,1,5,1,2.9076743,2.721194172,0.05354449876,12.3193501
8132,0.1590912172,0.00690607779,True,0.1598409851,0.006950883781,True,0.1604915194,0.006950435196,True,True,True,True,True,,theorem,True,0,0.1055979728,1,6,2,3.028220142,2.841190632,0.05159571338,10.5833789
8133,0.1614012108,0.006557921844,True,0.1629522087,0.006653702274,True,0.1651556646,0.008717332131,True,True,True,True,True,,theorem,True,0,0.11527192,1,2,2,3.12111046,2.934876855,0.05005443902,9.4845526
8134,0.1766821349,0.006849634159,False,0.1797052219,0.006967876017,False,0.1796967763,0.006903812959,False,True,True,True,True,,theorem,True,0,0.1253164889,0,4,1,3.320108898,3.11927945,0.0504897917,10.0636436
8135,0.1660621653,0.00656665137,True,0.1668653959,0.006626360166,True,0.1666451616,0.00663872026,True,True,True,True,True,,theorem,True,0,0.1590741885,1,2,0,3.215753304,3.023369916,0.05178245034,9.2119355
8136,0.1666236535,0.006629944244,True,0.1681054097,0.00667628255,True,0.1681660043,0.006746274617,True,True,True,True,True,,theorem,True,0,0.1624726367,5,6,1,3.209710862,3.016868115,0.05236817723,10.5349122
8137,0.1570765951,0.006601166961,True,0.1569871081,0.006470754303,True,0.1566872642,0.006429706179,True,False,False,True,True,score_equations|corrections,bound-active,True,0,0.1339688127,2,1,0,3.057993202,2.873204644,0.05144640701,11.8242012
8138,0.1620695862,0.006457113095,True,0.1672557594,0.006648264917,True,0.1673511615,0.006562528765,True,True,True,True,True,,theorem,True,0,0.1255917318,2,5,1,3.131681913,2.947759125,0.05496547651,31.1640455
8139,0.1524187971,0.006691314871,True,0.1541948983,0.006608731387,True,0.1532217466,0.006614495805,True,True,True,True,True,,theorem,True,0,0.1643921255,1,6,2,3.007326032,2.820847296,0.05048154369,8.6070856
8140,0.1585714905,0.006691835969,True,0.1611421949,0.006933977762,True,0.1621868486,0.006872578447,True,True,True,True,True,,theorem,True,0,0.07077184824,0,4,2,3.071624871,2.884419984,0.05035678963,13.7900775
8141,0.1600851328,0.007034548039,True,0.1606617711,0.006810644982,True,0.1623890397,0.006760996666,True,True,True,True,True,,theorem,True,0,0.09274642477,2,5,2,3.075660605,2.880390851,0.05051422737,10.209781
8142,0.1577617684,0.007049805124,True,0.159963358,0.006996148834,True,0.1598020451,0.007010947426,True,True,True,True,True,,theorem,True,0,0.1425228298,2,6,2,3.032741451,2.839754968,0.05325159299,12.6591639
8143,0.1608616152,0.006840303195,True,0.1633455939,0.00695886048,True,0.1627521198,0.007037292888,True,True,True,True,True,,bound-active,True,0,0.08495928499,0,3,1,3.090868481,2.899897024,0.05090261905,9.6588627
8144,0.1621718454,0.006793362715,True,0.1617612263,0.006798574444,True,0.1621187686,0.006778988547,True,True,True,True,True,,theorem,True,0,0.1523530566,2,5,3,3.141616735,2.947230947,0.05033671146,9.1708738
8145,0.1575562897,0.006575385366,True,0.1580305841,0.006637526503,True,0.1578641311,0.006626785887,True,True,True,True,True,,theorem,True,0,0.1239891655,1,2,1,3.046444814,2.864299983,0.05203992155,11.6477552
8146,0.1599628346,0.006583033408,True,0.1611570517,0.006551536917,True,0.1608498677,0.006501855322,True,True,True,True,True,,theorem,True,0,0.1530789382,1,5,3,3.112561608,2.925011958,0.05149067315,12.4669421
8147,0.1487753798,0.006902656796,False,0.1493504303,0.006915132958,True,0.1500314373,0.006911985733,True,True,True,True,True,,theorem,True,0,0.1148526578,1,5,2,2.940937605,2.752810264,0.05017248883,9.0600333
8148,0.1752832922,0.007058342983,True,0.175910594,0.006947337156,True,0.1752601621,0.006962282523,True,True,True,True,True,,theorem,True,0,0.129694456,2,4,0,3.315922074,3.108013289,0.0529384761,9.0005687
8149,0.1531582811,0.006746732447,True,0.1520375739,0.006708107744,True,0.1514564128,0.006752291057,True,True,True,True,True,,bound-active,True,0,0.08648581816,3,4,1,2.986911674,2.802369704,0.05106174431,18.6906331
8150,0.1624840668,0.006675215639,True,0.1620780064,0.006565972818,True,0.1619914785,0.006537659734,True,True,True,True,True,,theorem,True,0,0.1357171476,1,3,0,3.166113521,2.972438729,0.05139522126,7.6107522
8151,0.1633846563,0.006810876336,True,0.1645623468,0.006705151224,True,0.1646532199,0.006686974696,True,True,True,True,True,,bound-active,True,0,0.1127141074,2,2,0,3.174417384,2.976941274,0.05066228063,8.073991
8152,0.1543708078,0.007141235538,True,0.1538882304,0.007224314939,True,0.1551623347,0.007217570494,True,True,True,True,True,,theorem,True,0,0.1148054309,2,2,2,2.980632556,2.787865156,0.05167188698,10.5749647
8153,0.1604397045,0.006893116183,True,0.161567957,0.006703426984,True,0.161639117,0.006687944706,True,True,True,True,True,,theorem,True,0,0.144476375,2,5,4,3.081014715,2.889332699,0.05164968256,30.5693539
8154,0.1521100391,0.006932972521,True,0.1515069195,0.006949206061,True,0.151641773,0.006891046208,True,True,True,True,True,,theorem,True,0,0.1214221624,1,4,1,2.95784244,2.770789578,0.05201750717,10.8398545
8155,0.1654239996,0.006816249445,True,0.1658427235,0.006806704104,True,0.166231151,0.006955543177,True,True,True,True,True,,theorem,True,0,0.1430940434,3,6,2,3.172155976,2.977183983,0.05111338802,10.1802492
8156,0.1724510175,0.006931115176,True,0.1728683549,0.006827998693,True,0.1735415183,0.006792244978,True,True,True,True,True,,theorem,True,0,0.1957781448,1,5,2,3.213796736,3.018562276,0.05086833823,9.4528508
8157,0.156400758,0.007078703354,True,0.1594756495,0.007117213124,True,0.1594574823,0.007082855311,True,True,True,True,True,,theorem,True,0,0.1572575189,3,4,2,3.067398512,2.867487635,0.05397742827,11.7311586
8158,0.1588994634,0.006858084302,True,0.162013455,0.006673166791,True,0.1606707626,0.006673737772,True,True,True,True,True,,theorem,True,0,0.144405459,0,1,0,3.107581309,2.911719697,0.05057861821,12.6602046
8159,0.1586885258,0.006620675356,True,0.1590100938,0.006582270408,True,0.159445892,0.006511476591,True,True,True,True,True,,theorem,True,0,0.1263693275,0,4,2,3.058034107,2.874548771,0.05087383989,10.1014956
8160,0.1662958221,0.006427567062,True,0.1669188646,0.006573489581,True,0.167461476,0.006541599101,True,True,True,True,True,,theorem,True,0,0.1490876604,2,5,2,3.19991665,3.013597771,0.05028004842,13.2402594
8161,0.1548297865,0.006821044205,True,0.154234336,0.006882550507,True,0.1538517848,0.006881425164,True,True,True,True,True,,theorem,True,0,0.1177949556,3,2,0,3.034527016,2.843981356,0.05352223788,10.6548993
8162,0.1584045648,0.006511806174,True,0.1587510406,0.006578422513,True,0.1589051143,0.006572999248,True,True,True,True,True,,theorem,True,0,0.1296485261,0,3,3,3.079589663,2.896179012,0.05048390438,7.4913252
8163,0.1572392857,0.006718038404,True,0.1572687861,0.006715724132,True,0.1577595182,0.006708968201,True,True,True,True,True,,theorem,True,0,0.1027500562,0,6,2,3.101761648,2.908552419,0.05015014727,8.9563707
8164,0.154012102,0.006775922529,True,0.1550776215,0.006841246623,True,0.1554680934,0.006774675766,True,True,True,True,True,,bound-active,True,0,0.1074603629,3,1,2,2.975941346,2.792993335,0.05081832066,10.1556877
8165,0.1493478552,0.006382304486,False,0.1503013393,0.006398979399,False,0.1506288985,0.006396031903,True,True,True,True,True,,theorem,True,0,0.1190033948,1,4,0,2.990205883,2.810662739,0.05091249044,11.0787475
8166,0.1602880668,0.007043493457,True,0.1617300226,0.006829368946,True,0.1612239326,0.006803870343,True,True,True,True,True,,theorem,True,0,0.1186256764,1,6,2,3.050811605,2.858687245,0.05327153758,8.2470227
8167,0.1494036902,0.006487266836,False,0.149899505,0.006621367834,True,0.1498576394,0.006606585016,False,True,True,True,True,,theorem,True,0,0.1369819586,0,4,2,2.977295201,2.796521155,0.05108215955,19.0523406
8168,0.1619730681,0.006803168716,True,0.1612262707,0.006793110661,True,0.1609332577,0.006825423745,True,True,True,True,True,,theorem,True,0,0.1601541588,1,1,1,3.083853243,2.896025202,0.05000971848,30.9570285
8169,0.1672399899,0.00657173351,True,0.1673799368,0.006551561845,True,0.1680522143,0.006500634123,True,True,True,True,True,,theorem,True,0,0.1192846809,1,3,3,3.252337352,3.05684854,0.05062173158,17.9720402
8170,0.1630446693,0.006646007135,True,0.1624067071,0.006663614538,True,0.1626165827,0.006625843357,True,True,True,True,True,,bound-active,True,0,0.1549757071,0,3,0,3.1599728,2.968511506,0.05054741692,32.1825499
8171,0.1533403742,0.006827388012,True,0.1532470536,0.006755723367,True,0.1549978217,0.006808138229,True,True,True,True,True,,bound-active,True,0,0.1729857936,2,4,4,2.996382949,2.808701038,0.05626319808,9.2255509
8172,0.1639391612,0.00664735685,True,0.1655293438,0.006729947415,True,0.1669120168,0.006722511086,True,True,True,True,True,,theorem,True,0,0.1256517059,1,6,2,3.172594586,2.980610742,0.05055702176,8.0365781
8173,0.1645293171,0.006893165697,True,0.16781832,0.00692399849,True,0.1675477942,0.006886541635,True,True,True,True,True,,theorem,True,0,0.1339530209,1,3,0,3.163791666,2.966652101,0.05099092235,25.7283717
8174,0.1481801454,0.00693310523,False,0.1508017731,0.006971111171,True,0.1510331742,0.00695122559,True,True,True,True,True,,bound-active,True,0,0.108818142,0,3,1,2.928683388,2.740610951,0.05091936989,16.749797
8175,0.1635638733,0.006863687863,True,0.1658383252,0.006750978167,True,0.1656907086,0.006707695823,True,True,True,True,True,,theorem,True,0,0.1534072388,1,5,1,3.183325702,2.983465006,0.05076057333,32.3062683
8176,0.1513596893,0.006919401286,True,0.1523459138,0.006777379104,True,0.1516941906,0.006875290978,True,True,True,True,True,,theorem,True,0,0.0531156227,2,5,1,2.963710601,2.775353438,0.05384070511,8.2450462
8177,0.1586639755,0.006739964688,True,0.1592297447,0.006807882744,True,0.1600353206,0.006811689407,True,True,True,True,True,,theorem,True,0,0.175211697,2,2,0,3.07084546,2.882526642,0.05177463556,10.5737937
8178,0.1797922236,0.006630639388,False,0.1812785962,0.006553615575,False,0.1810394681,0.006576203468,False,True,True,True,True,,theorem,True,0,0.194143562,1,3,2,3.394396264,3.194785434,0.05354845224,8.0494276
8179,0.1603555633,0.006757552042,True,0.1616688629,0.006638903533,True,0.1614528605,0.006605927478,True,True,True,True,True,,theorem,True,0,0.1543766807,0,4,0,3.116795607,2.924325142,0.05426110804,24.8885142
8180,0.1513452981,0.00682874667,True,0.1555444369,0.00682191886,True,0.1546176489,0.006946015931,True,True,True,True,True,,theorem,True,0,0.1192560784,0,5,1,2.975458534,2.787999043,0.05229485928,10.575689
8181,0.1605264972,0.006813222467,True,0.1616492084,0.006908246381,True,0.1616612482,0.006867672901,True,True,True,True,True,,theorem,True,0,0.1426199444,1,4,1,3.123488923,2.928842169,0.05017052438,8.0755263
8182,0.162468788,0.006602744823,True,0.1620743554,0.006594061963,True,0.1627038505,0.006560039917,True,True,True,True,True,,theorem,True,0,0.1042679219,0,4,1,3.107179026,2.922556957,0.05934769398,17.2280874
8183,0.1552800892,0.00669860576,True,0.1575241799,0.006727811888,True,0.1568460381,0.006706659248,True,True,True,True,True,,theorem,True,0,0.1670375763,0,6,2,3.021795117,2.836700421,0.05132435425,12.2416728
8184,0.1527451723,0.006799568127,True,0.152294777,0.00682415751,True,0.152219721,0.006818672709,True,True,True,True,True,,theorem,True,0,0.1498805701,2,4,1,3.013536878,2.823714878,0.05110050449,12.2152862
8185,0.1480905792,0.006784780981,False,0.1487487276,0.006756267816,False,0.1495634115,0.006782086609,False,True,True,True,True,,theorem,True,0,0.1058771239,0,3,1,2.936866307,2.751569772,0.05072679973,15.3107791
8186,0.1588445326,0.006813148759,True,0.1578791464,0.006903164736,True,0.1579509389,0.006849498556,True,True,True,True,True,,theorem,True,0,0.1616766347,1,6,3,3.090241615,2.897727579,0.05157326862,24.8103012
8187,0.1570898787,0.006589274424,True,0.159196348,0.006621086125,True,0.1591327855,0.006606585347,True,True,True,True,True,,theorem,True,0,0.143016021,1,6,1,3.072816568,2.886573436,0.05059058389,13.745624
8188,0.1567799234,0.006781014983,True,0.1585694472,0.006745226291,True,0.1590814518,0.006698315999,True,False,False,True,True,score_equations|corrections,theorem,True,0,0.156617577,2,6,2,3.071682525,2.879911133,0.05379222361,28.6026308
8189,0.1512986291,0.006691200812,True,0.1496911581,0.006789562777,True,0.151350201,0.006781509305,True,True,True,True,True,,theorem,True,0,0.1515263173,0,5,4,3.015201055,2.82638117,0.05064021143,20.2568851
8190,0.1506000834,0.006716595076,True,0.1527531084,0.006866275793,True,0.153468185,0.006815687053,True,True,True,True,True,,theorem,True,0,0.08080447041,1,5,3,2.946608223,2.764904057,0.0572838936,17.7602712
8191,0.1621902053,0.006592180429,True,0.1616821352,0.006673746827,True,0.1617467154,0.006621722563,True,True,True,True,True,,theorem,True,0,0.1628726166,1,3,1,3.181226791,2.98775896,0.05131634505,19.4374186
8192,0.1499648325,0.006878987919,True,0.1498814915,0.006752106124,True,0.1491479428,0.006697367666,False,True,True,True,True,,theorem,True,0,0.1375025971,0,2,1,2.934943438,2.749674633,0.05164151682,12.8207284
8193,0.1592773686,0.006970259033,True,0.1600482188,0.007028312235,True,0.1599773499,0.006958823236,True,True,True,True,True,,theorem,True,0,0.09619819227,0,6,1,3.04931831,2.858155469,0.05026082869,18.529913
8194,0.1559071578,0.006954290861,True,0.1592622527,0.007043155709,True,0.1590318389,0.007047574451,True,True,True,True,True,,theorem,True,0,0.1321994262,2,3,2,3.026272868,2.834454409,0.05202697611,9.6112527
8195,0.1610216486,0.006640919052,True,0.1647425865,0.006627980654,True,0.1638387338,0.006663368482,True,True,True,True,True,,theorem,True,0,0.1856668338,0,5,1,3.061089984,2.879302358,0.05002046294,13.7369278
8196,0.156278078,0.006655986075,True,0.1591561217,0.006696384304,True,0.1588950379,0.006626602427,True,True,True,True,True,,theorem,True,0,0.1115327301,0,6,1,3.059446991,2.872047156,0.05057169035,11.6411677
8197,0.1579081483,0.006626175547,True,0.1600104449,0.006822002269,True,0.1603432289,0.006762485502,True,True,True,True,True,,theorem,True,0,0.1303906935,3,5,3,3.077915023,2.89098201,0.05073021064,8.3982293
8198,0.1578308368,0.006563608183,True,0.1597516583,0.006648860884,True,0.1593009245,0.006628990855,True,True,True,True,True,,theorem,True,0,0.09151621768,0,4,1,3.099679882,2.911759624,0.05087762689,11.9617628
8199,0.1507470956,0.006699630585,True,0.1517696411,0.006781650693,True,0.1517955686,0.006709384823,True,True,True,True,True,,theorem,True,0,0.1427031766,1,5,2,2.948581467,2.767252408,0.05269152391,7.0953692
