seed,g_W1W3,g_W1W3_pse,g_W1W2W3,g_W1W2W3_pse,g_W1,g_W1_pse,plain
0,0.9870884592470369,0.046341292673904036,1.0328209136774034,0.06059625362717257,0.9871232755938867,0.04634186546352033,1.0328209136774034
1,1.0652114340682455,0.04657733755787716,1.0775033538676757,0.06472953791781476,1.0650905032897948,0.04657647953475276,1.0775033538676757
2,1.07086943081593,0.048230428963493784,1.1096939090901385,0.05788746634788203,1.0710207414889668,0.048079141742387414,1.1096939090901385
3,0.9669557807516367,0.04705813909519378,1.059519782938561,0.060237671017920096,0.967513464431691,0.04700274858574529,1.059519782938561
4,0.959494912790436,0.04582092945844207,1.004821055993739,0.06963961646976814,0.9594362538936337,0.04583360649902179,1.004821055993739
5,1.0197709372916037,0.04770847380033523,1.0172814814381335,0.058956765345798835,1.0200740716863548,0.047585011464745114,1.0172814814381335
6,0.999265062921036,0.05002332679778845,1.0309683806031453,0.05664196506493707,0.999268230604056,0.05002073097915233,1.0309683806031453
7,0.9540485533434684,0.04673906724760136,0.9408082463013057,0.054059080652932696,0.9520189964330111,0.046779748375067536,0.9408082463013057
8,0.9085141342742502,0.04387382957130914,0.9234384574658926,0.06223058146836419,0.9085236269766777,0.04386145070755483,0.9234384574658926
9,1.030857687082857,0.04492582644872974,1.0353409994164302,0.06386988516260472,1.0302291578484335,0.044685306273771694,1.0353409994164302
10,0.9951443815731733,0.04576538412261835,1.0069261595948644,0.05546056877048554,0.9939287405998166,0.04566482872956573,1.0069261595948644
11,1.0214403594985073,0.04602638464050711,0.9847216986372622,0.07853516004217437,1.0207651624697953,0.04596040161584911,0.9847216986372622
12,0.9502799239624394,0.04726679327621677,0.9129099344642798,0.07147570800505018,0.9501752280725548,0.04729783555042402,0.9129099344642798
13,1.0863713366941077,0.047556817704300605,1.0861116558151087,0.06240194460903498,1.0854781819797772,0.04748595672099576,1.0861116558151087
14,0.9723081105366091,0.04699821243420071,1.0254641355614744,0.06562833157817415,0.9722913248959033,0.04700188897330362,1.0254641355614744
15,0.9652851407927863,0.0463609484676645,0.9245675083597343,0.05548876320952142,0.965025715230204,0.046279186020281186,0.9245675083597343
16,1.0579414131170823,0.04488691378632572,1.0147429579026057,0.051766930684539095,1.0580847580557309,0.04490103946811365,1.0147429579026088
17,0.9323048842412621,0.04637822421205655,0.9350390585155867,0.053238119922206756,0.9325042053507224,0.04637357216058343,0.9350390585155867
18,0.9764362469311928,0.04677526031556691,0.9781910360129297,0.055910297729024463,0.9761532557712844,0.04678872438862736,0.9781910360129297
19,0.9940415350545193,0.04746517174143044,0.9648751915393621,0.08725038403618743,0.995185592036269,0.04740234114592985,0.9648751915393621
20,0.903803008353144,0.045430850852147354,0.9030219307525756,0.05777793309618812,0.9038003167893218,0.04545359670670374,0.9030219307525756
21,0.8674340200549674,0.04683584540706319,0.8664868526860372,0.0798197233711394,0.8684078290136874,0.04669776046126884,0.8664868526860372
22,1.0572646502482395,0.04505669576542532,1.0551867918331665,0.05873232214280286,1.0563189527181251,0.04497559203909884,1.0551867918331665
23,0.8989605380764097,0.047113301840457866,0.8853709108124344,0.06548795696208168,0.8994395216910764,0.04712940365780456,0.8853709108124344
24,0.976047835755145,0.04646870677577836,0.980192919490421,0.05438722183737678,0.9757302699611015,0.046241314366194934,0.9801929194904228
25,1.044857674298867,0.046227246224570084,1.100481597479737,0.06293827926736444,1.0447160878478938,0.04624733375365141,1.100481597479737
26,1.014620582227895,0.0463223168920909,0.941540060866355,0.07425778406309202,1.0155904915694973,0.04635482617407395,0.941540060866355
27,0.9919801725169037,0.04607396770026128,0.9763910329500737,0.05478379778152098,0.9924621684820781,0.045900445572194484,0.9763910329500737
28,1.0782841933449325,0.04624404310986186,1.0643175442307353,0.06136969109633289,1.078413684311313,0.04618482905131508,1.0643175442307364
29,0.9424361268017376,0.04499178004420621,0.9399411444505971,0.07142407347954208,0.9419660889189111,0.04494298705645336,0.9399411444505971
30,0.9470809278144271,0.04571758230523567,0.9353438133642733,0.05834748964893404,0.9469160450222099,0.045573320653278813,0.9353438133642733
31,1.0288907950017157,0.04794546705676815,1.0051954212606586,0.06235188254414036,1.0289326591801287,0.04794876665850609,1.0051954212606586
32,0.9869849995787048,0.045982813639198754,0.9326093885803782,0.06017327158757079,0.987003961171974,0.04599352964349394,0.9326093885803782
33,1.0838991240385085,0.045905348996563115,1.0613947143664293,0.06870113943897481,1.0847433778482685,0.0459089434027228,1.0613947143664293
34,1.0376780606133142,0.04461943319634913,1.0296453656571676,0.058222764822239856,1.0390782318822367,0.04464711543491752,1.0296453656571676
35,1.0597763780322687,0.04599052482579414,1.0441328332561925,0.060759409435958305,1.0611653184643843,0.045757413977799526,1.0441328332561925
36,0.9155236760071852,0.0481938441437347,0.9424148326079687,0.05884400069312915,0.9162485929994483,0.04823329573144732,0.9424148326079687
37,1.0315360429072034,0.046626346663984894,1.083358538436044,0.0675357489202381,1.0319159523238686,0.046547097607766215,1.083358538436044
38,1.1031224714933958,0.046545104069202335,1.1691593544344816,0.0639568471857149,1.1037908997572885,0.046429203617596344,1.1691593544344816
39,1.0399534069129974,0.04555089074083342,0.9680777037428968,0.056558243151069866,1.0393875468475997,0.045514830821274554,0.9680777037428968
40,1.017519085706916,0.04784969616981699,0.953894455620884,0.06108288749165456,1.0178597938244687,0.047910556439588955,0.953894455620884
41,1.0458510378541572,0.047606861628758754,1.0725194262022466,0.06558464094447615,1.0424922083618766,0.047798139743844795,1.0725194262022466
42,1.0229273161315757,0.0482047922662786,1.0446420533799996,0.06281484101431806,1.0225258672698612,0.04818600319359978,1.0446420533799985
43,1.007608148204806,0.04661576625608874,1.0533628186334107,0.07417582689741858,1.0077284174228356,0.04660278534367977,1.0533628186334107
44,0.9576145610850164,0.04655593879156524,0.880844669669614,0.06263270926723136,0.9586218876630186,0.046556143914589405,0.880844669669614
45,0.8719108494702242,0.045227078168301425,0.8920542761968167,0.058651921670331605,0.8724754973753046,0.04516978707007176,0.8920542761968167
46,1.0042478182627066,0.04743493143326707,1.0632164404787727,0.055278843995454935,1.0044428072849232,0.047354913992456324,1.0632164404787727
47,1.0680820128877284,0.04662553689929652,1.043835149509881,0.07409269426244686,1.0691328358913565,0.04673787750369788,1.043835149509881
48,0.9093426596072939,0.046550913684125284,0.8756091186872715,0.06374428614496404,0.9091993117466559,0.04655237106058147,0.8756091186872715
49,0.8522918241032799,0.04602687091702182,0.8925747692371296,0.05905144835996567,0.8523738288689001,0.04593446465158822,0.8925747692371296
50,0.9772253859883617,0.04708782780227477,0.9689644346446827,0.05903342422358766,0.9775910317686012,0.04706848754691107,0.9689644346446827
51,0.8844106286696278,0.04739572729629877,0.8463207225247673,0.0652701456826726,0.8843205354880009,0.04740005960133654,0.8463207225247673
52,1.0593071459981338,0.045889050173010454,1.0523653347472584,0.06119075439799047,1.059088616475154,0.04591000146525941,1.0523653347472584
53,0.972236047358579,0.04672891240332345,1.0181985567101002,0.0591404649038721,0.972204598816102,0.04672779315776027,1.0181985567101002
54,1.0671039141925174,0.04865136835608286,1.1201771674459917,0.07916886045323976,1.0660160871885014,0.04826914383528451,1.1201771674459917
55,0.9715135578227104,0.04568888945829662,0.9759203773617973,0.055671874261441844,0.9716037623825678,0.04568144910824123,0.9759203773617973
56,1.070256356014767,0.047723836979525265,1.1221691717796127,0.06332627285636788,1.0701117523012116,0.047707350045765075,1.1221691717796127
57,1.0279030882596634,0.04667899712740774,1.0225142217743437,0.06456428871073085,1.0297728251164033,0.04659885918909409,1.0225142217743437
58,0.8965016294767428,0.04755070813975996,0.9120955254329962,0.06665192459181062,0.896320061162488,0.0475523466475732,0.9120955254329962
59,0.95304597274416,0.04551330188837088,0.939783737869643,0.060326289452510506,0.9533145448516949,0.0455673329950853,0.939783737869643
60,0.9834144462175097,0.046802666702011164,1.031733336248001,0.06328043837129937,0.9834791369322543,0.04678964361863954,1.031733336248001
61,1.0495685009104814,0.048482584052654515,1.0738662488671957,0.059817212055705074,1.0495149294302724,0.04843930703676573,1.0738662488671957
62,1.0171435374284632,0.04570574510272839,1.040648905324675,0.0696753634150042,1.0171390302343406,0.0457055570874871,1.040648905324675
63,1.0381395000766858,0.04732164717530203,1.0607306464597548,0.0582036773748916,1.0381592501917583,0.0473232626337709,1.0607306464597548
64,1.0905383510322266,0.04802347810490093,1.103997716418709,0.069196274342298,1.0905621295441505,0.04804691789814024,1.103997716418709
65,0.9877249216154843,0.04617321291102292,0.935315279490297,0.06450503144120606,0.9884605873346674,0.04608756197023421,0.935315279490297
66,1.0262951935865983,0.04686364725336841,1.053791855149379,0.06289555677393943,1.026093601137878,0.046851379215357744,1.053791855149379
67,0.9336635226015475,0.04569154187343036,0.9287271520448209,0.05849439627760064,0.9326880505210376,0.045635391810771454,0.9287271520448218
68,0.9477910135807506,0.047361716840872425,0.912827345683089,0.06337276721471694,0.947820444839356,0.04746265252899249,0.912827345683089
69,0.9304110366355226,0.04656678791485691,0.8722048307955197,0.07104126579918794,0.93052896275405,0.04654584169017821,0.8722048307955197
70,0.9350066040571796,0.047809286088828735,0.8730574277169892,0.06156203786450259,0.9350145142293242,0.04724542991429851,0.8730574277169892
71,1.032180099786074,0.04627479888095292,1.0316392555717244,0.059806825800488204,1.031792221208708,0.046263087660849196,1.0316392555717244
72,1.0742636418309177,0.04710624676383529,1.009504913322463,0.05395225425425834,1.0714143893567498,0.04715474104234209,1.009504913322463
73,0.9777165608780397,0.04577753053832489,0.9729770892171047,0.06060482557868459,0.9766419613220603,0.04580321918047144,0.9729770892171047
74,0.9774343673668154,0.04745003781745687,0.989949862366971,0.07571884405329533,0.9774533805571611,0.04746082919526824,0.989949862366971
75,0.9242258064776964,0.04702883562122372,0.9338152548366287,0.0669102952630238,0.9242989907429523,0.047037320802932964,0.9338152548366287
76,0.987460494411155,0.04800398510082206,0.9577729942224378,0.06141659329726107,0.9875773359339721,0.047999770981539645,0.9577729942224378
77,0.9128160417920844,0.045301776674938156,0.8976139083239226,0.05324793205994368,0.9131064219390197,0.04533719824011221,0.8976139083239226
78,1.105130214907878,0.0451591199061559,1.1330935717096573,0.05750449115725533,1.105034663000885,0.0450759527279483,1.1330935717096573
79,0.9799045554287831,0.04622037537633914,1.0225848543830092,0.055041341953531414,0.979829355006097,0.046123609258824014,1.0225848543830092
80,1.0661139071199528,0.0461689630108206,0.9856561530333277,0.06180863595552789,1.0661531944420217,0.0461741307518892,0.9856561530333267
81,1.1292346779170983,0.047271003276894236,1.1989125605797863,0.05597144879752498,1.1293817392780565,0.047250602602618354,1.1989125605797881
82,0.9178527063520312,0.047433765934645024,0.8813751786378634,0.06689788319614598,0.9174129431226438,0.047437646556687606,0.8813751786378634
83,0.97990371663229,0.04681124510613622,0.9683731783384728,0.061854193703781146,0.9798212091997833,0.046816345652736915,0.9683731783384728
84,0.9456874529038449,0.04516972438150966,1.0337601281141469,0.06246997276933562,0.9459860060167956,0.04513377909076046,1.0337601281141469
85,0.9332164307670232,0.04827226515018749,0.8727752816788611,0.059376554858754246,0.9331956683211321,0.04822129821976743,0.8727752816788611
86,1.0466170976574125,0.047290476199284046,1.0326024424538505,0.06006734144627179,1.0469178955102705,0.04727370580524791,1.0326024424538505
87,0.8777513625296774,0.04615892666648362,0.8504336082919919,0.05615870979098682,0.8777543020799652,0.04616310746753998,0.8504336082919919
88,1.0197076994228902,0.04615661919143118,1.0165528066132934,0.05338370279539791,1.0198242437356007,0.04615139359999815,1.0165528066132934
89,0.9514403307656281,0.04626753923142198,0.9545461726340347,0.06784841854725035,0.9514632571164324,0.04626544670904167,0.9545461726340347
90,1.0239012208368927,0.04818524148182656,0.9892498364217761,0.08193022983085524,1.0240210662748235,0.048200563431331424,0.9892498364217753
91,1.0443463893119387,0.045854432343224755,1.0466697043084932,0.06048664473077052,1.0447738530188273,0.045798417469214994,1.0466697043084932
92,0.9610339847267413,0.04619068994813184,0.9238902589423588,0.06053062554657201,0.9610167435379132,0.04619264565179857,0.9238902589423588
93,0.9304679543920038,0.04772666828220469,0.9319065444078845,0.062183560954308194,0.930476237087286,0.04771175279703295,0.9319065444078845
94,1.022825381125703,0.04589111527467044,0.9758307547149472,0.06237435799174257,1.022824673637663,0.04589531568311925,0.9758307547149472
95,1.04860464419482,0.04510481910870281,1.0783500396674384,0.05357830780063784,1.0487901399458686,0.0451229812402899,1.0783500396674384
96,1.0562854913185402,0.04731826846042961,1.0711306548749633,0.06053158577158418,1.0561383937120552,0.04731227801889488,1.0711306548749624
97,0.8643032846157269,0.04543695521601544,0.8605372764421235,0.06459401872779677,0.8643217916872262,0.04543699110838221,0.8605372764421226
98,0.9456013245483779,0.04492950657017348,0.927438709439885,0.062381445580769794,0.9464567259555565,0.04486904173811958,0.927438709439885
99,0.9882341421307589,0.04780593864827143,0.9332412586693954,0.06825413421571719,0.9882478975515397,0.047790171941218255,0.9332412586693954
100,1.0288307932780112,0.04636778120818618,0.973054296840256,0.06551569649603742,1.0285097008813235,0.046372472545435084,0.973054296840256
101,1.0368524970092368,0.04640919977287095,1.032678022775913,0.05825417063271046,1.0370445101628387,0.04641576695267007,1.032678022775913
102,1.0121953924088503,0.04674397708533641,0.9899324152281022,0.060160666140525766,1.0122479916282618,0.0467385138281684,0.9899324152281022
103,0.9992085466115813,0.046200041296663816,1.008510397557543,0.06310337942087148,0.9983154756445518,0.04600675642090465,1.008510397557541
104,0.9310173418870358,0.04796290220297542,0.8963229481536269,0.07274566985653173,0.9312128455451975,0.047861553940315466,0.8963229481536269
105,0.9146668514590711,0.04628371297038784,0.8576440208792948,0.05591243052985121,0.9152396582525864,0.04629622585835164,0.8576440208792948
106,1.1117818381589166,0.04543187718228356,1.0707286972554364,0.05717702890353771,1.11263902153028,0.04541314158032601,1.0707286972554364
107,1.0207676612434478,0.04866056718671395,1.0074440266030147,0.06349894110195298,1.0198132664082824,0.048553716913903505,1.0074440266030147
108,0.9538237790274149,0.04784347737869661,0.9291433202677215,0.05485347278957138,0.9538102173877177,0.04784892925885793,0.9291433202677215
109,0.9822208902458186,0.04798655319711824,1.0468187745056283,0.07236470043501883,0.9824697500288946,0.04799468551657459,1.0468187745056283
110,1.0086670808954494,0.04611035923996844,1.06597837787406,0.05334193580773077,1.0092480371209247,0.04604818003806358,1.065978377874059
111,1.0089114970155062,0.045303356224166404,0.9903609668628388,0.06742251157774971,1.009025713838984,0.04529588209762517,0.9903609668628388
112,1.0120219831431814,0.04490237457918562,1.0017435583308956,0.06157842467794767,1.0121101604299,0.044893217869679286,1.0017435583308956
113,0.9570972818125559,0.044982524566586767,0.9998871859522631,0.10217577163613684,0.9573207443227494,0.045002599147911465,0.9998871859522631
114,1.0172939239442957,0.04572712631656386,1.1288202285942548,0.06391240896652613,1.017166097238883,0.04568315918253633,1.1288202285942548
115,1.038466358968287,0.046891065040572125,1.0245949973052777,0.07278823645629733,1.0384651162959782,0.04689231554651811,1.0245949973052777
116,0.9793253354347343,0.047269691050092565,1.03982213376152,0.06471183858342618,0.9794434384088632,0.04726794153321394,1.0398221337615192
117,1.0150582364196339,0.046631099898255764,1.028462284890636,0.07184174264941748,1.0142470258260432,0.04664806216619135,1.028462284890636
118,0.9973488649200686,0.04692595876669473,0.9899028252331782,0.05519103926541841,0.9974555514341698,0.046931184598578056,0.9899028252331782
119,1.0037141758639638,0.04838589361887627,0.9973290206289567,0.079130676830448,1.004277333481829,0.04849697955811118,0.9973290206289567
120,0.9139685297960303,0.047048475296076454,0.947755855621668,0.06265608412763125,0.9133301488230469,0.047031393044258345,0.947755855621668
121,0.9458838015656549,0.046179546998602494,1.033206299006507,0.05548800425030509,0.9462242262298161,0.04619281194638162,1.033206299006507
122,0.9762452928659291,0.045716347020541295,0.990360056212444,0.05321276541090587,0.9760176209903852,0.04567527520955052,0.990360056212444
123,1.0200652087885231,0.046515184858674036,1.0705690452968033,0.08561602207759045,1.0201896462199702,0.04648686039630991,1.0705690452968033
124,1.0163722216026234,0.04623089666476542,0.9843043683368181,0.057082910705229736,1.0158993762266189,0.04616231323922914,0.9843043683368181
125,0.927513940498635,0.04663125368128571,0.9056270276814359,0.05391404997650895,0.9274272565021996,0.04649046020185246,0.9056270276814369
126,1.1149731007647268,0.04696351327075857,1.1243658827559018,0.054670774355393394,1.1144267793903984,0.04696622279706986,1.1243658827558998
127,1.0142091510288815,0.04684126296240418,0.9302382393719276,0.058821982246395024,1.014246031412451,0.04692778139939367,0.9302382393719276
128,0.9590954534186974,0.04700666157220411,0.9276219962238382,0.05423801536930968,0.9592220319391914,0.04705985201406435,0.9276219962238402
129,0.9860051844377209,0.04517185359099546,0.9970448103113952,0.05786292314363387,0.9858854247404235,0.04514604197776336,0.9970448103113952
130,1.0886153311806226,0.04526443862631032,1.065109306238656,0.06409655884422047,1.0886537449005542,0.04525518425886209,1.065109306238656
131,1.0755898552396224,0.04587858305600653,1.0954771395202645,0.05103337324531552,1.0756953801660805,0.04581524565433603,1.0954771395202645
132,0.9767851989346571,0.04740601291191462,1.0135116569976286,0.06363428122359277,0.975775993984308,0.04730606979692915,1.0135116569976286
133,0.9528147467197003,0.045243878115052684,0.9221280628264542,0.05502101690927134,0.9525406042657966,0.04526041964722548,0.9221280628264542
134,1.010961651637564,0.04734198802514356,1.0330445594115398,0.0632737846267107,1.010661676816143,0.047252983385784965,1.0330445594115398
135,0.9469011996677291,0.045471748765098984,0.9652433325824384,0.05634459653045204,0.9465671191132606,0.04544917760515329,0.9652433325824384
136,1.056117931120015,0.046687667124821856,1.0370859815873021,0.06294305562873714,1.0561540886914942,0.046686837511378546,1.0370859815873001
137,1.0103728690379983,0.04578520552469161,1.0535802329287018,0.06929534680011186,1.0103354747512543,0.045778162937403506,1.0535802329287018
138,1.044795365850133,0.045786636806599196,1.0718969884318912,0.060384952781648064,1.0449863867591849,0.045810107902083626,1.0718969884318912
139,0.9289787732067473,0.04611114119676706,0.9567491086726215,0.05788613490715122,0.9299716150980568,0.04598479376468994,0.9567491086726215
140,1.0816152679991433,0.046153184840624396,1.1085505864546386,0.057060153751392874,1.081730731958391,0.04616909433016897,1.1085505864546386
141,1.0260855061105851,0.04599262804974025,0.9865139912446977,0.06044131679912049,1.0258884768628476,0.04598079135350718,0.9865139912446977
142,1.038660654549604,0.04678520139779215,1.0807522262459643,0.06665373538971602,1.0384203253281648,0.04678066001995697,1.0807522262459652
143,1.0715076519511606,0.045869577229802096,1.0664349883984614,0.055735523778413676,1.0717523751577902,0.0458632719268475,1.0664349883984614
144,0.974999491524872,0.04598555124382041,0.9294475926328365,0.0627766682822567,0.9740981826402606,0.0459624196430757,0.9294475926328355
145,1.0057245175733118,0.04565986753585367,1.0494133922261486,0.05417399034550633,1.0058888364339735,0.04565308456625615,1.0494133922261486
146,0.9780074083674275,0.047789246639552155,1.0304397346739587,0.09589850726761258,0.9779939680978091,0.04778770969738245,1.0304397346739604
147,0.9394212982407066,0.046782107261205734,0.9046523174354324,0.06874931941814963,0.9390337613401293,0.04682753366962807,0.9046523174354306
148,0.9959578574584583,0.04543074643941798,0.9838655172358204,0.06530920455473525,0.9959675675461261,0.04542782909457987,0.9838655172358204
149,0.9405648725202873,0.0469376211082909,0.8624923464289712,0.06361114575735514,0.9405987073789279,0.04695036217812651,0.8624923464289712
