seed,booster,gcomp,ipw,hand_tmle,eps1,eps0,score1_before,score0_before,max_score_after,g_raw_min,g_raw_max,q_below_bound,package_tmle,package_se,gap,gap_over_se,flexible_psi,flexible_se,cf_g_min,cf_g_max,nu2,attention,propensity_auc,propensity_cal_slope,propensity_logistic_weight,outcome_auc,outcome_cal_slope,outcome_logistic_weight,calibration_flags,rv,sign_survives,bench_cf_y,bench_cf_d,sensitivity_ran,error
0,shallow,0.051488215195822105,0.05154680230697245,0.05150976623093761,0.0009995941814121704,0.006119418407003449,0.00010024885797335971,7.154706072892838e-05,9.864794166721443e-19,0.32033075783173925,0.9984037566438876,126,0.0515097662309376,0.003791331080226145,-6.938893903907228e-18,1.8301999369291002e-15,0.05171486676615253,0.0038291264945677496,0.2661387123129341,0.8832571263984106,4.14,,0.5968,0.9129,0.351,0.7675,0.8804,0.343,0,0.1348,True,0.0,0.0106,True,
1,shallow,0.05915068591754364,0.05888914465296964,0.05727418184933023,0.0036851385694330586,0.051333435343309496,0.000420332759705904,0.0007129573850485907,7.679042586990666e-19,0.09952610169894499,0.9994522368296817,78,0.05727426849899715,0.004101752937267507,8.664966692079057e-08,2.112503318605888e-05,0.059763425749771774,0.004123869206631438,0.3171549166515566,0.8998585774557211,4.127,nuisance_models,0.6035,0.9035,0.276,0.7422,0.8743,0.057,1,0.1443,True,0.0,0.0056,True,
2,shallow,0.057303105608494095,0.05758598295306267,0.057591531631097814,0.0034201258492984428,0.008355600581725938,0.00037799754289373396,8.502134356801929e-05,1.2706849461530111e-19,0.26247749194761705,0.9218786240389116,162,0.0575915316310978,0.003981070786444015,-1.3877787807814457e-17,3.4859434941649006e-15,0.05800661478068339,0.003989053088905108,0.2763873832694271,0.9333324024544294,4.192,,0.6028,0.9519,0.168,0.7701,0.9619,0.012,0,0.1448,True,0.0001,0.021,True,
3,shallow,0.06400675359040775,0.06414465712366181,0.06399447672461155,-0.0026402354686117404,-0.03202120129766218,-0.0003254042152348204,-0.00031489003804297113,2.0585385248258111e-19,0.14955899073036127,0.909285874144593,146,0.06399447084950878,0.004149503915526846,-5.875102765395823e-09,1.4158566626270758e-06,0.0634796250239733,0.004170047314480131,0.24125692263838178,0.8608516482672445,4.125,,0.5965,0.9382,0.257,0.7538,0.8934,0.142,0,0.1518,True,0.0,0.0067,True,
4,shallow,0.05693642450813124,0.05708415701957654,0.0571297910241342,-0.0014809850908197421,-0.041941214905719726,-0.00016097414517504037,-0.00036570285765772503,3.2612801348363973e-19,0.24524652065106017,0.9325347072811442,244,0.057129821462773164,0.0038553521215332993,3.043863896351473e-08,7.895164437381942e-06,0.05738090194153232,0.0038884654955112564,0.3138949135943833,0.9418442795166047,4.175,,0.6078,0.9324,0.455,0.7683,0.9316,0.112,0,0.1448,True,0.0002,0.0181,True,
5,shallow,0.055982832248612203,0.05643514736903218,0.0564171927298961,0.003791041736263979,-0.004222932406640525,0.0004003822826637894,-3.651249286782111e-05,9.992007221626408e-19,0.24301556445100397,0.9079344994667301,88,0.056417200474160094,0.0038500841067130565,7.744263993969547e-09,2.0114531992863605e-06,0.0563725718496914,0.003880460875360802,0.23041862806093402,0.9410749200365418,4.119,,0.6028,0.9208,0.307,0.7651,0.8815,0.04,0,0.1435,True,0.0008,0.0023,True,
6,shallow,0.057136780093279535,0.05729188143029497,0.05730740912483499,0.0030494844740077075,0.014525150606251145,0.00034190784095929636,0.0001689517395912592,5.435466891393995e-20,0.2995208756984024,0.994054320027712,196,0.05730740912483458,0.003965266230487472,-4.163336342344337e-16,1.0499512769997576e-13,0.057601826689399865,0.004031272658221562,0.2943072211098497,0.8829103906846169,4.143,,0.6032,0.9072,0.279,0.7464,0.8772,0.026,0,0.1439,True,0.0007,0.0081,True,
7,shallow,0.058933398116357796,0.05917639866045095,0.05916510534302075,0.003068871073088525,0.009767667327394905,0.00036175773294463504,0.00012600158955588237,1.5731050721316346e-18,0.0028114667597941316,0.8927356764489128,234,0.0591651053430208,0.00406558009561035,4.85722573273506e-17,1.1947189868376859e-14,0.05924510655466998,0.0041065395192337985,0.22925202212716753,0.8969709910250421,4.128,,0.5995,0.9024,0.372,0.7465,0.881,0.072,0,0.1452,True,0.0002,0.0068,True,
8,shallow,0.060695214018576985,0.06107772167175047,0.06107644249333242,0.0009970112603429084,-0.029965489482427134,0.00011178510178377926,-0.0002684293069968801,2.8449465006019638e-19,0.2989137643105091,0.886698479491419,32,0.06107643178769509,0.003947405849624452,-1.0705637328023432e-08,2.712069074184998e-06,0.061816742159486744,0.004007154729528048,0.31908668673559965,0.8582640066912416,4.112,,0.5906,0.8842,0.347,0.7728,0.9312,0.075,0,0.1514,True,0.0004,0.0055,True,
9,shallow,0.05640159834838122,0.05628979319982844,0.05620213452374012,-0.0005110218751728364,0.009567398934953975,-5.64302038447296e-05,0.00012645286841224415,8.0953762212251e-20,0.26099443411666406,0.9684391054192631,230,0.056202134018082946,0.003994067112734659,-5.056571758532691e-10,1.266020729198653e-07,0.05672418989110764,0.004027693494835846,0.2540481666565649,0.8795728605895725,4.173,nuisance_models,0.6124,0.9409,0.156,0.7373,0.8652,0.043,1,0.1399,True,0.0,0.0105,True,
10,shallow,0.05517311473018114,0.05518923040801567,0.0551784035747762,0.0047009747822005545,0.03730530271275251,0.0005088522714768298,0.00047939597383915935,2.0932329943453473e-19,0.19493441864021469,0.9299857600890344,96,0.05517840357444123,0.003957092004543769,-3.3496816431721754e-13,8.465008241723649e-11,0.05562074778804151,0.003987022069035673,0.22080245920852742,0.8958148843174779,4.133,,0.5983,0.9027,0.159,0.7459,0.8813,0.167,0,0.1396,True,0.0019,0.011,True,
11,shallow,0.04941847304811027,0.04926608091204717,0.049556434297871294,-0.0007542184082459503,-0.015512307669872662,-7.106581646896618e-05,-0.0002259445132837579,1.0234868508263161e-18,0.0010155094128108028,0.9309077490650487,312,0.049556411557911545,0.0036630186798445566,-2.2739959748552252e-08,6.207983561120481e-06,0.04968044925476194,0.003711809832120442,0.258530346043426,0.9219931335065276,4.151,nuisance_models,0.5918,0.8529,0.449,0.773,0.9365,0.115,1,0.1286,True,0.0,0.0218,True,
12,shallow,0.06363302404757307,0.06366905451862447,0.06361064576333161,-0.0006334107642557872,-0.0068499472986446345,-7.53481200930527e-05,-5.5381330827475505e-05,1.3993436039546243e-18,0.2533727515981861,0.9098975030751163,174,0.06361064829766139,0.004026523601241083,2.534329773817845e-09,6.294088958119348e-07,0.06338277202490444,0.004061506117462594,0.2695097232694384,0.9404791690610298,4.224,nuisance_models,0.6142,0.9513,0.22,0.7454,0.8286,0.191,1,0.1504,True,0.0001,0.0225,True,
13,shallow,0.05563193014902869,0.05586200752012707,0.055672910424520015,0.0026238149630854117,0.021294663997912987,0.00027437329714174313,0.00020693328049128855,2.2127120737532497e-18,0.30259103657087655,0.9966580914378669,152,0.055672910424516504,0.003867919956089261,-3.5110803153770576e-15,9.077437887124754e-13,0.0562663464914094,0.003929047482496686,0.32265991160641705,0.8909007735601527,4.094,nuisance_models,0.5806,0.8388,0.183,0.7656,0.9158,0.084,1,0.1426,True,0.0,0.0103,True,
14,shallow,0.059191685209709174,0.05883810380824167,0.058689785565480344,0.002926785341305838,0.04126663664114809,0.00034018771031555837,0.0005984088074321357,3.1456319031046104e-19,0.21983034067460158,0.9976857589019875,92,0.05868978556388206,0.004142786780955088,-1.5982840051442793e-12,3.857992432755149e-10,0.059505562781626914,0.004145758207526082,0.28889159044529167,0.9299105649886039,4.182,nuisance_models,0.6069,0.9503,0.133,0.7217,0.8196,0.23,1,0.1427,True,0.0014,0.0127,True,
15,shallow,0.0595855234478657,0.05926641775981811,0.05932561126322868,-0.0005424117689815388,0.017183832013534347,-6.311188768700002e-05,0.00019148657443759964,1.2721305490496584e-18,0.19730930865882682,0.9401165021549779,84,0.05932561117672142,0.004062798282183829,-8.650725968895046e-11,2.1292531324604976e-08,0.05840126305613724,0.00408446685523487,0.25367120877869703,0.9004674226892442,4.205,nuisance_models,0.6175,0.9579,0.395,0.7398,0.833,0.096,1,0.1425,True,0.0,0.0154,True,
16,shallow,0.0575470227414619,0.05818521161565013,0.058256156847417306,0.0020242643275288634,-0.03843535793002672,0.000219310739091517,-0.0004768199340910423,2.44234609388568e-19,0.14336110883393113,0.9977062570711225,304,0.058255758086300305,0.003957269730738526,-3.987611170014338e-07,0.00010076672659030874,0.057562373733474274,0.004001694162749959,0.3083715991420086,0.9172050887063168,4.128,nuisance_models,0.5982,0.9049,0.21,0.7603,0.8519,0.186,1,0.1408,True,0.0001,0.0114,True,
17,shallow,0.06063420382628992,0.06067404621102929,0.06075112711418945,-0.0005961123980778712,-0.022717682250077198,-6.782649907031933e-05,-0.00019527767928600924,3.0003488119915525e-18,0.28105827923144877,0.9027530619440058,88,0.060751112776587124,0.003960651027511118,-1.4337602327607613e-08,3.6200115152829793e-06,0.0604987047314607,0.0039983396336380084,0.30809781018012805,0.8833198954009346,4.171,,0.6093,0.9348,0.103,0.7589,0.8772,,0,0.1479,True,0.0014,0.0123,True,
18,shallow,0.05623020137214124,0.05616304495874222,0.05623092136326814,-0.000701866374242013,-0.0076176524526770355,-7.520593319480479e-05,-8.624291307262855e-05,2.174186756557598e-19,0.26271887543348366,0.9969547894720704,294,0.05623086046323744,0.003877236223326743,-6.090003069891825e-08,1.5707072561770524e-05,0.05700652065972564,0.003913236749270056,0.23559988982360983,0.9125103051428987,4.189,,0.6155,0.9768,0.209,0.7678,0.9729,0.133,0,0.1423,True,0.0003,0.0121,True,
19,shallow,0.0560264898863304,0.056364970313610784,0.05625853807474759,0.0021792147508016475,-8.662150615426088e-05,0.00023650058446232573,-9.091923536092577e-07,1.394717674685353e-18,0.3029631673566809,0.9281429939920202,152,0.05625853824469224,0.0039350208882063375,1.699446555702977e-10,4.3187739124750095e-08,0.05563590820087685,0.003958421607725517,0.29874163750096105,0.9071871779683957,4.157,nuisance_models,0.5932,0.9334,0.161,0.7501,0.8721,0.084,1,0.1399,True,0.0,0.0155,True,
20,shallow,0.05989315069046716,0.06006743886643339,0.059908736223150544,0.0008121269477130271,0.005017147676907673,9.543679986752699e-05,7.178573231091055e-05,1.8156772381890582e-19,0.27742203074955074,0.9288409450564775,320,0.05990873622315054,0.004096261111843554,-6.938893903907228e-18,1.6939579080651735e-15,0.059622240031136434,0.004136835070382231,0.2962393393612988,0.8734236535309002,4.156,,0.6044,0.9095,0.141,0.7637,0.8976,0.318,0,0.1449,True,0.0003,0.0105,True,
21,shallow,0.05694442271135595,0.05769133371498229,0.05766314278624717,0.0030770923258285916,-0.052014233612865064,0.00032482222245626603,-0.0003987794966021456,4.388850394221322e-19,0.24306799095134526,0.9483325598603519,170,0.05766316859310756,0.003849812328655917,2.5806860384780528e-08,6.703407382403615e-06,0.05775483217611859,0.0038760243540050944,0.254358297621077,0.923469888804814,4.208,nuisance_models,0.6153,0.9946,0.265,0.7677,0.8711,0.125,1,0.1443,True,0.0,0.015,True,
22,shallow,0.05720863793647524,0.057040250431785414,0.05719768867815071,0.001262859212265443,0.012853378814768422,0.0001374419646757188,0.00014547789766479233,2.175487799164581e-18,0.00327024553687999,0.8832196749183745,188,0.05719768867815064,0.003942587533248619,-6.938893903907228e-17,1.7599847423526216e-14,0.05666668114157535,0.003926734618039573,0.31514152319161487,0.8943174313026193,4.159,,0.6075,0.9456,0.247,0.7697,0.913,0.089,0,0.1412,True,0.0,0.0076,True,
23,shallow,0.06116882076752528,0.06116189593583856,0.06113097471882106,0.0009629175398647874,0.011822413803916403,0.00011843678253616369,0.0001465945494388505,4.036123287439371e-19,0.25455168970930797,0.9039609795138891,208,0.06113097471882102,0.004186591571055634,-4.163336342344337e-17,9.944453075212605e-15,0.06137773768724562,0.004215127173468822,0.25699470080585873,0.9344923965904322,4.17,,0.597,0.9296,0.167,0.7462,0.9894,,0,0.1484,True,0.0006,0.0171,True,
24,shallow,0.057277543660163965,0.05714296122330374,0.05725694315655715,-0.00184980566669533,-0.010874956384923848,-0.00020035750484366643,-0.00012793989234420364,1.7092808649958138e-18,0.0011549669908863848,0.9994270664243574,60,0.05725697282411859,0.0038936536635343784,2.9667561442237034e-08,7.619465932495639e-06,0.057229101190677104,0.003934882428438021,0.2727566545069019,0.8950573273819231,4.198,,0.6042,0.9444,0.465,0.7659,0.8978,0.027,0,0.1397,True,0.0,0.0177,True,
25,shallow,0.05438773381420857,0.054525772361152136,0.05448467154863415,0.0021866055315038443,0.010661234775951002,0.00023090622779408867,0.00012666967706831742,2.1058097395461792e-18,0.22822820262060542,0.9644468365544973,160,0.05448467154863408,0.0038980873422926675,-6.938893903907228e-17,1.7800765592456185e-14,0.05509962999975122,0.0039764109735409186,0.2955068353747809,0.9045581428691797,4.091,nuisance_models,0.5885,0.8422,0.329,0.7589,0.8757,0.266,2,0.1407,True,0.0,0.0029,True,
26,shallow,0.05513133205894634,0.0552593245516346,0.05530455251956934,0.003630268719591173,0.018049256291047172,0.0003828430771349523,0.00019863415774328398,3.885780586188048e-18,0.0009498701755525105,0.9138497069751326,374,0.05530455251956823,0.0038813918129707837,-1.1102230246251565e-15,2.8603734900326937e-13,0.05556612577952543,0.003892703250347236,0.2948334613115359,0.9003323907835543,4.162,,0.6108,0.9357,0.271,0.7756,0.9383,0.233,0,0.1404,True,0.0,0.011,True,
27,shallow,0.05492501428928465,0.055329361313612525,0.05513762090429806,0.0005048337382594125,-0.01675729373446017,5.243916419807169e-05,-0.00015914243353740476,7.528699885739343e-19,0.276228951330321,0.998843091672693,110,0.055137459625675074,0.0038073135398321934,-1.6127862298431772e-07,4.236021575239796e-05,0.05439747409030478,0.0038282192122656793,0.26070879948039577,0.9228583664920808,4.14,nuisance_models,0.6026,0.8771,0.276,0.748,0.8145,0.105,1,0.1377,True,0.0003,0.0083,True,
28,shallow,0.06838656485076637,0.06871634100992062,0.06867580080050092,0.002893721697453179,0.006778561651640634,0.0003773900327005862,8.503696219485604e-05,5.827225276385424e-19,0.22165704249495863,0.9037155340708147,74,0.06867580080050095,0.0043177929921231544,2.7755575615628914e-17,6.4281858037804826e-15,0.06867563189088685,0.004349037561335365,0.29616907574108475,0.8868776096286498,4.159,nuisance_models,0.6096,0.9289,0.334,0.738,0.8374,0.007,1,0.1558,True,0.0,0.009,True,
29,shallow,0.05749143203346175,0.05756435055836717,0.05749581566009338,0.0011891391100493963,0.00910981570240787,0.00013537573861879752,0.0001276887069249228,4.440892098500626e-19,0.26535177718208314,0.8940603181288383,50,0.05749581566009338,0.004078338939858284,0.0,0.0,0.05694228138485147,0.004084434039855791,0.3024749449899334,0.8889594651904327,4.137,nuisance_models,0.5987,0.8596,0.153,0.7735,0.9612,0.012,1,0.1398,True,0.0,0.0105,True,
2026,shallow,0.05649255256273622,0.057139885895710896,0.05700286517116008,0.004402552841494992,-0.002818062134265328,0.00047881091180260573,-3.269566261044171e-05,1.1564823173178714e-19,0.27502936761928015,0.9975106572114547,88,0.05700278860982799,0.003913853828080038,-7.656133208661098e-08,1.956162275078335e-05,0.05744786763785364,0.0039515113362461225,0.2689359019794113,0.9129142696050809,4.175,,0.6092,0.905,0.468,0.7791,0.9505,0.046,0,0.1423,True,0.0006,0.0081,True,
