seed,gmin,gmax,n_out01,gap01,shift01,ratio01,gappk,shiftpk,ratiopk,sfin,s0,eps
2026,0.27502936761928015,0.99751065721145471,4,-1.1295091177088157e-06,0.00051136555620948099,0.0022088095375084513,-1.1351874326173683e-06,0.00051137123452438954,0.002219889105950926,5.9211894646675014e-19,0.00050875041785044433,0.0042285539096129981
0,0.32033075783173925,0.99840375664388759,12,-4.0699191348955721e-06,2.5620954250391015e-05,0.15885119247006418,-4.0753743375879226e-06,2.5626409453083365e-05,0.15903025139160001,-5.9211894646675014e-19,2.5550328179164695e-05,0.0002285126091523464
1,0.099526101698944991,0.99945223682968165,20,-0.0015621462683595155,-0.00031427115018697188,4.9706957429281537,-0.0015382123057636338,-0.00033820511278285365,4.5481639621197889,0,-0.00029492455605531655,-0.0023330085000739151
2,0.26247749194761705,0.92187862403891163,0,-4.9663048382747599e-07,0.00028892265308753246,0.0017189046221204956,-4.9663048382747599e-07,0.00028892265308753246,0.0017189046221204956,-2.9605947323337507e-19,0.00028912481842273272,0.0024003213305684081
3,0.14955899073036127,0.90928587414459305,0,2.0391319887208548e-06,-1.4321872887690379e-05,0.14237886376393444,2.0391319887208548e-06,-1.4321872887690379e-05,0.14237886376393444,-1.3322676295501879e-18,-1.4305650646672922e-05,-0.00010697341095586365
4,0.24524652065106017,0.93253470728114418,0,-5.7339745910753304e-06,0.0001991309292330018,0.028794997407791154,-5.7339745910753304e-06,0.0001991309292330018,0.028794997407791154,0,0.00019899137988691615,0.0016841250381968312
5,0.24301556445100397,0.9079344994667301,0,6.4170905422766822e-08,0.00043430405464246757,0.00014775571339207109,6.4170905422766822e-08,0.00043430405464246757,0.00014775571339207109,-5.9211894646675014e-19,0.00043448452393589999,0.0038025898843012862
6,0.29952087569840241,0.99405432002771199,2,4.3930075223214127e-06,0.00016623602403272042,0.026426326952193782,4.3919106200510094e-06,0.00016623712093499082,0.02641955416064095,2.9605947323337507e-19,0.0001665106074593446,0.0013505203548687178
7,0.0028114667597941316,0.89273567644891283,6,3.2329635912403676e-06,0.0002284742630717651,0.014150230961571697,2.2117734041829373e-06,0.00022949545325882253,0.0096375478153308894,-2.9605947323337507e-19,0.00022804164696272296,0.0017482320601741126
8,0.29891376431050909,0.886698479491419,0,1.14921928607431e-06,0.00038006854983203137,0.0030237158180601879,1.14921928607431e-06,0.00038006854983203137,0.0030237158180601879,0,0.0003793584401027393,0.0031197713848504774
9,0.26099443411666406,0.96843910541926315,0,-7.104995405286807e-06,-0.00019235933489298446,0.036936057245360823,-7.104995405286807e-06,-0.00019235933489298446,0.036936057245360823,0,-0.00019063477861148482,-0.0015451799104419623
10,0.19493441864021469,0.92998576008903444,0,-2.1654494976285077e-05,2.6943339236376596e-05,0.80370494489595512,-2.1654494976285077e-05,2.6943339236376596e-05,0.80370494489595512,2.9605947323337507e-19,2.6758231054656504e-05,0.00022287134463715614
11,0.0010155094128108028,0.9309077490650487,4,-1.4897777458305894e-05,0.00015283628725958065,0.0974753949171977,-2.245584244131571e-05,0.00016039435224259047,0.14000394731699833,-1.1842378929335003e-18,0.0001450617849154181,0.0013283843084481214
12,0.25337275159818612,0.9098975030751163,0,1.0911779912969877e-06,-2.3466927902976442e-05,0.046498544496682392,1.0911779912969877e-06,-2.3466927902976442e-05,0.046498544496682392,-2.9605947323337507e-19,-2.3384479546295487e-05,-0.00018390212114833149
13,0.30259103657087655,0.99665809143786688,4,-2.2247321486416893e-05,6.3227596974232969e-05,0.35186093653825412,-2.2248486180369287e-05,6.3228761668185363e-05,0.35187287546648244,-7.4014868308343774e-19,6.3104870640028711e-05,0.00055442861743253548
14,0.21983034067460158,0.99768575890198752,4,-0.00023996250219954218,-0.00026193714362757192,0.91610719608642532,-0.00023995701558633675,-0.00026194263024077735,0.91606706157668394,1.1842378929335003e-18,-0.00026078250465009459,-0.0020134372331412839
15,0.19730930865882682,0.94011650215497788,0,-1.3934616230754093e-06,-0.00025851880952119932,0.0053901749959944069,-1.3934616230754093e-06,-0.00025851880952119932,0.0053901749959944069,1.4802973661668753e-19,-0.00025704450874228658,-0.00202280512938776
16,0.14336110883393113,0.99770625707112248,8,1.3885276153931259e-05,0.00069485006868447163,0.019983125539901905,9.4769353853052518e-06,0.00069925840945309764,0.013552837201796872,-4.4408920985006263e-19,0.00068574392604411297,0.0056381827025494156
17,0.28105827923144877,0.90275306194400584,0,-7.5653353715440796e-06,0.00012447428566874502,0.06077829915551549,-7.5653353715440796e-06,0.00012447428566874502,0.06077829915551549,-1.1102230246251566e-18,0.00012480866801139651,0.0010162707444851845
18,0.26271887543348366,0.99695478947207039,2,-5.0070770845483947e-07,1.1597988046549434e-06,0.43171945551694813,-5.0130139847559541e-07,1.1603924946756994e-06,0.43201020411261498,0,1.156960912578331e-06,9.7506274603031433e-06
19,0.30296316735668088,0.92814299399202016,0,-7.2422316140657861e-07,0.00023277258152325231,0.0031112906712092029,-7.2422316140657861e-07,0.00023277258152325231,0.0031112906712092029,0,0.00023200778976371163,0.0019503143660866216
20,0.27742203074955074,0.92884094505647752,0,3.0949595319421097e-06,1.2490573151432982e-05,0.24778362805449325,3.0949595319421097e-06,1.2490573151432982e-05,0.24778362805449325,5.1810407815840643e-19,1.2563415287692411e-05,9.5475438941079532e-05
21,0.24306799095134526,0.94833255986035192,0,-1.3661402941331224e-06,0.00072011202204574215,0.0018971219092442037,-1.3661402941331224e-06,0.00072011202204574215,0.0018971219092442037,-2.9605947323337507e-19,0.00071831482459144109,0.0062929200484976152
22,0.0032702455368799899,0.8832196749183745,2,2.9707710571050261e-06,-1.3920029381699062e-05,0.21341701052806381,2.9907525066971696e-06,-1.3940010831291205e-05,0.21454448944787144,1.4802973661668755e-18,-1.3865402397497266e-05,-0.00011572740177218393
23,0.25455168970930797,0.9039609795138891,0,-2.6645062116206764e-06,-3.5181542492636331e-05,0.075735912152753687,-2.6645062116206764e-06,-3.5181542492636331e-05,0.075735912152753687,-1.7023419710919066e-18,-3.5062552629446427e-05,-0.00025957150658839298
24,0.0011549669908863848,0.99942706642435741,18,6.5095911566621922e-05,-8.5666747611998217e-05,0.75987373609016051,7.745769481456305e-05,-9.8028530859939345e-05,0.79015460228851764,-5.9211894646675014e-19,-7.4381060269625843e-05,-0.00061795612035013016
25,0.22822820262060542,0.96444683655449726,0,-2.7367515507692453e-06,9.9674485976281035e-05,0.02745689154013289,-2.7367515507692453e-06,9.9674485976281035e-05,0.02745689154013289,0,9.9648925567574168e-05,0.00085077653522682339
26,0.00094987017555251047,0.91384970697513257,2,1.2201384027091255e-06,0.00017200032221918043,0.007093814633406908,1.0157113680062113e-06,0.00017220474925388335,0.0058982773263049609,1.4802973661668753e-19,0.00017151889228688141,0.0014792791076335846
27,0.27622895133032099,0.99884309167269303,4,3.8690441122243846e-06,0.00020857629227819668,0.01854977893203652,3.8650395365324997e-06,0.00020858029685388857,0.018530223586938208,-4.4408920985006263e-19,0.0002085889816004028,0.0018350451484780443
28,0.22165704249495863,0.90371553407081473,0,-4.9905807085470766e-07,0.00028973500780543615,0.0017224638287059769,-4.9905807085470766e-07,0.00028973500780543615,0.0017224638287059769,-1.4802973661668753e-19,0.00028974825257294036,0.0020302384820454016
29,0.26535177718208314,0.89406031812883835,0,-1.998829752811182e-06,6.3824563844433468e-06,0.31317562274035221,-1.998829752811182e-06,6.3824563844433468e-06,0.31317562274035221,1.4802973661668753e-19,6.3718337335697169e-06,4.9944324352276484e-05
