seed,learner,ate_truth,n_warnings,warning_kinds,all_psi,all_se,all_lo,all_hi,screen_psi,screen_se,screen_lo,screen_hi,ipsi_psi,ipsi_se,ipsi_lo,ipsi_hi,regime_attention,ipsi_attention,cal_slope,auc,none_min_g,none_max_ratio,none_ess,none_load,all_min_g,all_max_ratio,all_ess,all_load,screen_min_g,screen_max_ratio,screen_ess,screen_load,ipsi_ess,seconds
9000,booster,0.1628580377,0,,0.1655968493,0.005942701229,0.1539493689,0.1772443296,0.1043221558,0.004372619461,0.0957519791,0.1128923324,0.02513025409,0.0009052477526,0.0233560011,0.02690450708,,,0.9333675373,0.6691054291,0.1336790646,6.106226193,1443.41108,1443.41108,0.05151178776,19.41303231,1113.212477,1113.212477,0.07781491617,10.54834861,1609.747365,1609.747365,0.9031497845,4.8783449
9001,booster,0.1628580377,0,,0.1698304428,0.005713091808,0.1586329886,0.181027897,0.1041765262,0.004340238428,0.09566981518,0.1126832372,0.02655610833,0.0009160332667,0.02476071612,0.02835150054,,,0.8958484086,0.6480767101,0.1476365353,6.715389116,1453.238075,1453.238075,0.04834160386,9.437499161,1232.369544,1232.369544,0.08504922844,9.437499161,1658.219328,1658.219328,0.9011789673,4.8964487
9002,booster,0.1628580377,0,,0.1631162779,0.005510950651,0.1523150131,0.1739175427,0.1113548447,0.004434774687,0.102662846,0.1200468433,0.0252218597,0.0008790148856,0.02349902218,0.02694469722,,,0.9044250116,0.6633151416,0.1316111319,6.129485311,1456.906771,1456.906771,0.05603287534,9.771514464,1172.670148,1172.670148,0.0780314816,9.771514464,1636.004313,1636.004313,0.9017176735,4.9179746
9003,booster,0.1628580377,0,,0.1617817344,0.006106390689,0.1498134285,0.1737500402,0.1003648202,0.004614471289,0.09132062269,0.1094090178,0.023814809,0.000903229362,0.02204451198,0.02558510602,,,1.021099788,0.694104243,0.03661310198,22.3320541,1319.482631,1319.482631,0.03813652668,12.924651,1131.319701,1131.319701,0.09195559062,6.900580134,1705.890981,1705.890981,0.904060123,4.8770771
9004,booster,0.1628580377,0,,0.157751655,0.005901757413,0.146184423,0.1693188869,0.1054302198,0.00416787459,0.09726133575,0.1135991039,0.02477835994,0.000916050384,0.02298293418,0.0265737857,,,0.902982001,0.6563871806,0.1809529849,5.167245152,1497.78954,1497.78954,0.03485330028,19.30045643,1119.018649,1119.018649,0.07452004521,8.581063933,1636.543735,1636.543735,0.9019246029,5.0501463
9005,booster,0.1628580377,0,,0.1642053125,0.005512211563,0.1534015764,0.1750090487,0.108887005,0.004193391495,0.1006681087,0.1171059013,0.02524806009,0.0009015908851,0.02348097442,0.02701514575,,,0.9684240828,0.66236542,0.1520404061,5.109847751,1496.468361,1496.468361,0.03277476708,10.39051647,1182.792356,1182.792356,0.09703141486,7.771547266,1659.031673,1659.031673,0.9029412738,4.9877281
9006,booster,0.1628580377,0,,0.1638855942,0.005578222001,0.1529524799,0.1748187084,0.1075264254,0.004384589599,0.09893278774,0.1161200631,0.02478326127,0.0008875013261,0.02304379063,0.0265227319,,,0.9634449736,0.6806714042,0.120735067,8.02656143,1466.905567,1466.905567,0.02199619868,23.49926445,1053.507687,1053.507687,0.03828452235,8.327552681,1627.727888,1627.727888,0.9034751129,5.0570207
9007,booster,0.1628580377,0,,0.1654112256,0.00575653549,0.1541286234,0.1766938278,0.1088501085,0.004548766811,0.09993468937,0.1177655276,0.02552587036,0.0009057190138,0.02375069372,0.02730104701,,,0.9167295478,0.6612612215,0.1223055258,7.328526134,1432.713807,1432.713807,0.04636730516,15.52485018,1175.040205,1175.040205,0.09273626968,7.589202013,1665.575649,1665.575649,0.9024627777,4.7596579
9008,booster,0.1628580377,0,,0.1612275786,0.005768422097,0.149921679,0.1725334781,0.09978988771,0.004408046493,0.09115027534,0.1084295001,0.0250622707,0.0009025195656,0.02329336486,0.02683117655,,,0.8960277732,0.6569809641,0.0948990238,7.894359288,1432.667872,1432.667872,0.07089008812,13.43038714,1187.979609,1187.979609,0.08603341024,5.678410472,1661.856859,1661.856859,0.9017276648,4.9508734
9009,booster,0.1628580377,0,,0.1528322348,0.005559249744,0.1419363055,0.163728164,0.1002263848,0.004244451339,0.09190741304,0.1085453566,0.02308516609,0.0008760376942,0.02136816376,0.02480216842,,,0.9401127803,0.673933932,0.1027718759,9.730288481,1406.946388,1406.946388,0.03056809893,20.28199985,1152.943247,1152.943247,0.04161642028,6.125925738,1679.005909,1679.005909,0.9037873455,4.9413423
9010,booster,0.1628580377,0,,0.1525909513,0.005860702785,0.1411041849,0.1640777177,0.09687789878,0.004237331473,0.08857288171,0.1051829159,0.02311524188,0.0008730718191,0.02140405256,0.0248264312,,,0.9184764031,0.6754555523,0.07455147407,6.507078338,1467.475283,1467.475283,0.01987253436,50.32070805,822.7890901,822.7890901,0.05541834972,12.43775017,1587.413526,1587.413526,0.9027340315,4.9530642
9011,booster,0.1628580377,0,,0.1558272415,0.00621856177,0.1436390844,0.1680153986,0.1077552342,0.004779590849,0.09838740828,0.1171230601,0.02402785842,0.0009313208954,0.022202503,0.02585321383,,,0.9211049491,0.6649691506,0.0779055897,9.91556761,1353.444303,1353.444303,0.05016678562,18.20971173,1191.555833,1191.555833,0.06521968517,11.88556665,1640.748771,1640.748771,0.9037939734,4.8148554
9012,booster,0.1628580377,0,,0.1630875381,0.005615299366,0.1520817535,0.1740933226,0.1063733887,0.004134886747,0.0982691596,0.1144776178,0.02518822057,0.0008947236008,0.02343459453,0.0269418466,,,0.9573298498,0.6639636287,0.09848171807,7.672852517,1513.292582,1513.292582,0.03071097686,24.95724649,1068.83342,1068.83342,0.07476542035,13.24830733,1554.735697,1554.735697,0.9014844305,4.7392023
9013,booster,0.1628580377,0,,0.1700894516,0.005659939181,0.1589961747,0.1811827286,0.1079043422,0.004526172399,0.09903320733,0.1167754771,0.02574873989,0.0008821193215,0.02401981779,0.02747766199,,,0.9549679722,0.6750641271,0.08272226365,12.08864405,1369.607145,1369.607145,0.04426675982,11.59399505,1157.226571,1157.226571,0.08487397038,10.91429225,1611.319707,1611.319707,0.9036608077,5.075931
9014,booster,0.1628580377,0,,0.1569832755,0.005671465465,0.1458674075,0.1680991436,0.1034761284,0.004270219785,0.09510665139,0.1118456054,0.02463319429,0.0008969954149,0.02287511558,0.026391273,nuisance_models,nuisance_models,0.8704731037,0.6468810047,0.1020339641,9.02099122,1459.772663,1459.772663,0.04161682621,15.06561157,1177.763064,1177.763064,0.08549933023,8.831031055,1619.715595,1619.715595,0.9016509296,4.8158453
9015,booster,0.1628580377,0,,0.1630431602,0.005769346034,0.1517354497,0.1743508706,0.1079715046,0.004296326047,0.09955086023,0.1163921489,0.02461761335,0.0009004799468,0.02285270509,0.02638252162,,,0.9217234631,0.6701230936,0.05347572673,18.70007312,1373.005467,1373.005467,0.03040756199,11.45782595,1153.99226,1153.99226,0.08047992075,7.194957856,1681.07169,1681.07169,0.9028028947,5.1587365
9016,booster,0.1628580377,0,,0.1549109026,0.005954538266,0.143240222,0.1665815831,0.1028944044,0.004216735334,0.09462975503,0.1111590538,0.023695151,0.0009321128728,0.02186824334,0.02552205866,,,0.9979174136,0.6822542931,0.1151205978,6.895590147,1489.82175,1489.82175,0.04758536219,11.00728081,1128.823199,1128.823199,0.09084895869,11.00728081,1666.82216,1666.82216,0.9031887457,5.0145335
9017,booster,0.1628580377,0,,0.1648931669,0.006148278404,0.1528427627,0.1769435711,0.1025164582,0.004317551504,0.09405421272,0.1109787036,0.02468884265,0.0008929128606,0.02293876561,0.0264389197,,,0.880912611,0.6584703306,0.0909446913,10.99569404,1365.666462,1365.666462,0.03180671721,31.43989973,1091.839252,1091.839252,0.09692708027,7.042603974,1700.945666,1700.945666,0.9026082721,4.7043389
9018,booster,0.1628580377,0,,0.1654219378,0.005543909928,0.154556074,0.1762878016,0.1003089709,0.004134758272,0.09220499355,0.1084129481,0.02532290063,0.0008846602931,0.02358899832,0.02705680295,,,0.915518955,0.6690899535,0.09480106871,7.654067663,1418.161065,1418.161065,0.03849998366,20.33405192,1135.374092,1135.374092,0.0633320177,8.396264323,1669.391052,1669.391052,0.9029759499,4.9279121
9019,booster,0.1628580377,0,,0.1576839093,0.00570656273,0.1464992518,0.1688685667,0.1063995153,0.00429556934,0.09798035407,0.1148186765,0.02467891484,0.0008903963276,0.02293377011,0.02642405958,,,0.8821813177,0.6498174713,0.1268765289,6.826997178,1481.25019,1481.25019,0.03917067101,24.0334838,1088.197568,1088.197568,0.04353475547,16.24865114,1570.368996,1570.368996,0.9011265562,4.9273777
9020,booster,0.1628580377,0,,0.1741642428,0.005583395335,0.163220989,0.1851074966,0.1077417812,0.004448089314,0.09902368636,0.1164598761,0.02668632162,0.0009060964322,0.02491040524,0.02846223799,,,0.9714258516,0.6733688817,0.1379489824,6.47204707,1484.187593,1484.187593,0.0376394219,12.07475472,1154.707757,1154.707757,0.1110887245,7.276609172,1664.783326,1664.783326,0.9022961933,4.8365007
9021,booster,0.1628580377,0,,0.1657265486,0.005620147573,0.1547112618,0.1767418354,0.1088630303,0.004218398294,0.1005951216,0.117130939,0.02562313142,0.0008981643267,0.02386276168,0.02738350115,,,0.915773294,0.656247801,0.2031464908,4.922556112,1557.167116,1557.167116,0.0324985124,13.05086377,1116.69304,1116.69304,0.0324985124,7.876669653,1579.657643,1579.657643,0.9011848799,4.8749783
9022,booster,0.1628580377,0,,0.1588697059,0.005807789148,0.1474866484,0.1702527635,0.1053933659,0.004384714754,0.09679948286,0.1139872489,0.02474680011,0.0008949544325,0.02299272166,0.02650087857,,,0.8881334611,0.6544450042,0.0506133245,9.3775601,1444.996979,1444.996979,0.03319683549,13.13575077,1157.175709,1157.175709,0.136092856,5.801150133,1638.324083,1638.324083,0.9014125092,4.9506078
9023,booster,0.1628580377,0,,0.1623736584,0.005707434886,0.1511872916,0.1735600252,0.1090748126,0.00445569851,0.100341804,0.1178078212,0.02407184297,0.0008862763002,0.02233477334,0.02580891259,,,0.9554128511,0.676140995,0.04409026699,21.37355584,1299.162325,1299.162325,0.03552273252,22.8354431,1110.431769,1110.431769,0.07380592747,8.122307945,1720.998861,1720.998861,0.9040300151,4.6565963
9024,booster,0.1628580377,0,,0.1472389446,0.005852737152,0.1357677906,0.1587100986,0.09243635677,0.004372363185,0.0838666824,0.1010060311,0.02284963015,0.0009224310951,0.02104169842,0.02465756187,,,0.9112078958,0.6572869416,0.09274049702,7.510218835,1472.701561,1472.701561,0.05198605513,12.51011065,1167.789398,1167.789398,0.1275746725,7.652575234,1595.52597,1595.52597,0.901290994,5.039481
9025,booster,0.1628580377,0,,0.1613373421,0.005851393026,0.1498688225,0.1728058617,0.1017818862,0.004209123171,0.09353215641,0.1100316161,0.02472205352,0.0008937448663,0.02297034577,0.02647376127,,,0.9911879951,0.6812843282,0.1033934557,9.671792021,1455.920083,1455.920083,0.05643675745,15.1032295,1102.99991,1102.99991,0.09439301907,5.756323469,1724.202979,1724.202979,0.9037344203,5.1334434
9026,booster,0.1628580377,0,,0.1571384461,0.005625260371,0.1461131384,0.1681637538,0.1002678673,0.004416776541,0.09161114436,0.1089245903,0.02399389036,0.0008947734626,0.0222401666,0.02574761412,,,0.8903647676,0.6651308199,0.1418090606,7.051735591,1490.074245,1490.074245,0.04845442837,20.63794856,1087.316375,1087.316375,0.04845442837,20.63794856,1511.079535,1511.079535,0.9005864242,4.8450871
9027,booster,0.1628580377,0,,0.1701312293,0.005807124108,0.1587494752,0.1815129834,0.105124774,0.004538716899,0.09622905237,0.1140204957,0.02641450876,0.0008971691632,0.02465608951,0.028172928,,,0.8915183683,0.6599182269,0.1345535442,6.810995026,1464.078764,1464.078764,0.0378216205,15.21350262,1112.311369,1112.311369,0.08270072606,11.53667073,1611.923299,1611.923299,0.9011352086,4.8284108
9028,booster,0.1628580377,0,,0.153307763,0.005772590006,0.1419936945,0.1646218315,0.1049424179,0.004276294143,0.09656103543,0.1133238004,0.023738291,0.0009046580763,0.02196519375,0.02551138825,,,0.9691615381,0.6732467991,0.1233742412,8.105419659,1501.218521,1501.218521,0.0267111321,19.33575144,1036.743554,1036.743554,0.06882901436,11.23024264,1576.597396,1576.597396,0.9021475138,4.8363869
9029,booster,0.1628580377,0,,0.1671120038,0.005608645946,0.1561192597,0.1781047478,0.1040031826,0.004190361654,0.09579022464,0.1122161405,0.02565530243,0.0008965299795,0.02389813595,0.0274124689,,,0.9431510736,0.6656065041,0.1254653277,6.367365558,1459.607321,1459.607321,0.04262127968,19.83575711,1114.655818,1114.655818,0.07684171466,9.571899188,1640.043891,1640.043891,0.9027783821,4.8717845
9030,booster,0.1628580377,0,,0.1649758018,0.005819323243,0.1535701378,0.1763814658,0.108718278,0.004446281004,0.1000037274,0.1174328287,0.02477105176,0.0009079659554,0.02299147119,0.02655063233,,,0.9440702327,0.6727829786,0.08571324685,11.66680807,1427.663424,1427.663424,0.02628591349,15.00566741,1120.988631,1120.988631,0.03328062763,5.133599757,1690.75626,1690.75626,0.9029181121,4.9882651
9031,booster,0.1628580377,0,,0.1592268231,0.005829971523,0.1478002889,0.1706533573,0.1083278957,0.004248717358,0.1000005627,0.1166552287,0.02376045309,0.0009044652019,0.02198773387,0.02553317231,,,1.018444936,0.6803521252,0.1534032033,5.952367844,1498.123996,1498.123996,0.04046941806,12.02480467,1126.025829,1126.025829,0.04046941806,10.36102368,1673.367698,1673.367698,0.9030443413,5.116146
9032,booster,0.1628580377,0,,0.159017108,0.005612501183,0.1480168078,0.1700174082,0.1003812301,0.004232522722,0.092085638,0.1086768222,0.02430154111,0.0008934546517,0.02255040217,0.02605268005,,,0.939262499,0.6727304126,0.1062775996,9.409320536,1446.761482,1446.761482,0.034810405,16.27543501,1119.85039,1119.85039,0.06144229014,16.27543501,1597.974478,1597.974478,0.9018257888,4.9927002
9033,booster,0.1628580377,0,,0.1697429314,0.005266678268,0.1594204317,0.1800654311,0.1104521512,0.004244212068,0.1021336484,0.118770654,0.02597967652,0.0008570912492,0.02429980854,0.0276595445,,,0.9387370317,0.6541223095,0.1492330377,5.62044076,1435.3896,1435.3896,0.02971469939,11.35379421,1246.668972,1246.668972,0.07713884179,11.35379421,1634.921639,1634.921639,0.9029228207,4.9491497
9034,booster,0.1628580377,0,,0.150160648,0.005870967926,0.1386537624,0.1616675337,0.09969918732,0.004403157263,0.09106915767,0.108329217,0.02294465144,0.0008967840193,0.02118698706,0.02470231582,,,0.9311455591,0.6762911329,0.04883663319,8.335469354,1431.585419,1431.585419,0.0522940952,12.16911369,1128.698393,1128.698393,0.0607505126,11.69964776,1598.924547,1598.924547,0.9026518861,4.9457928
9035,booster,0.1628580377,0,,0.1704098386,0.005469752334,0.159689321,0.1811303562,0.111390962,0.004238262485,0.1030841202,0.1196978038,0.02585885189,0.0008956114513,0.0241034857,0.02761421808,,,0.9650428348,0.6717006923,0.09617366004,10.39785737,1465.3165,1465.3165,0.0403641741,22.32468027,1076.767221,1076.767221,0.04610007124,14.94975501,1559.418424,1559.418424,0.90284192,4.9889488
9036,booster,0.1628580377,0,,0.1683158734,0.005756580506,0.157033183,0.1795985639,0.1053646398,0.004260951065,0.09701332916,0.1137159504,0.02553382808,0.0009153764181,0.02373972327,0.0273279329,,,0.9745912539,0.6713126482,0.1775436258,5.632418487,1481.450453,1481.450453,0.02284446973,11.58381964,1156.293852,1156.293852,0.06463376487,8.088903157,1640.618334,1640.618334,0.9022986282,4.904177
9037,booster,0.1628580377,0,,0.1681117275,0.005494314766,0.1573430684,0.1788803866,0.1079288546,0.00420795007,0.09968142403,0.1161762852,0.02544792115,0.0008994483927,0.0236850347,0.02721080761,,,0.9669698277,0.6755402809,0.1510669284,6.243361757,1481.660783,1481.660783,0.03368307056,20.22465864,1075.579632,1075.579632,0.06070788124,14.12023725,1581.471411,1581.471411,0.9030600348,5.0791188
9038,booster,0.1628580377,0,,0.1645579135,0.005441008013,0.1538937338,0.1752220933,0.1035308766,0.004244089897,0.09521261328,0.11184914,0.02547266966,0.0008869663863,0.02373424748,0.02721109183,,,0.9079585102,0.6544015017,0.1398471111,7.150666124,1436.629871,1436.629871,0.02689083624,19.08146955,1188.751264,1188.751264,0.03886513083,19.08146955,1558.390367,1558.390367,0.9029489782,5.013527
9039,booster,0.1628580377,0,,0.1598465517,0.005890911309,0.1483005777,0.1713925257,0.1039112745,0.004360054595,0.09536572453,0.1124568245,0.02494229657,0.000902122872,0.02317416823,0.02671042491,,,0.911756792,0.6634452551,0.09764930877,6.998146979,1440.380986,1440.380986,0.03555573185,13.24646804,1142.689412,1142.689412,0.1463302301,6.549701032,1664.3693,1664.3693,0.9025525992,5.0271944
9040,booster,0.1628580377,0,,0.1658670983,0.005439854577,0.1552051793,0.1765290174,0.1046456777,0.004195488113,0.09642267212,0.1128686833,0.02517426932,0.0008757600315,0.0234578112,0.02689072744,,,0.9058424431,0.6664634984,0.0781613147,8.936842511,1406.346251,1406.346251,0.06790977686,12.94981935,1172.353344,1172.353344,0.1588828875,5.803757793,1662.138425,1662.138425,0.9024322038,5.021852
9041,booster,0.1628580377,0,,0.155538327,0.005622049207,0.144519313,0.1665573409,0.09745670664,0.004238321922,0.08914974832,0.105763665,0.02423175201,0.0008734210844,0.02251987814,0.02594362587,,,0.9153570173,0.6561700091,0.1268940098,5.194600324,1510.942406,1510.942406,0.03188702799,18.29232195,1086.230161,1086.230161,0.07624930125,8.031976559,1607.636476,1607.636476,0.9007673267,4.9440048
9042,booster,0.1628580377,0,,0.1634838753,0.005594861863,0.1525181476,0.1744496031,0.1062540357,0.004261765224,0.09790112938,0.1146069421,0.02476730109,0.000886635851,0.02302952675,0.02650507542,,,0.9565672549,0.6899879521,0.0851366386,11.74582432,1383.444573,1383.444573,0.04087480905,13.80376636,1131.732862,1131.732862,0.09764632352,8.111020358,1732.818664,1732.818664,0.9043515642,4.8127278
9043,booster,0.1628580377,0,,0.1610274246,0.005584828362,0.1500813622,0.1719734871,0.101560029,0.004346446319,0.09304115073,0.1100789072,0.02421938609,0.0008913625611,0.02247234758,0.02596642461,,,0.9633162437,0.682463644,0.09723099263,10.2847865,1438.927798,1438.927798,0.03414746806,16.74114058,1120.836028,1120.836028,0.08083594688,7.956189534,1728.137875,1728.137875,0.9031412855,4.9332835
9044,booster,0.1628580377,0,,0.1685077332,0.005540565363,0.1576484246,0.1793670417,0.108401523,0.004356466994,0.09986300462,0.1169400414,0.0247114204,0.0008740203774,0.02299837194,0.02642446886,,,0.975391498,0.6920123777,0.08923293854,11.2066241,1406.1479,1406.1479,0.04178001614,9.961556671,1140.640996,1140.640996,0.1036301531,8.04764209,1683.436188,1683.436188,0.9050494169,5.0343717
9045,booster,0.1628580377,0,,0.1708896572,0.005661414241,0.1597934892,0.1819858252,0.1082384641,0.004412450945,0.09959021917,0.116886709,0.02558465206,0.0009152049935,0.02379088324,0.02737842089,,,0.9634267258,0.6764396824,0.1217777776,6.453032606,1433.731065,1433.731065,0.03906244761,9.142357272,1202.709991,1202.709991,0.1131185407,6.803102066,1670.130652,1670.130652,0.9035042419,4.9536377
9046,booster,0.1628580377,0,,0.1592989801,0.005473792669,0.1485705436,0.1700274166,0.09897503455,0.004185216068,0.09077216179,0.1071779073,0.02452293066,0.0008879088706,0.02278266125,0.02626320007,,,0.9514570106,0.6675928946,0.2081641242,4.720744045,1484.903143,1484.903143,0.02919842168,19.83148776,1139.396242,1139.396242,0.0586547536,9.717913222,1674.699149,1674.699149,0.9024655488,4.7725167
9047,booster,0.1628580377,0,,0.1529050316,0.005602698018,0.1419239453,0.163886118,0.1048812964,0.004302832048,0.09644790056,0.1133146923,0.02391000868,0.0008891133624,0.02216737851,0.02565263885,,,0.9903803783,0.6786817629,0.1341295886,6.775856674,1444.434974,1444.434974,0.02474639255,12.46247285,1161.524807,1161.524807,0.07820150221,12.46247285,1610.968404,1610.968404,0.9047818957,5.1271005
9048,booster,0.1628580377,0,,0.1601257049,0.00551539005,0.149315739,0.1709356707,0.1051762819,0.004248950824,0.09684849134,0.1135040725,0.02440514712,0.0009002306489,0.02264072748,0.02616956677,,,0.9058069779,0.6556399447,0.1562562716,5.487166089,1501.418748,1501.418748,0.03581840516,11.07514714,1162.127351,1162.127351,0.08830453415,7.540788567,1656.370932,1656.370932,0.9010441257,4.6257579
9049,booster,0.1628580377,0,,0.1631928656,0.005721682482,0.151978574,0.1744071572,0.1037060069,0.00428400808,0.09530950532,0.1121025084,0.02548607934,0.000909768786,0.02370296529,0.0272691934,,,0.9083247256,0.6546858342,0.1106703502,6.67339045,1486.994864,1486.994864,0.02760731111,18.52586678,1163.07667,1163.07667,0.05749215616,8.398595264,1628.195814,1628.195814,0.901143806,4.9978131
9050,booster,0.1628580377,0,,0.1639376848,0.005382496814,0.1533881849,0.1744871847,0.1028744769,0.004251594397,0.09454150503,0.1112074488,0.02531851492,0.0008696276938,0.02361407596,0.02702295388,,,0.961007125,0.6584368159,0.1174111998,7.164556969,1415.479816,1415.479816,0.04093158999,9.85324122,1273.277986,1273.277986,0.0638565075,7.701831211,1629.603052,1629.603052,0.9036627361,4.9496035
9051,booster,0.1628580377,0,,0.1650483792,0.006025603362,0.1532384137,0.1768583448,0.1097225877,0.004296595642,0.101301415,0.1181437604,0.02518043472,0.0009064035066,0.02340391649,0.02695695295,,,0.9670818138,0.6789840283,0.1273415251,5.395497697,1455.913163,1455.913163,0.03384804558,14.73313075,1088.564752,1088.564752,0.125078323,5.619137507,1713.653743,1713.653743,0.9031472786,5.1904309
9052,booster,0.1628580377,0,,0.154272243,0.005736219258,0.1430294598,0.1655150261,0.1076238698,0.004380952778,0.09903736011,0.1162103794,0.02410113649,0.0009142400968,0.02230925883,0.02589301416,,,0.9254002304,0.6636507134,0.1458925513,6.854359534,1500.703845,1500.703845,0.05022165808,12.94558346,1140.419286,1140.419286,0.09767324505,10.23821825,1642.391166,1642.391166,0.9013707205,4.8159463
9053,booster,0.1628580377,0,,0.1616454883,0.005565637585,0.150737039,0.1725539375,0.1092688014,0.00415034503,0.1011342746,0.1174033282,0.0242961518,0.0008976077836,0.02253687288,0.02605543073,,,0.9254797696,0.6648804356,0.1419598904,6.077959881,1419.667357,1419.667357,0.05011165285,18.1924539,1172.441508,1172.441508,0.09604335845,7.561287272,1666.475705,1666.475705,0.9035629445,4.8895663
9054,booster,0.1628580377,0,,0.1640160024,0.005586164211,0.1530673218,0.1749646831,0.1061962437,0.004176459861,0.0980105328,0.1143819546,0.02462828942,0.0008958809621,0.022872395,0.02638418384,,,0.9408831727,0.6737555416,0.1642971234,5.331175986,1481.13824,1481.13824,0.04346820127,12.44926124,1110.214793,1110.214793,0.1172514399,6.052611791,1666.368332,1666.368332,0.9020166336,4.9735219
9055,booster,0.1628580377,0,,0.1633263996,0.00572871453,0.1520983254,0.1745544737,0.1073509739,0.00418631989,0.09914593766,0.1155560101,0.02543734679,0.0009084122864,0.02365689143,0.02721780216,,,0.9419096886,0.6583426714,0.1579536432,4.182434956,1526.358891,1526.358891,0.02745396172,22.93185533,1035.606161,1035.606161,0.06854760857,12.36273792,1523.997227,1523.997227,0.901593324,5.0388123
9056,booster,0.1628580377,0,,0.1606700082,0.005581822171,0.1497298378,0.1716101786,0.09928063741,0.004237630642,0.09097503398,0.1075862409,0.02447016503,0.0008817669283,0.02274193361,0.02619839645,,,0.9574402772,0.6796045804,0.09985059377,9.454437759,1405.844732,1405.844732,0.02717276287,16.22419782,1131.548038,1131.548038,0.1113009576,7.743347608,1670.256461,1670.256461,0.9033279424,5.159974
9057,booster,0.1628580377,0,,0.1694847495,0.005825426864,0.1580671227,0.1809023764,0.1024595385,0.00425468933,0.09412050061,0.1107985763,0.02582576408,0.0009033154726,0.02405529828,0.02759622987,,,0.9120073544,0.6637597146,0.09240556218,6.856675739,1425.89812,1425.89812,0.03515331268,27.02030511,1090.537658,1090.537658,0.08110168509,10.79668612,1659.207882,1659.207882,0.9029173654,4.8001693
9058,booster,0.1628580377,0,,0.1639303853,0.005525664485,0.1531002819,0.1747604887,0.09762647655,0.004281100084,0.08923567457,0.1060172785,0.0249355353,0.0008971413072,0.02317717065,0.02669389995,,,0.9823853452,0.6753331493,0.09613310584,7.91008545,1456.504701,1456.504701,0.03157916334,18.33565787,1139.771516,1139.771516,0.06403559594,8.673727889,1592.750162,1592.750162,0.9035872788,4.8525511
9059,booster,0.1628580377,0,,0.1616047165,0.005608752122,0.1506117643,0.1725976687,0.1038313123,0.004356595065,0.09529254292,0.1123700818,0.02522656151,0.0009044393118,0.02345389304,0.02699922999,,,0.9101436544,0.6533959451,0.1190811895,8.096353985,1521.357333,1521.357333,0.05250849829,11.54082148,1142.444881,1142.444881,0.0583426311,10.76495253,1610.339917,1610.339917,0.8999250296,5.0275233
9060,booster,0.1628580377,0,,0.169358194,0.005587803741,0.1584062999,0.1803100881,0.1119084898,0.004325307692,0.1034310425,0.1203859371,0.026011345,0.0009166877653,0.02421466999,0.02780802,,,1.00624929,0.6668338527,0.1256950444,7.849098972,1494.146026,1494.146026,0.04527245405,7.204634921,1205.650707,1205.650707,0.1282352344,7.204634921,1699.527443,1699.527443,0.9018730503,5.0163112
9061,booster,0.1628580377,0,,0.1675072328,0.005542015282,0.1566450825,0.1783693832,0.1078037649,0.004172031433,0.09962673351,0.1159807962,0.02619180145,0.0008976315701,0.0244324759,0.027951127,,,0.8726195321,0.6483245782,0.132721534,5.110044204,1501.865111,1501.865111,0.06915891189,14.31717962,1157.251264,1157.251264,0.1181778576,6.446743088,1605.544843,1605.544843,0.9003010186,5.039096
9062,booster,0.1628580377,0,,0.169814378,0.005730594603,0.158582619,0.1810461371,0.1033228084,0.004206798321,0.09507763517,0.1115679816,0.02532245842,0.0009153067992,0.02352849006,0.02711642678,,,0.925873182,0.6675830357,0.1685475159,5.289487805,1441.724322,1441.724322,0.02279726093,26.79821553,1090.404193,1090.404193,0.03648359493,7.955731179,1661.011199,1661.011199,0.9036445906,5.0198338
9063,booster,0.1628580377,0,,0.1662992043,0.00580779098,0.1549161431,0.1776822654,0.1125447527,0.004427560553,0.1038668934,0.1212226119,0.02561702748,0.0009116112888,0.02383030218,0.02740375277,,,0.8802584604,0.6606558967,0.1245894014,6.944564887,1447.367249,1447.367249,0.03855743581,25.93533463,1032.144093,1032.144093,0.07381281122,11.01936627,1578.035347,1578.035347,0.9013559192,5.0400208
9064,booster,0.1628580377,0,,0.1605398381,0.005621369862,0.1495221556,0.1715575206,0.1063936219,0.00426895399,0.0980266258,0.1147606179,0.02450013566,0.0009036703354,0.02272897435,0.02627129697,,,0.9154298945,0.6616147985,0.1400444282,5.91635473,1472.620055,1472.620055,0.03551789564,17.59820798,1125.67715,1125.67715,0.08886410902,11.25313708,1666.922236,1666.922236,0.9014438445,4.9561893
9065,booster,0.1628580377,0,,0.1634998044,0.005538391562,0.1526447564,0.1743548524,0.1016783362,0.004270212301,0.0933088739,0.1100477985,0.02537259617,0.0008851736682,0.02363768766,0.02710750468,,,0.9816659954,0.6725941568,0.1237064043,8.08365586,1503.870331,1503.870331,0.02928726075,18.27607229,1080.517034,1080.517034,0.07488714766,9.236083563,1605.39811,1605.39811,0.9017969258,4.9975462
9066,booster,0.1628580377,0,,0.1644025273,0.005638955038,0.1533503785,0.175454676,0.1059022304,0.004303330698,0.09746785719,0.1143366035,0.02494302717,0.0008957959826,0.0231872993,0.02669875503,,,0.9746149801,0.6790206229,0.1306520053,6.682598828,1438.842517,1438.842517,0.02612397056,10.62032281,1169.542748,1169.542748,0.08799071442,7.03697231,1742.214928,1742.214928,0.9038928357,5.1135533
9067,booster,0.1628580377,0,,0.1641599346,0.005728984298,0.1529313317,0.1753885375,0.1024618051,0.004372338108,0.09389217988,0.1110314303,0.02488644827,0.0008949662577,0.02313234664,0.02664054991,,,0.8996080761,0.6587537963,0.1464712605,6.8272779,1373.372512,1373.372512,0.04752305377,15.96537008,1246.173942,1246.173942,0.1145388678,4.502795009,1687.752347,1687.752347,0.9036666388,4.8982399
9068,booster,0.1628580377,0,,0.171415462,0.005499292096,0.1606370476,0.1821938765,0.1081827375,0.004253734748,0.09984557055,0.1165199044,0.02570516362,0.0008810337941,0.02397836911,0.02743195812,,,0.9583618213,0.6763556468,0.1445310596,6.918928034,1459.332919,1459.332919,0.02067130175,15.46885903,1118.497903,1118.497903,0.06149516418,4.413253279,1667.545529,1667.545529,0.9036010977,5.0283899
9069,booster,0.1628580377,0,,0.1619802123,0.005367710024,0.151459694,0.1725007306,0.1019054912,0.004144304135,0.09378280435,0.110028178,0.02483841623,0.0008776793705,0.02311819627,0.02655863618,,,0.9976008268,0.6725710528,0.1002297675,6.747915972,1461.735748,1461.735748,0.06314138227,12.36357381,1174.195682,1174.195682,0.1044331651,7.141803323,1651.443956,1651.443956,0.9037738713,5.173503
9070,booster,0.1628580377,0,,0.1521980663,0.005671886019,0.141081374,0.1633147587,0.09679870626,0.004193034651,0.08858050936,0.1050169032,0.02315139916,0.0009109037126,0.02136606069,0.02493673763,,,0.9385147232,0.6748956424,0.08155076381,9.438243687,1433.265364,1433.265364,0.06046667033,15.84065282,1142.6897,1142.6897,0.1111093767,5.761288559,1713.83976,1713.83976,0.9026156311,5.0463096
9071,booster,0.1628580377,0,,0.1604732181,0.006299306487,0.1481268043,0.1728196319,0.1071150945,0.004567358695,0.09816323592,0.116066953,0.02442377101,0.0009309667387,0.02259910973,0.02624843229,,,0.9171270547,0.6666488111,0.07513120505,13.31004872,1355.093534,1355.093534,0.0354503293,19.5358588,1126.762008,1126.762008,0.121200326,5.599493617,1723.549819,1723.549819,0.902527902,4.9837271
9072,booster,0.1628580377,0,,0.1769612377,0.005690508966,0.165808045,0.1881144303,0.1078300495,0.004457081759,0.09909432981,0.1165657693,0.02713671124,0.0008923588047,0.02538772012,0.02888570236,nuisance_models,nuisance_models,0.8574441736,0.6581387893,0.09885493073,7.199081576,1410.860947,1410.860947,0.02505113277,11.597669,1166.524129,1166.524129,0.04027979545,11.597669,1586.435675,1586.435675,0.901960722,4.9126885
9073,booster,0.1628580377,0,,0.1671832455,0.0056273834,0.1561537767,0.1782127143,0.106298862,0.004145709227,0.09817342122,0.1144243028,0.02600026589,0.0009029028102,0.0242306089,0.02776992288,,,0.8791379267,0.6535866472,0.1511089043,4.838664309,1500.390168,1500.390168,0.03532907969,13.54177345,1139.773922,1139.773922,0.06433061621,8.320719557,1619.039971,1619.039971,0.9007282134,5.0341517
9074,booster,0.1628580377,0,,0.1648335479,0.005640706749,0.1537779658,0.17588913,0.104837611,0.00425537986,0.09649721971,0.1131780022,0.02510865573,0.000888782866,0.02336667332,0.02685063814,,,0.899142611,0.6686550329,0.1345575467,7.280848997,1445.957717,1445.957717,0.02971235173,12.92382217,1123.562911,1123.562911,0.08959795793,7.385322236,1675.518482,1675.518482,0.9020627752,4.8130356
9075,booster,0.1628580377,0,,0.1676230725,0.005263968552,0.1573058837,0.1779402613,0.1013098685,0.004097808739,0.09327831098,0.1093414261,0.02593429853,0.000878073745,0.02421330561,0.02765529145,,,1.011404321,0.6567518703,0.1236488345,8.087419537,1490.041214,1490.041214,0.03692683902,17.30669927,1173.535454,1173.535454,0.05730166399,6.615232163,1596.968837,1596.968837,0.901612805,5.0911485
9076,booster,0.1628580377,0,,0.1599876757,0.005949878375,0.1483261284,0.171649223,0.1050552099,0.004425323241,0.09638173573,0.1137286841,0.02443611657,0.0009105043203,0.0226515609,0.02622067225,,,0.9144741857,0.6672308542,0.09238068074,10.39453397,1413.307312,1413.307312,0.05293395553,11.42861796,1166.747384,1166.747384,0.08420177409,8.971040223,1647.139078,1647.139078,0.9023962186,5.0112297
9077,booster,0.1628580377,0,,0.1574415843,0.005938957233,0.145801442,0.1690817266,0.1026964626,0.004366943733,0.09413741015,0.111255515,0.02425948418,0.000901502755,0.02249257125,0.02602639711,nuisance_models,nuisance_models,0.8777699507,0.6532137482,0.1416204165,6.916627537,1471.419538,1471.419538,0.0392613943,16.28368132,1124.630894,1124.630894,0.09474672452,10.55445457,1623.542868,1623.542868,0.9019454269,5.0131435
9078,booster,0.1628580377,0,,0.1639202582,0.005780561536,0.1525905658,0.1752499506,0.1060141938,0.004257628341,0.0976693956,0.114358992,0.02514896135,0.000900171354,0.02338465792,0.02691326479,,,0.9697582506,0.6842342653,0.1205400643,5.083625948,1471.87781,1471.87781,0.02550316415,12.46875744,1114.219688,1114.219688,0.09075351675,9.674259638,1664.472969,1664.472969,0.9038039086,4.9185464
9079,booster,0.1628580377,0,,0.1669581277,0.005593674892,0.1559947263,0.177921529,0.1072538249,0.004200222699,0.09902153969,0.1154861101,0.02561525537,0.0008805746312,0.02388936081,0.02734114994,,,0.9461306328,0.6767383519,0.09667411392,9.632527951,1436.134576,1436.134576,0.03937992653,11.66643021,1142.845478,1142.845478,0.07204509521,8.364435457,1670.520767,1670.520767,0.9031885609,5.0550858
9080,booster,0.1628580377,0,,0.1545273207,0.005978833624,0.1428090222,0.1662456193,0.1059956618,0.004259822687,0.09764656276,0.1143447609,0.02356403236,0.0009032902581,0.02179361599,0.02533444873,,,0.9699269573,0.671060671,0.1784467475,5.60391273,1461.751124,1461.751124,0.02219214619,27.8074241,1023.164839,1023.164839,0.02743549916,15.40157616,1600.682286,1600.682286,0.9036839344,5.0575044
9081,booster,0.1628580377,0,,0.1599932292,0.005591291222,0.1490344998,0.1709519586,0.1081518664,0.004398577755,0.09953081237,0.1167729203,0.02356204715,0.0009003224863,0.02179744751,0.0253266468,,,1.03126777,0.6917868311,0.07446112136,10.6518622,1435.27349,1435.27349,0.03797214274,10.94591989,1172.799985,1172.799985,0.09135824218,10.94591989,1669.26551,1669.26551,0.9053231825,4.9417184
9082,booster,0.1628580377,0,,0.1557343834,0.005609044915,0.1447408574,0.1667279094,0.09775398579,0.004226254556,0.08947067907,0.1060372925,0.02331273823,0.0008644873524,0.02161837415,0.0250071023,,,1.00077054,0.6915788016,0.1505068256,6.109386909,1474.021815,1474.021815,0.04626433809,18.1700872,1021.794592,1021.794592,0.07505205698,9.248826223,1676.83715,1676.83715,0.9035379579,4.9635028
9083,booster,0.1628580377,0,,0.1535282708,0.006205118461,0.1413664621,0.1656900795,0.1014599123,0.004369905727,0.09289505446,0.1100247701,0.02340420221,0.0008863724758,0.02166694408,0.02514146034,,,0.9550408439,0.6836906095,0.0815570049,5.889978567,1466.99544,1466.99544,0.02433553505,39.10319328,891.9400945,891.9400945,0.02433553505,18.57078495,1463.500398,1463.500398,0.9038847624,4.8760691
9084,booster,0.1628580377,0,,0.1622542907,0.005796657348,0.1508930511,0.1736155303,0.1084601533,0.004406242356,0.09982407695,0.1170962296,0.02491887634,0.0009010267729,0.02315289631,0.02668485636,,,0.9089499326,0.6792096314,0.1330965865,6.214841382,1447.807658,1447.807658,0.01927385027,21.6773731,1050.948016,1050.948016,0.08145765079,10.94125744,1650.435908,1650.435908,0.9030521937,4.9500211
9085,booster,0.1628580377,0,,0.1617116043,0.005470106716,0.1509903921,0.1724328165,0.1117949481,0.004189171588,0.1035843227,0.1200055735,0.02459044032,0.0008903190443,0.02284544705,0.02633543358,,,0.9071007623,0.6530601103,0.1450766019,6.883797348,1422.294983,1422.294983,0.05300283432,9.004091002,1226.28546,1226.28546,0.07310673955,5.73251014,1676.865565,1676.865565,0.9026257225,4.9379725
9086,booster,0.1628580377,0,,0.160996709,0.005547753954,0.1501233111,0.1718701069,0.1046088463,0.004182970794,0.0964103742,0.1128073184,0.02445016645,0.0008751353784,0.02273493262,0.02616540027,,,0.896437416,0.662896231,0.1655820083,6.039303487,1406.690014,1406.690014,0.03336411346,29.97232345,1087.661003,1087.661003,0.06336395982,7.072297211,1663.585828,1663.585828,0.903384849,4.9878324
9087,booster,0.1628580377,0,,0.1642592597,0.006126898629,0.152250759,0.1762677603,0.1101205118,0.004415799298,0.1014657042,0.1187753194,0.02450261259,0.0009487381236,0.02264312004,0.02636210515,,,0.9295662799,0.6741375235,0.1220632794,5.734103137,1444.682854,1444.682854,0.03677710207,18.90535205,1047.152333,1047.152333,0.0397282472,18.90535205,1515.3983,1515.3983,0.9035663347,5.0645302
9088,booster,0.1628580377,0,,0.1646675883,0.005480232737,0.1539265295,0.1754086471,0.1051941323,0.004140935813,0.09707804723,0.1133102173,0.02492839539,0.0008754307382,0.02321258268,0.02664420811,,,0.9192137291,0.6748262993,0.15599924,5.110456598,1472.903997,1472.903997,0.04510456248,15.88101352,1094.330497,1094.330497,0.0478450723,9.731347787,1636.372303,1636.372303,0.9026485833,5.0162243
9089,booster,0.1628580377,0,,0.1695366043,0.005720512605,0.1583246057,0.180748603,0.1126935873,0.004218582803,0.1044253169,0.1209618577,0.02601532847,0.0008798871194,0.02429078141,0.02773987554,nuisance_models,nuisance_models,0.8770958689,0.6622176112,0.1169610576,8.549854291,1475.401491,1475.401491,0.02429987076,17.8441152,1043.805458,1043.805458,0.09031061174,7.505687097,1647.897377,1647.897377,0.9012456579,4.9273501
9090,booster,0.1628580377,0,,0.1567870731,0.005893717257,0.1452355996,0.1683385467,0.10294208,0.004161272324,0.09478613607,0.1110980238,0.02432498692,0.0009001233529,0.02256077757,0.02608919628,,,0.9109352843,0.6710482527,0.1500710167,5.21230236,1504.091094,1504.091094,0.04362093176,12.64639859,1099.243765,1099.243765,0.1144797355,6.64450593,1677.526388,1677.526388,0.9021392725,5.1064254
9091,booster,0.1628580377,0,,0.1642038753,0.006044282176,0.1523572999,0.1760504507,0.1049346153,0.004413120541,0.09628505793,0.1135841726,0.02516437298,0.0009086222438,0.0233835061,0.02694523985,,,0.915485427,0.6727272727,0.1041716763,9.599538338,1455.2971,1455.2971,0.02400165442,41.66379461,919.2679098,919.2679098,0.04355777125,10.02265089,1620.505066,1620.505066,0.9019159871,5.0477912
9092,booster,0.1628580377,0,,0.155659206,0.006278825318,0.1433529345,0.1679654775,0.1021282741,0.004269043209,0.09376110317,0.110495445,0.02299091328,0.0009119322243,0.02120355896,0.02477826759,,,0.9524172806,0.6906561893,0.1211469668,6.65458005,1466.355076,1466.355076,0.01417607333,64.67652888,751.9214388,751.9214388,0.03339963827,10.54360004,1629.647647,1629.647647,0.9044585186,5.1241908
9093,booster,0.1628580377,0,,0.1587014032,0.005658359558,0.1476112223,0.1697915842,0.1083764439,0.004415693989,0.09972184276,0.1170310451,0.02436324149,0.0008852783475,0.02262812782,0.02609835517,,,0.9190116147,0.6665687618,0.1910832662,4.849958471,1413.687888,1413.687888,0.01968667261,21.95092504,1114.765481,1114.765481,0.04573930477,16.5579121,1544.300147,1544.300147,0.9043957688,5.2107334
9094,booster,0.1628580377,0,,0.1665694805,0.005523671775,0.1557432828,0.1773956783,0.1016518597,0.004388504499,0.09305054895,0.1102531705,0.02575933347,0.0008915390099,0.02401194912,0.02750671782,,,0.9908705907,0.6641867206,0.1572300057,5.081754585,1532.80218,1532.80218,0.02840036689,29.45941292,1029.086135,1029.086135,0.04329497433,23.09736905,1508.057461,1508.057461,0.901581475,5.0241615
9095,booster,0.1628580377,0,,0.1648934692,0.005598978386,0.1539196732,0.1758672652,0.1057966984,0.004128083255,0.09770580387,0.1138875929,0.02544476428,0.0008874080625,0.02370547644,0.02718405212,,,0.8888761454,0.6562405341,0.1270277581,6.377306269,1491.144574,1491.144574,0.04153902775,12.34747731,1110.313762,1110.313762,0.05682515756,7.672815965,1613.95144,1613.95144,0.9012023592,5.0164114
9096,booster,0.1628580377,0,,0.1661571163,0.005959230065,0.15447724,0.1778369926,0.1072896757,0.004264835603,0.09893075156,0.1156485999,0.02547153465,0.0008742595572,0.0237580174,0.02718505189,,,0.9131274839,0.6575994611,0.1172519985,8.475182206,1449.03212,1449.03212,0.02824669651,35.40236997,1066.678354,1066.678354,0.1079709208,5.847517922,1596.86818,1596.86818,0.9020390047,5.0907479
9097,booster,0.1628580377,0,,0.1577229149,0.00558456623,0.1467773662,0.1686684635,0.1049627292,0.004282367761,0.0965694426,0.1133560158,0.02442044436,0.0008957320125,0.02266484188,0.02617604685,,,0.9722115611,0.6670911518,0.09339460318,9.135736985,1428.126128,1428.126128,0.03890712245,15.21457302,1150.167464,1150.167464,0.05651113909,5.288908771,1664.556108,1664.556108,0.9020821063,5.0356228
9098,booster,0.1628580377,0,,0.1670219097,0.005603779285,0.1560387041,0.1780051153,0.1094660431,0.004354285064,0.1009318012,0.118000285,0.02554114328,0.0008953056129,0.02378637653,0.02729591004,nuisance_models,nuisance_models,0.8680113204,0.6505787946,0.08652588539,6.863723054,1440.554364,1440.554364,0.04459765961,16.1012994,1143.361935,1143.361935,0.06159124747,8.191169269,1648.306897,1648.306897,0.90139822,5.0720746
9099,booster,0.1628580377,0,,0.1589096203,0.005762563209,0.1476152039,0.1702040366,0.1049902024,0.004330708339,0.09650217001,0.1134782348,0.02473359331,0.0008937213173,0.02298193172,0.02648525491,nuisance_models,nuisance_models,0.8795445996,0.660825929,0.1389912128,7.194699433,1496.750397,1496.750397,0.04767590526,9.675705802,1121.209455,1121.209455,0.09325519556,8.490593989,1628.773871,1628.773871,0.9011892722,4.9562984
9100,booster,0.1628580377,0,,0.1682699645,0.005724431172,0.1570502855,0.1794896434,0.1037165943,0.004245865076,0.09539485169,0.112038337,0.0249385074,0.0009205959572,0.02313417248,0.02674284232,,,1.011327098,0.6829642665,0.1819006473,5.185233299,1490.217655,1490.217655,0.0354554974,12.91214004,1120.26319,1120.26319,0.06506639654,8.759326526,1663.222226,1663.222226,0.9033096641,4.89169
9101,booster,0.1628580377,0,,0.162333103,0.005453615893,0.1516442122,0.1730219937,0.1054868332,0.00424815035,0.09716061156,0.1138130549,0.02431199817,0.000886812812,0.02257387699,0.02605011934,,,0.9859801803,0.6645604695,0.1363573741,6.157821331,1445.309749,1445.309749,0.04355936909,8.672454012,1243.93283,1243.93283,0.09074536216,5.945927853,1685.598211,1685.598211,0.9033390121,5.0237924
9102,booster,0.1628580377,0,,0.1671018633,0.005787164034,0.1557592302,0.1784444964,0.1059076022,0.004186970601,0.0977012906,0.1141139138,0.02536964217,0.0009141990611,0.02357784494,0.02716143941,,,1.011169494,0.6912530786,0.08426183025,8.545931368,1468.914594,1468.914594,0.06673626785,11.99910547,1099.172252,1099.172252,0.11885672,6.218627304,1678.08603,1678.08603,0.9038554751,4.9966641
9103,booster,0.1628580377,0,,0.1625923922,0.005771182646,0.1512810821,0.1739037024,0.1009932118,0.004276288248,0.09261184089,0.1093745828,0.02414578915,0.0009251320148,0.02233256372,0.02595901458,,,0.9857160015,0.682762457,0.1578735745,5.243885031,1473.730849,1473.730849,0.05582102945,15.19253614,1100.317657,1100.317657,0.05582102945,8.901331246,1718.950561,1718.950561,0.903189625,4.9747797
9104,booster,0.1628580377,0,,0.16673886,0.006070348553,0.1548411955,0.1786365245,0.1110561249,0.004223598294,0.1027780243,0.1193342254,0.02523711981,0.0008942250441,0.02348447093,0.02698976869,,,0.9575279127,0.6788298385,0.1423658912,6.95636201,1448.458316,1448.458316,0.02342626884,42.68712217,935.5960589,935.5960589,0.06524183577,13.72455425,1643.369895,1643.369895,0.9042417538,5.0356542
9105,booster,0.1628580377,0,,0.1641335759,0.005548266523,0.1532591733,0.1750079785,0.1108433541,0.004406332373,0.1022071013,0.1194796068,0.02513024308,0.0008792299231,0.0234069841,0.02685350207,,,0.9005942567,0.6601894974,0.1089742395,9.176480647,1428.371848,1428.371848,0.03250698242,19.56927502,1135.0453,1135.0453,0.05180165618,14.09054279,1572.281264,1572.281264,0.9032685042,4.9105555
9106,booster,0.1628580377,0,,0.1680854869,0.006310367168,0.1557173945,0.1804535792,0.110129824,0.004366001759,0.1015726178,0.1186870302,0.02526899993,0.0009064678709,0.02349235555,0.02704564431,,,0.9352238128,0.6584258078,0.1285998786,7.776057109,1425.315262,1425.315262,0.02993543479,29.40099796,1078.027691,1078.027691,0.0737639783,9.664859692,1614.071132,1614.071132,0.903115491,4.7950939
9107,booster,0.1628580377,0,,0.1687533365,0.005699670582,0.1575821874,0.1799244855,0.1066692211,0.004366822517,0.09811040623,0.115228036,0.02536715098,0.0008983218734,0.02360647246,0.02712782949,,,1.01900443,0.682494797,0.1272978193,7.855594113,1468.435295,1468.435295,0.04615939735,10.27771914,1160.162714,1160.162714,0.09047602599,8.238897803,1685.368087,1685.368087,0.903808526,5.1559377
9108,booster,0.1628580377,0,,0.1603766561,0.005835588638,0.1489391125,0.1718141996,0.1065545851,0.0044135965,0.09790409489,0.1152050753,0.02408016552,0.0009092044077,0.02229815763,0.02586217341,,,0.9386096695,0.6783393939,0.09791769141,10.12570929,1439.489525,1439.489525,0.0388129339,12.7307674,1112.438175,1112.438175,0.061272046,7.036273041,1701.55495,1701.55495,0.9027496615,5.0681602
9109,booster,0.1628580377,0,,0.1538855436,0.005603212887,0.1429034481,0.164867639,0.09895117643,0.004193110394,0.09073283107,0.1071695218,0.02333026585,0.0008748383106,0.02161561427,0.02504491743,,,1.02109928,0.69324302,0.08428494011,9.655968486,1458.793476,1458.793476,0.03778927784,23.12022685,1019.953431,1019.953431,0.03778927784,18.56030224,1583.299414,1583.299414,0.9044306094,4.8836853
9110,booster,0.1628580377,0,,0.1553270301,0.005755469334,0.1440465175,0.1666075427,0.1006946344,0.004391524716,0.09208740409,0.1093018647,0.02338004537,0.0009035221885,0.02160917442,0.02515091632,,,0.9883083737,0.685897286,0.1314461484,5.881330882,1495.514946,1495.514946,0.04542082832,10.16806656,1116.338296,1116.338296,0.06737088794,7.77479277,1681.151695,1681.151695,0.9032848935,5.0590678
9111,booster,0.1628580377,0,,0.1519233753,0.005354834707,0.1414280921,0.1624186585,0.09794599875,0.004148738397,0.08981462091,0.1060773766,0.02359125037,0.0008726085864,0.02188096897,0.02530153177,,,0.9454724114,0.6581862602,0.09775742356,5.776474302,1478.986558,1478.986558,0.08304604546,9.438234303,1219.553192,1219.553192,0.1369888588,6.117672982,1690.033045,1690.033045,0.9012455461,4.9522345
9112,booster,0.1628580377,0,,0.1628377608,0.005643673603,0.1517763638,0.1738991578,0.1055544406,0.004328476701,0.09707078212,0.114038099,0.02429980016,0.0008977292747,0.02254028311,0.02605931721,,,0.9653388153,0.6758767087,0.09884596494,9.328424723,1396.384658,1396.384658,0.02747126418,16.00072518,1172.013457,1172.013457,0.07940512607,6.043518992,1708.93452,1708.93452,0.9040673671,5.0324348
9113,booster,0.1628580377,0,,0.1642196514,0.006039905372,0.1523816544,0.1760576484,0.1116480162,0.00426560661,0.1032875809,0.1200084515,0.02534277114,0.0009258581416,0.02352812253,0.02715741976,,,0.963140088,0.6769510027,0.117909612,6.539990795,1484.995466,1484.995466,0.02187019552,33.55886239,991.3001667,991.3001667,0.0234519564,12.05318167,1614.706875,1614.706875,0.9025708962,4.8385359
9114,booster,0.1628580377,0,,0.1618190928,0.005881127194,0.1502922953,0.1733458903,0.1087263089,0.004576950428,0.09975565091,0.1176969669,0.02349565169,0.0008956369484,0.02174023553,0.02525106785,,,0.9967952298,0.6938123318,0.0943793121,10.59554237,1355.048951,1355.048951,0.04031474748,14.25609689,1174.760234,1174.760234,0.05602307005,8.285590147,1705.705247,1705.705247,0.9063213224,5.0469463
9115,booster,0.1628580377,0,,0.1633288534,0.005552671833,0.1524458166,0.1742118902,0.1033484047,0.004253883574,0.09501094607,0.1116858633,0.0249862119,0.0008694295658,0.02328216126,0.02669026253,,,0.9751068247,0.6684386742,0.1016676841,9.835967143,1455.911479,1455.911479,0.03586730016,15.91748595,1141.088121,1141.088121,0.06282399138,15.91748595,1598.73593,1598.73593,0.9023867912,5.163545
9116,booster,0.1628580377,0,,0.1637834147,0.005440326703,0.1531205702,0.1744462591,0.1057442067,0.004262791586,0.09738928872,0.1140991247,0.02503765426,0.0008743752298,0.0233239103,0.02675139822,,,0.9983542357,0.6772171708,0.1404572193,6.312091065,1462.948646,1462.948646,0.03647129321,19.0957715,1122.79555,1122.79555,0.08627599043,7.115588717,1627.83921,1627.83921,0.9037624545,5.0330771
9117,booster,0.1628580377,0,,0.161517514,0.005676365988,0.1503920411,0.1726429869,0.1044275956,0.00424845412,0.09610077858,0.1127544127,0.02448154466,0.0008887886038,0.02273955101,0.02622353831,,,0.967523674,0.6863760262,0.08992620764,9.169375635,1425.785605,1425.785605,0.01773172026,15.4309497,1126.719497,1126.719497,0.06622412227,5.791322404,1690.594988,1690.594988,0.9044054632,5.1137141
9118,booster,0.1628580377,0,,0.1606230206,0.005433291349,0.1499739653,0.171272076,0.1043833253,0.004197560363,0.09615625821,0.1126103925,0.02408988471,0.0008706143632,0.02238351191,0.0257962575,,,0.8986284077,0.6683878187,0.0960641468,10.36153718,1331.333414,1331.333414,0.0343684658,9.642419098,1231.567724,1231.567724,0.1165566349,7.477272312,1712.960232,1712.960232,0.9038736405,5.1239802
9119,booster,0.1628580377,0,,0.1639884816,0.005485352864,0.1532373875,0.1747395756,0.1048568229,0.004132830703,0.0967566236,0.1129570223,0.02512500247,0.0008917413193,0.0233772216,0.02687278334,,,0.889301362,0.6581086358,0.1209179214,5.467797454,1441.319122,1441.319122,0.03944831819,11.38656729,1178.941271,1178.941271,0.08509849119,8.916935203,1647.724981,1647.724981,0.9031905805,5.0489058
9000,poly2,0.1628580377,0,,0.1649720772,0.006052066607,0.1531102447,0.1768339098,0.1048046755,0.004417088674,0.0961473408,0.1134620102,0.02477979127,0.0009108759151,0.02299450728,0.02656507525,,,0.9100744397,0.6831963212,0.09997481018,6.632084546,1427.756635,1427.771664,0.002583012073,109.3403357,295.9662441,371.189072,0.002583012073,109.3403357,544.0788155,705.6457883,0.9047739437,2.8569704
9001,poly2,0.1628580377,0,,0.1685117597,0.005979013188,0.1567931092,0.1802304102,0.1037827836,0.004577308564,0.09481142368,0.1127541435,0.02598722371,0.0009096787999,0.02420428603,0.0277701614,,,0.8914039671,0.664247333,0.105832564,8.407769777,1428.28878,1428.300094,0.004464220256,18.5613598,1145.705156,1145.705156,0.004464220256,11.43391007,1629.048285,1629.051341,0.9032453453,2.7869292
9002,poly2,0.1628580377,0,,0.1612195107,0.006302377262,0.1488670782,0.1735719431,0.1113909667,0.004684388621,0.1022097337,0.1205721997,0.02447262466,0.0008826774199,0.02274260871,0.02620264061,,,0.9180244385,0.6852165663,0.0463061679,15.02798082,1392.551865,1392.556158,0.006884995644,37.63857483,941.6049334,941.6049334,0.02928058106,15.7450967,1600.594164,1600.598458,0.9041903777,2.9168372
9003,poly2,0.1628580377,0,,0.1650266816,0.007315669208,0.1506882334,0.1793651298,0.1023239667,0.004407051721,0.0936863041,0.1109616294,0.02390093334,0.0009256364471,0.02208671924,0.02571514744,,,0.934841606,0.6980176531,0.0331620272,9.915415078,1391.424848,1391.42893,0.003261036897,97.81449389,366.8175215,389.1656236,0.01314617631,16.02094519,1634.374961,1634.379021,0.9044806226,2.7878149
9004,poly2,0.1628580377,0,,0.1576549743,0.005907013746,0.1460774401,0.1692325084,0.1053623046,0.004188631644,0.09715273747,0.1135718718,0.02400023018,0.0009125692575,0.0222116273,0.02578883306,,,0.9412756372,0.6827740252,0.109036328,7.344662635,1473.604791,1473.641634,0.0001713860654,15.70567542,1017.646677,1017.646677,0.0008428276014,14.82151336,1533.203883,1533.235418,0.9047318679,2.7817027
9005,poly2,0.1628580377,0,,0.1670470779,0.005625402422,0.1560214917,0.178072664,0.1096595518,0.004291180821,0.1012489919,0.1180701116,0.02492786153,0.0009079841763,0.02314824524,0.02670747781,,,0.9530314455,0.6818969778,0.1195218479,8.366671178,1452.151995,1452.175429,0.0006527813603,14.49365597,1118.408651,1118.408651,0.02090144733,10.05050329,1632.202244,1632.225476,0.9042931701,2.7986336
9006,poly2,0.1628580377,0,,0.1643828296,0.006100502754,0.1524260639,0.1763395952,0.1058872409,0.004826311937,0.09642784337,0.1153466385,0.02432155205,0.0008798323449,0.02259711234,0.02604599176,,,0.9482380446,0.699366033,0.01021827212,17.60234691,1357.093982,1357.136956,0.0003944295589,30.77653311,884.5315516,884.5320488,0.001377751884,30.77653311,1257.221106,1257.25006,0.9060858013,2.7735539
9007,poly2,0.1628580377,0,,0.1625335564,0.007709042436,0.1474241108,0.1776430019,0.1080031309,0.006039595317,0.09616574161,0.1198405202,0.0248407336,0.0008991382971,0.02307845492,0.02660301228,,,0.9260008268,0.6896135411,0.04456502146,7.319243736,1405.271028,1405.278006,0.001740031372,112.7051416,399.1845934,486.6738811,0.001740031372,112.7051416,455.6755599,577.9480943,0.9050552591,2.7651962
9008,poly2,0.1628580377,0,,0.1635336951,0.006060435021,0.1516554607,0.1754119295,0.1000672145,0.004645312701,0.09096256886,0.10917186,0.02449162886,0.00089882039,0.02272997327,0.02625328445,,,0.9077261179,0.6827066096,0.04827571231,20.71434998,1323.357725,1323.365526,0.004900889078,27.55994593,952.6241592,952.6241592,0.01960714106,15.01270318,1552.191457,1552.199366,0.9040230234,2.85909
9009,poly2,0.1628580377,0,,0.1545642035,0.005723344221,0.1433466549,0.165781752,0.0994111199,0.004351720745,0.09088190397,0.1079403358,0.02241822682,0.0008739568602,0.02070530285,0.02413115079,,,0.9416673018,0.696869679,0.07139563413,8.040042856,1384.350786,1384.36941,0.002550163585,18.88208282,1059.946871,1059.946871,0.00686111228,12.27777396,1567.864801,1567.878991,0.9065413998,2.8295514
9010,poly2,0.1628580377,0,,0.1523852124,0.005775750999,0.1410649484,0.1637054763,0.09550368584,0.004409982311,0.08686027934,0.1041470923,0.02257895644,0.0008717066982,0.0208704427,0.02428747017,nuisance_models,nuisance_models,0.885504841,0.6895409835,0.07862346077,12.71884995,1386.73814,1386.772241,0.0001605172318,98.83635972,526.0204299,587.8044564,0.0001605172318,15.35930623,1532.24745,1532.267592,0.9048232854,2.8663585
9011,poly2,0.1628580377,0,,0.1533866009,0.007156363314,0.1393603865,0.1674128152,0.1075021507,0.004537371369,0.09860906627,0.1163952352,0.02334301628,0.0009347576765,0.0215109249,0.02517510766,,,0.9436343309,0.6936485183,0.04652637002,9.293210504,1329.026887,1329.037011,0.001957229048,62.30402238,663.7633008,663.7633008,0.001957229048,9.663830147,1608.406869,1608.411676,0.9069672882,2.8940135
9012,poly2,0.1628580377,0,,0.1648828567,0.005704051641,0.1537031209,0.1760625924,0.107043952,0.004130201236,0.09894890636,0.1151389977,0.02481510792,0.0008974161154,0.02305620465,0.02657401118,,,0.9318986924,0.6752138135,0.1164570083,6.252030685,1509.805547,1509.816792,0.004339371833,27.28409728,939.1471504,939.1471504,0.008464978265,13.85375498,1536.145388,1536.155131,0.9028006793,2.9065992
9013,poly2,0.1628580377,0,,0.1702375713,0.006095591913,0.1582904307,0.1821847119,0.1090555891,0.0046588524,0.09992440616,0.118186772,0.02527894341,0.000883563993,0.02354718981,0.02701069702,,,0.9420154617,0.6893589257,0.05849874837,7.437920146,1414.569899,1414.571217,0.009575991085,30.62915302,943.5784776,943.5784776,0.009575991085,24.91940976,1458.408737,1458.409136,0.9049991165,2.9860326
9014,poly2,0.1628580377,0,,0.1572266709,0.005614192724,0.1462230554,0.1682302865,0.1044049709,0.004310783555,0.09595599038,0.1128539514,0.02382679272,0.0008898616155,0.02208269601,0.02557088944,,,0.9365389386,0.6723962006,0.05439279494,14.45771403,1414.695222,1414.717608,0.0005035878313,14.96808148,1132.9052,1132.9052,0.01312726051,14.96808148,1548.279405,1548.301825,0.9046473642,2.9531741
9015,poly2,0.1628580377,0,,0.16167385,0.006312756697,0.1493010742,0.1740466258,0.1062288232,0.004437086141,0.0975322942,0.1149253523,0.02390114224,0.0008921571808,0.0221525463,0.02564973818,,,0.9442244383,0.6944225655,0.04130668127,12.60455895,1371.992647,1372.004233,0.002630946093,380.0914061,76.64875787,356.6336699,0.003581008267,64.46280925,918.0037265,918.0102416,0.905358338,2.9238332
9016,poly2,0.1628580377,0,,0.1559730262,0.006259080697,0.1437054534,0.1682405989,0.1031631799,0.00440544072,0.09452867472,0.111797685,0.02339450579,0.000934711827,0.02156250427,0.02522650731,,,0.9496589812,0.6954857984,0.0847670341,10.48163275,1450.12113,1450.124946,0.004225583685,79.01424606,629.2542191,629.2542191,0.0126559456,79.01424606,789.7309358,789.7338591,0.9046074675,2.8038905
9017,poly2,0.1628580377,0,,0.1635901313,0.006111730409,0.1516113598,0.1755689028,0.1018676077,0.004280591293,0.09347780296,0.1102574125,0.02416428073,0.0008894062075,0.0224210766,0.02590748486,,,0.9288789331,0.6809952328,0.06421504957,14.0270093,1385.583287,1385.59747,0.001598599747,38.55319153,918.4029984,918.4029984,0.03495005424,13.54690345,1632.641587,1632.655765,0.9047628574,2.864422
9018,poly2,0.1628580377,0,,0.1653446849,0.005699895171,0.1541730957,0.1765162742,0.1011555485,0.004179811508,0.09296326844,0.1093478285,0.02483289407,0.0008916512447,0.02308528975,0.0265804984,,,0.9291482481,0.6874400608,0.03309785562,9.714885996,1375.953724,1375.972798,0.002923400245,53.8412403,815.0598199,815.0598199,0.006720042159,28.7363316,1465.796987,1465.812003,0.9047051236,2.9049963
9019,poly2,0.1628580377,0,,0.1564604528,0.006442080994,0.143834206,0.1690866995,0.106982082,0.004313670066,0.09852744398,0.1154367199,0.02413097032,0.0008927506783,0.02238121115,0.0258807295,,,0.9019016571,0.6703939653,0.1076191551,9.292026119,1443.654292,1443.65969,0.003258841421,36.36104475,875.0965279,875.0965279,0.008816719505,9.972742116,1601.812074,1601.816152,0.903302044,3.0355542
9020,poly2,0.1628580377,0,,0.1723095252,0.005877662185,0.160789519,0.1838295314,0.1074412943,0.004501533691,0.09861845039,0.1162641382,0.02608866429,0.0009083691277,0.02430829352,0.02786903507,,,0.9440670468,0.689417515,0.1143475368,6.166165587,1477.895698,1477.905124,0.003789442658,23.89780083,910.7544792,910.7544792,0.004779541742,23.74163931,1409.789039,1409.795098,0.9039078756,2.8225038
9021,poly2,0.1628580377,0,,0.1676616873,0.005839222323,0.1562170219,0.1791063528,0.1103753668,0.004423987264,0.1017045111,0.1190462225,0.0252602928,0.0009013885149,0.02349360378,0.02702698183,,,0.8838676816,0.677298595,0.1153580707,6.082949269,1520.710462,1520.731569,0.001848030145,541.1167144,42.70793457,544.4031627,0.001848030145,541.1167144,42.46763955,624.4899609,0.9027077558,2.930058
9022,poly2,0.1628580377,0,,0.1557537242,0.007195287954,0.141651219,0.1698562295,0.1044811128,0.004612431575,0.09544091305,0.1135213126,0.02428708656,0.0009063349088,0.02251070278,0.02606347034,,,0.9194901699,0.675087557,0.08012015759,6.083141183,1452.165399,1452.167134,0.007962324568,42.05674496,889.6675172,889.6675172,0.02108159029,12.85596552,1578.875057,1578.876781,0.9030087046,3.0195795
9023,poly2,0.1628580377,0,,0.1642058323,0.005797601853,0.1528427415,0.1755689231,0.1102726381,0.004437622202,0.1015750584,0.1189702178,0.02351263008,0.0008881648532,0.02177185896,0.0252534012,,,0.9278606085,0.6975070052,0.05600782413,14.42114051,1311.966696,1311.986655,0.001224708812,13.3066867,1093.853309,1093.853309,0.007290830519,7.971863421,1646.853676,1646.871758,0.9066724142,2.9292888
9024,poly2,0.1628580377,0,,0.1437467265,0.006991145953,0.1300443323,0.1574491208,0.08830061535,0.005709461706,0.07711027604,0.09949095467,0.02237104482,0.0009154936905,0.02057671016,0.02416537948,,,0.9276097238,0.6780082385,0.06451228348,9.596672707,1428.573738,1428.577405,0.004107788315,48.45110364,773.6568452,773.6568452,0.004107788315,48.45110364,967.534543,967.534543,0.9032425909,2.9437197
9025,poly2,0.1628580377,0,,0.1638338474,0.006133196337,0.1518130035,0.1758546914,0.1025249093,0.00428856251,0.09411948123,0.1109303374,0.02439946545,0.0008985870922,0.02263826711,0.02616066379,,,0.9401561061,0.6946626165,0.04704653516,10.24746656,1420.510557,1420.52001,0.00102137668,979.0707186,16.54881671,560.2958341,0.004780113173,6.253025655,1688.422945,1688.428986,0.905039778,2.8360878
9026,poly2,0.1628580377,0,,0.1564249958,0.006054853821,0.1445577004,0.1682922912,0.1016268287,0.004369370764,0.09306301932,0.110190638,0.02330540304,0.0008965374433,0.02154822194,0.02506258414,,,0.9147243888,0.6892992579,0.05420585867,7.707275629,1473.932471,1473.944917,0.0006832598506,37.68363585,852.7583256,852.7583256,0.0006832598506,13.2187312,1479.68041,1479.683374,0.903177532,2.9159042
9027,poly2,0.1628580377,0,,0.1699684473,0.009169359753,0.1519968325,0.1879400622,0.1024166899,0.007839644837,0.0870512684,0.1177821115,0.02586306791,0.0009027973572,0.02409361761,0.02763251822,,,0.9252072096,0.6835788016,0.05523542737,18.10432267,1389.539507,1389.546754,0.005439838344,174.3137551,215.2233942,409.315356,0.009423155026,106.1215694,582.6708753,726.7511167,0.9040129769,2.8678445
9028,poly2,0.1628580377,0,,0.1541112197,0.006000697023,0.1423500697,0.1658723698,0.1053280137,0.004269759054,0.09695943975,0.1136965877,0.02347639208,0.000902761324,0.0217070124,0.02524577176,,,0.9026103176,0.6798383014,0.1201645308,8.203634597,1477.288628,1477.295002,0.0009860722097,23.28942604,963.0821758,963.0821758,0.0009860722097,10.15483669,1560.473021,1560.474151,0.9027320737,2.9401879
9029,poly2,0.1628580377,0,,0.1660933252,0.007376925683,0.1516348165,0.1805518339,0.1041004645,0.004194497758,0.09587939992,0.112321529,0.02475190553,0.0008872527732,0.02301292205,0.02649088901,,,0.9418614053,0.6869156373,0.08736644919,9.077859136,1412.426771,1412.440182,0.001459515455,285.7972959,97.63774815,421.6809723,0.0218305314,11.17037893,1593.074309,1593.087713,0.9049913976,2.8818066
9030,poly2,0.1628580377,0,,0.1693573329,0.006031678294,0.1575354607,0.1811792052,0.1101087218,0.004556370711,0.1011783993,0.1190390443,0.02423897386,0.0009040457718,0.02246707671,0.02601087101,,,0.9125987122,0.6924839695,0.06999583212,13.20958007,1381.336301,1381.354606,0.002443064486,33.554515,946.8287972,946.8287972,0.003465641904,33.554515,1335.556116,1335.567366,0.9052095012,2.9574013
9031,poly2,0.1628580377,0,,0.1540533665,0.008695876899,0.137009761,0.1710969721,0.1081800255,0.004296964368,0.09975813006,0.1166019209,0.02329252194,0.0008964244974,0.02153556221,0.02504948167,,,0.9577256486,0.6944381643,0.06504519402,5.388430097,1467.350621,1467.357087,0.004112739972,85.93609414,535.3118711,535.3118711,0.01514216773,20.68291895,1554.614276,1554.620733,0.9049135312,2.9880335
9032,poly2,0.1628580377,0,,0.1607938252,0.006132389,0.1487745636,0.1728130867,0.1011577506,0.004392498597,0.09254861157,0.1097668897,0.02358824551,0.0008940247022,0.02183598929,0.02534050173,,,0.9132613458,0.6911523529,0.08769237831,11.40349959,1419.338577,1419.352733,0.000507750461,25.41015494,906.6960349,906.6960349,0.004461225675,25.41015494,1446.3072,1446.317869,0.904261267,3.0699141
9033,poly2,0.1628580377,0,,0.169310623,0.005471860278,0.158585974,0.1800352721,0.1085812152,0.004406412266,0.09994480581,0.1172176245,0.02551990118,0.0008594298778,0.02383544957,0.02720435279,,,0.941646322,0.6744605046,0.08992384465,11.12052097,1406.858369,1406.874552,0.001972731799,22.46196521,1102.436614,1102.436614,0.01338830738,22.46196521,1476.104987,1476.121208,0.9048300794,2.7204572
9034,poly2,0.1628580377,0,,0.1522706664,0.006059275218,0.1403947052,0.1641466276,0.1009307143,0.004346110894,0.09241249344,0.1094489351,0.02265151419,0.0008983076673,0.02089086352,0.02441216487,,,0.9223450636,0.693085986,0.06688956152,9.942358575,1406.225208,1406.233178,0.003669815828,17.9309206,1008.066224,1008.066224,0.005534401166,8.677510128,1597.029959,1597.034971,0.904653975,2.956849
9035,poly2,0.1628580377,0,,0.1718311904,0.005503729345,0.1610440791,0.1826183017,0.1122027089,0.004293230523,0.1037881317,0.1206172861,0.02540738016,0.0008909821033,0.02366108732,0.02715367299,,,0.9310823551,0.6845326526,0.049261701,8.465188073,1425.93749,1425.953786,0.0006296001262,28.89463729,1031.913911,1031.913911,0.006500148785,28.89463729,1427.977649,1427.988224,0.9046620276,2.9145136
9036,poly2,0.1628580377,0,,0.1655070119,0.007022269876,0.1517436159,0.179270408,0.1032452356,0.005017590687,0.09341093854,0.1130795326,0.02492429077,0.0009107716693,0.0231392111,0.02670937044,,,0.8982495056,0.6849858152,0.06640917874,15.05815941,1394.87584,1394.887949,0.001291367536,25.27703808,939.5064776,939.5064776,0.001291367536,19.99568908,1472.838574,1472.845655,0.9044492589,2.98291
9037,poly2,0.1628580377,0,,0.1671577915,0.005854613748,0.1556829595,0.1786326236,0.1078016778,0.00426358652,0.09944520174,0.1161581538,0.02465706744,0.000893813682,0.02290522482,0.02640891007,,,0.9411528808,0.6936712671,0.114208441,7.73305371,1429.728093,1429.761544,0.0004816794225,29.37221264,906.6103355,906.6103355,0.003130586604,12.27250878,1602.709292,1602.732163,0.9053156936,3.1183054
9038,poly2,0.1628580377,0,,0.1651474746,0.005634010153,0.1541050177,0.1761899316,0.1046911579,0.004453747942,0.09596197237,0.1134203435,0.02472147634,0.0008829138042,0.02299099708,0.02645195559,,,0.9514343051,0.680712647,0.07642689351,11.54863374,1378.296097,1378.304282,0.003148718841,37.68563154,1001.929976,1001.929976,0.01162282563,37.68563154,1304.372694,1304.380788,0.9056603217,2.9232444
9039,poly2,0.1628580377,0,,0.1584718816,0.006272169285,0.1461786557,0.1707651075,0.1038815999,0.004489192607,0.09508294411,0.1126802558,0.02440612118,0.000902007041,0.02263821986,0.02617402249,,,0.9559808132,0.6826187575,0.0585484667,8.524094117,1429.810733,1429.816593,0.001169222782,49.26325083,826.2047249,826.2047249,0.03068076823,15.94485546,1560.270318,1560.276179,0.9048515928,2.8938679
9040,poly2,0.1628580377,0,,0.1673841791,0.00623720917,0.1551594738,0.1796088845,0.1064625338,0.004687561114,0.09727508287,0.1156499848,0.02459447978,0.0008867038699,0.02285657213,0.02633238743,,,0.9506674335,0.6938497138,0.0393143707,25.43599153,1301.741061,1301.741061,0.00403989412,247.5312398,154.7601971,542.3482246,0.02566074569,16.50253336,1536.534372,1536.534372,0.9046461514,2.6791744
9041,poly2,0.1628580377,0,,0.1556908578,0.005888732266,0.1441491546,0.1672325609,0.09651308368,0.004659950038,0.08737974944,0.1056464179,0.02390634916,0.0008759357749,0.02218954659,0.02562315174,,,0.8894393372,0.6716912957,0.08438742401,8.021820133,1471.196381,1471.214981,0.0007921713983,62.34224325,691.1137379,691.1137379,0.007695234101,28.7719402,1278.85883,1278.875187,0.9023441129,3.018322
9042,poly2,0.1628580377,0,,0.1641729698,0.00565079545,0.1530976142,0.1752483254,0.1071774965,0.004321161342,0.09870817594,0.1156468171,0.02419597932,0.0008815932914,0.02246808822,0.02592387042,,,0.9613458929,0.7039809917,0.06130950596,14.4719758,1353.461561,1353.463464,0.009867148674,25.3259919,987.3968226,987.3968226,0.01026498324,8.714895634,1694.741348,1694.74267,0.9060039956,2.8216652
9043,poly2,0.1628580377,0,,0.1629782097,0.005650648822,0.1519031415,0.1740532779,0.1013188094,0.004388588255,0.09271733444,0.1099202843,0.02355796836,0.0008835480243,0.02182624605,0.02528969067,,,0.9414421681,0.7077182805,0.03935465416,10.38608861,1371.240003,1371.263477,0.0005311232416,22.87477904,958.588397,958.588397,0.006195707942,19.50136399,1518.420365,1518.441389,0.9063033043,3.0429401
9044,poly2,0.1628580377,0,,0.1684169428,0.01017402395,0.1484762223,0.1883576633,0.1083981132,0.004334868672,0.09990192676,0.1168942997,0.02410547418,0.0008697802277,0.02240073626,0.0258102121,,,0.9448282293,0.7122257474,0.08018818512,12.07087373,1380.325348,1380.34672,0.002310908324,432.7302773,61.37994798,382.4888252,0.005210201145,28.87029151,1457.008646,1457.026993,0.9072553295,2.9497869
9045,poly2,0.1628580377,0,,0.1719804011,0.006086611675,0.1600508615,0.1839099408,0.1098890249,0.00475974651,0.1005600932,0.1192179566,0.02514952835,0.0009100078799,0.02336594568,0.02693311102,,,0.9248841781,0.6946373961,0.04929311485,7.724720197,1383.686596,1383.692456,0.001707518577,82.25897943,617.8540601,617.8540601,0.01215672753,82.25897943,754.0636804,754.0680696,0.9058578244,2.9085274
9046,poly2,0.1628580377,0,,0.1572045272,0.005729333584,0.1459752398,0.1684338147,0.09743316225,0.004350801522,0.08890574796,0.1059605765,0.02396169937,0.0008766274804,0.02224354109,0.02567985766,,,0.9294117115,0.6838690018,0.109906154,8.407049786,1446.923134,1446.925609,0.009485939789,30.07249572,950.0199951,950.0199951,0.009527379297,30.07249572,1329.147085,1329.148581,0.90397317,2.9679947
9047,poly2,0.1628580377,0,,0.1505178311,0.005861596808,0.1390293124,0.1620063497,0.1036875408,0.004553060626,0.09476370597,0.1126113757,0.02325761374,0.0008827363181,0.02152748234,0.02498774513,,,0.9409002882,0.6981261515,0.09108849206,7.06713376,1396.24787,1396.259821,0.002610606167,224.4710302,176.3542653,578.9181967,0.004454917854,224.4710302,187.7487336,693.338065,0.9068036781,3.0159059
9048,poly2,0.1628580377,0,,0.1571441508,0.005780127394,0.1458153093,0.1684729923,0.104691403,0.004265919931,0.09633035356,0.1130524524,0.02321313494,0.0008832705413,0.02148195649,0.02494431339,,,0.9269502233,0.6925533248,0.09078198783,6.778204129,1472.802841,1472.812861,0.003735531102,81.5949965,612.801643,612.801643,0.003735531102,81.5949965,784.915683,784.9168743,0.9043784122,3.0211724
9049,poly2,0.1628580377,0,,0.1655254136,0.006259718333,0.1532565911,0.1777942361,0.104262046,0.004241323107,0.09594920545,0.1125748865,0.02480006877,0.0009029291286,0.0230303602,0.02656977734,,,0.9270714466,0.6775278851,0.06261235003,8.471618267,1463.484251,1463.489598,0.003373302662,28.25517931,986.4488749,986.4488749,0.009457401185,10.00945035,1615.392396,1615.396733,0.9036800388,3.0009646
9050,poly2,0.1628580377,0,,0.1639695556,0.005808804901,0.1525845072,0.175354604,0.1033510584,0.004493875024,0.09454322516,0.1121588916,0.02468347247,0.0008748165675,0.02296886351,0.02639808144,,,0.9326838995,0.6781673984,0.077420745,12.91643474,1352.148812,1352.150537,0.007950270508,31.82956502,998.2898952,998.2898952,0.02795307004,23.25455596,1446.618783,1446.620525,0.9055289644,2.8909619
9051,poly2,0.1628580377,0,,0.1662621584,0.00627929475,0.1539549668,0.1785693499,0.1116430097,0.004850541915,0.1021361222,0.1211498971,0.02474724702,0.0008967974641,0.02298955629,0.02650493775,,,0.9562118476,0.6938096143,0.02322344255,12.69271912,1394.368462,1394.369163,0.01000765646,44.14035175,824.8199171,824.8199171,0.01479385526,24.64365266,1522.230933,1522.231638,0.9048915032,2.9900338
9052,poly2,0.1628580377,0,,0.1525802794,0.005898932881,0.1410185834,0.1641419753,0.104858593,0.004620516899,0.09580254626,0.1139146397,0.02350080514,0.0009092596278,0.02171868902,0.02528292127,,,0.9575920948,0.6834714483,0.05677612918,17.61303587,1430.885759,1430.899944,0.003892387422,20.59145281,1073.354992,1073.354992,0.005857635614,20.59145281,1516.268581,1516.280001,0.9036953876,2.8832449
9053,poly2,0.1628580377,0,,0.1620740987,0.005780969648,0.1507436064,0.173404591,0.1097627713,0.004195503062,0.1015397364,0.1179858062,0.02356328543,0.0008964399195,0.02180629547,0.02532027539,,,0.9632142407,0.6900551232,0.07805598642,12.30267939,1361.908658,1361.913807,0.005243789412,61.30676985,806.7112567,806.7112567,0.01157097879,7.178327368,1667.303834,1667.308933,0.9065390684,3.031756
9054,poly2,0.1628580377,0,,0.1647578761,0.006654137609,0.151716006,0.1777997461,0.1061817801,0.004287635279,0.09777816936,0.1145853908,0.02421939519,0.0008960458581,0.02246317758,0.0259756128,,,0.9165096383,0.6910017465,0.09751602975,8.195291786,1453.702298,1453.725844,0.0002387933448,46.58266505,695.1321176,695.1321176,0.0006620831692,13.2757444,1565.335653,1565.352536,0.9035299323,2.9471204
9055,poly2,0.1628580377,0,,0.1648758728,0.00614259205,0.1528366137,0.176915132,0.1081945904,0.004350480573,0.0996678052,0.1167213757,0.02452269359,0.0009148425183,0.0227296352,0.02631575198,,,0.912455966,0.6804928347,0.09014448728,7.882126278,1480.981605,1481.01393,0.0002540417524,36.95566792,802.9538167,802.9538167,0.0002540417524,14.48698271,1499.094561,1499.114542,0.9038550005,2.9835788
9056,poly2,0.1628580377,0,,0.1562794877,0.006839599518,0.142874119,0.1696848565,0.09946096906,0.004378910125,0.09087846292,0.1080434752,0.02398130303,0.0008830806325,0.02225049679,0.02571210926,,,0.9133682523,0.6898671498,0.09011388195,8.078747382,1395.177121,1395.185419,0.00375304182,35.58262159,870.8358516,870.8358516,0.01393119881,15.16554957,1586.701635,1586.709932,0.9046431387,2.9283993
9057,poly2,0.1628580377,0,,0.1676787651,0.005933904707,0.1560485256,0.1793090047,0.1030462657,0.004450830939,0.09432279739,0.1117697341,0.02493418146,0.0008968432745,0.02317640094,0.02669196198,,,0.9339985508,0.6909948509,0.0548578736,10.03803501,1356.894671,1356.910828,0.001283088031,25.34603196,989.0764776,989.0764776,0.005457818434,25.34603196,1363.275503,1363.287515,0.9056266709,2.8901217
9058,poly2,0.1628580377,0,,0.1673400519,0.005765494729,0.1560398899,0.1786402139,0.09909804994,0.004404531936,0.09046532597,0.1077307739,0.02445124974,0.0008952968267,0.0226965002,0.02620599927,,,0.9234496225,0.6910982087,0.09838226552,7.960180509,1414.518599,1414.549616,0.0007644590448,19.7588478,1054.170702,1054.170702,0.0009892399465,19.7588478,1464.471928,1464.491019,0.9058636408,2.9628186
9059,poly2,0.1628580377,0,,0.1641143275,0.00577903566,0.1527876258,0.1754410293,0.1048731347,0.004505333356,0.09604284354,0.1137034258,0.02457378774,0.00090216579,0.02280557528,0.02634200019,,,0.9247516521,0.6782586888,0.06732099324,14.85420746,1444.198134,1444.210217,0.00332673045,54.90997717,827.7908487,827.7908487,0.00332673045,54.90997717,1088.331198,1088.334217,0.903219458,2.9617527
9060,poly2,0.1628580377,0,,0.1695899657,0.006329773904,0.1571838368,0.1819960946,0.1127338914,0.004504747424,0.1039047487,0.1215630341,0.02536081197,0.0009126854025,0.02357198145,0.02714964248,,,0.9525543506,0.688469851,0.08051716646,9.327748895,1438.713305,1438.715002,0.00803585381,26.23232013,972.446355,972.446355,0.00803585381,14.84192813,1565.088572,1565.088572,0.9037222186,2.9711039
9061,poly2,0.1628580377,0,,0.1659791779,0.006079129008,0.1540643039,0.1778940518,0.1084471944,0.0042596536,0.1000984267,0.116795962,0.02547660131,0.0009034863913,0.02370580052,0.02724740209,,,0.9116936264,0.6737772836,0.08748395032,6.713440069,1479.500981,1479.506548,0.003042256926,54.78803832,795.7944498,795.7944498,0.003042256926,15.87855563,1452.911915,1452.913272,0.9027796102,2.8641337
9062,poly2,0.1628580377,0,,0.1683381076,0.005894044291,0.1567859931,0.1798902222,0.1039849284,0.004397332979,0.09536631409,0.1126035426,0.02467507577,0.0009116071315,0.02288835862,0.02646179292,,,0.9501030614,0.6932727679,0.08456379362,5.949733189,1425.579899,1425.596494,0.000580533837,30.91790926,978.8423682,978.8423682,0.000580533837,12.68097368,1495.21847,1495.228511,0.9059472274,3.0050023
9063,poly2,0.1628580377,0,,0.169604328,0.005856968516,0.1581248806,0.1810837753,0.1126584486,0.004559277818,0.1037224283,0.1215944689,0.02481291926,0.0009092801994,0.02303076281,0.0265950757,,,0.9500932864,0.6866441172,0.07305686453,11.49586167,1403.708024,1403.712181,0.003113870527,26.48457253,953.6405862,953.6405862,0.03144245806,13.32469014,1581.906503,1581.910656,0.9041956908,2.9365965
9064,poly2,0.1628580377,0,,0.1586683237,0.005705654498,0.1474854463,0.169851201,0.1056204571,0.004334487152,0.09712501835,0.1141158958,0.02408391809,0.0008981884904,0.022323501,0.02584433518,,,0.9315514427,0.6786100503,0.1239330494,8.068872709,1447.880618,1447.880618,0.01234799051,70.27892508,718.1560224,718.1560224,0.03262553856,13.26185497,1601.136984,1601.136984,0.9032158331,2.8732698
9065,poly2,0.1628580377,0,,0.1672590746,0.006597889105,0.1543274496,0.1801906996,0.1028579961,0.004446364068,0.09414328267,0.1115727095,0.02505546911,0.0008961888011,0.02329897134,0.02681196688,,,0.9192920346,0.6875596424,0.06036052341,16.56711943,1427.81046,1427.829605,0.003247865287,83.96332526,552.1967079,552.1967079,0.003319465813,16.70089031,1536.033508,1536.046412,0.9036468974,2.9141962
9066,poly2,0.1628580377,0,,0.1646452443,0.006041603294,0.1528039194,0.1764865692,0.1055358178,0.00447992003,0.09675533592,0.1143162997,0.02402372439,0.0008976470755,0.02226436845,0.02578308033,,,0.9517770756,0.7015551673,0.104608166,9.199312766,1369.502946,1369.516159,0.002009036127,57.24662057,809.9721152,809.9721152,0.007907028318,11.42315991,1642.388004,1642.3995,0.9065754848,2.932782
9067,poly2,0.1628580377,0,,0.1644417561,0.006843397607,0.1510289432,0.1778545689,0.1036243602,0.004476248195,0.09485107496,0.1123976455,0.02454198841,0.0008917114595,0.02279426607,0.02628971076,,,0.9277638243,0.6835087598,0.04919797285,12.12128023,1330.090946,1330.097724,0.0009809360464,90.33067353,472.616507,482.1711085,0.0009809360464,24.64586372,1529.112209,1529.11383,0.9058803561,2.8610303
9068,poly2,0.1628580377,0,,0.1742365779,0.006280498297,0.1619270274,0.1865461284,0.109577408,0.004342370873,0.1010665175,0.1180882985,0.02534068937,0.0008914064245,0.02359356488,0.02708781386,,,0.9173898309,0.6954407148,0.08825932635,5.901183888,1419.296822,1419.329251,0.000163262333,342.832148,89.84625896,541.6322784,0.0005047204394,12.22454774,1569.168806,1569.189893,0.9060622114,3.0266197
9069,poly2,0.1628580377,0,,0.1614753433,0.00555218765,0.1505932555,0.1723574312,0.1014948901,0.004340459727,0.09298774533,0.1100020348,0.02444577461,0.0008764051551,0.02272805207,0.02616349715,,,0.9307781932,0.6806207841,0.06405018345,7.643192086,1418.918668,1418.921787,0.009058028321,39.91428354,871.996015,871.996015,0.02852906014,35.0519784,1367.333588,1367.336702,0.9047502015,2.8424983
9070,poly2,0.1628580377,0,,0.1532664808,0.005889646714,0.1417229853,0.1648099762,0.09715702451,0.004165545158,0.08899270602,0.105321343,0.02248698434,0.000907670233,0.02070798337,0.0242659853,,,0.9493968284,0.6918600176,0.0882203257,6.179458407,1444.478367,1444.48329,0.002765057846,93.33155709,546.112095,577.1690028,0.002765057846,6.55582057,1684.374875,1684.375355,0.9049867257,2.8957776
9071,poly2,0.1628580377,0,,0.1615806974,0.007813362588,0.1462667882,0.1768946067,0.1052394163,0.006046134134,0.09338921116,0.1170896215,0.02423116539,0.0009344687997,0.0223996402,0.02606269059,,,0.9104624599,0.6824956176,0.02084069861,47.9830364,1058.900007,1058.903997,0.003341337369,46.17812896,757.0411408,757.0411408,0.02398186752,25.07027177,1511.596559,1511.600965,0.904540167,2.9052936
9072,poly2,0.1628580377,0,,0.1793253835,0.006549684144,0.1664882385,0.1921625286,0.1099828237,0.004586785711,0.1009928889,0.1189727585,0.02634413239,0.0009057689538,0.02456885786,0.02811940691,,,0.9102424628,0.6841104378,0.07848855902,10.42675714,1378.474927,1378.495831,0.001197639976,105.4248692,487.2266476,578.5995965,0.001219531532,12.74127856,1533.671122,1533.683648,0.904709855,3.1355222
9073,poly2,0.1628580377,0,,0.1645139242,0.006913673662,0.1509633729,0.1780644756,0.105709221,0.004155732813,0.09756413438,0.1138543077,0.02495042573,0.0009054224242,0.02317583038,0.02672502107,,,0.9562038313,0.6888479942,0.06680636006,6.751239073,1458.499815,1458.510534,0.006355693182,86.5667808,595.4792066,595.4792066,0.006355693182,15.12617254,1553.15473,1553.158117,0.9050654556,2.9690436
9074,poly2,0.1628580377,0,,0.1650014916,0.006323432545,0.1526077915,0.1773951916,0.104706952,0.004341340417,0.09619808114,0.1132158229,0.02449336365,0.0008861772381,0.02275648818,0.02623023912,,,0.9122744159,0.6874099611,0.039164185,8.193981144,1415.397658,1415.421327,0.0008791604542,29.37833112,942.7025243,942.7025243,0.0008791604542,13.6698407,1553.285964,1553.304393,0.904388784,2.8913959
9075,poly2,0.1628580377,0,,0.1649345457,0.005419184314,0.1543131396,0.1755559518,0.09967581621,0.004251753405,0.09134253267,0.1080090998,0.02574263369,0.0008617124178,0.02405370838,0.02743155899,nuisance_models,nuisance_models,0.8839637642,0.6630908826,0.07580874495,11.94669576,1445.901446,1445.926712,0.001924645255,23.85987062,1013.424723,1013.424723,0.001924645255,23.85987062,1338.828606,1338.842585,0.90196941,3.0113485
9076,poly2,0.1628580377,0,,0.1606829636,0.006134810214,0.1486589565,0.1727069706,0.1063638767,0.004404933832,0.09773036504,0.1149973884,0.02376060153,0.0009078327177,0.02198128209,0.02553992096,,,0.9244957888,0.6879322654,0.05605490501,13.97137236,1370.223006,1370.228351,0.004958386732,31.21335744,972.4117628,972.4117628,0.004958386732,9.832569089,1640.792526,1640.792526,0.9049762334,2.8896916
9077,poly2,0.1628580377,0,,0.1594113526,0.006341066689,0.1469830903,0.171839615,0.1027479008,0.004390251006,0.09414316691,0.1113526346,0.02380583724,0.0009018967543,0.02203815209,0.0255735224,,,0.9122706644,0.6779540749,0.05441534373,6.635981985,1451.474323,1451.484069,0.0002018922543,26.27228863,959.5364239,959.5364239,0.02081272148,26.27228863,1442.312009,1442.321749,0.9042401079,2.9434412
9078,poly2,0.1628580377,0,,0.164699483,0.007042253188,0.1508969203,0.1785020456,0.1062638437,0.004394281342,0.09765121054,0.1148764769,0.02446438745,0.0008996611788,0.02270108394,0.02622769095,,,0.9482120367,0.7039265894,0.08312246109,6.673908259,1430.06009,1430.082802,0.0001825887943,58.92373501,608.0305315,608.0305315,0.008047995822,16.47496735,1511.200503,1511.221562,0.9057727525,2.9389687
9079,poly2,0.1628580377,0,,0.1693661404,0.005666739514,0.1582595351,0.1804727458,0.1071387183,0.004229516015,0.09884901925,0.1154284174,0.02507340043,0.0008750045397,0.02335842305,0.02678837781,,,0.9631417656,0.6963484401,0.04688165914,10.05647665,1397.092799,1397.110242,0.001506839625,43.62395764,913.7273513,913.7273513,0.008520293222,7.647650596,1651.499611,1651.514763,0.9060678741,2.9469
9080,poly2,0.1628580377,0,,0.1533627554,0.005662589087,0.1422642847,0.164461226,0.1053581196,0.004323697299,0.09688382862,0.1138324106,0.02317255126,0.0008884736552,0.02143117489,0.02491392762,,,0.9385525725,0.6859788333,0.1007811056,7.244308415,1413.333538,1413.352724,0.003026442302,18.84275895,1106.540438,1106.540438,0.003608900952,9.58297607,1580.947275,1580.962572,0.9050363772,2.9004267
9081,poly2,0.1628580377,0,,0.158666258,0.005903480796,0.1470956482,0.1702368677,0.1075084575,0.004443772142,0.09879882413,0.1162180908,0.02310511117,0.0009020631743,0.02133709984,0.0248731225,,,0.960924022,0.7049797635,0.08788110382,6.58865743,1421.365242,1421.388021,0.003306923464,120.3387095,360.9653029,469.010236,0.004922033706,120.3387095,483.7644485,719.6300883,0.9067565784,2.9572283
9082,poly2,0.1628580377,0,,0.1540985086,0.008985719064,0.1364868229,0.1717101944,0.09824648957,0.004296635852,0.08982523804,0.1066677411,0.02285712537,0.0008609352653,0.02116972326,0.02454452748,,,0.9571601146,0.7094086939,0.08380427584,11.93256537,1419.748266,1419.763536,0.001287087406,128.0863628,359.147848,499.1065164,0.006956119131,22.18772562,1548.452704,1548.464555,0.9055980814,2.7502957
9083,poly2,0.1628580377,0,,0.1557361881,0.005952600006,0.1440693065,0.1674030697,0.1010055433,0.004385701719,0.09240972592,0.1096013608,0.02282264863,0.0008781212486,0.02110156261,0.02454373465,,,0.9216846028,0.7016819668,0.01031822044,10.24498222,1398.665192,1398.679444,0.004032849511,33.01133856,863.8629278,863.8633733,0.004032849511,10.21095834,1592.001801,1592.006779,0.9062044317,2.8822267
9084,poly2,0.1628580377,0,,0.1632225567,0.005919014913,0.1516215007,0.1748236128,0.1081043667,0.00444306522,0.09939611887,0.1168126145,0.02407516215,0.0009030399487,0.02230523637,0.02584508792,,,0.9446358817,0.6996310019,0.03843578448,17.6791187,1381.902193,1381.919021,0.0004849942567,24.5551759,1027.208637,1027.208637,0.001566174702,17.6791187,1550.353771,1550.36521,0.9062724638,2.9409662
9085,poly2,0.1628580377,0,,0.161416611,0.005668272064,0.1503070019,0.1725262201,0.1118760314,0.004225919567,0.1035933812,0.1201586815,0.02412060621,0.0008831930855,0.02238957957,0.02585163285,,,0.8915064139,0.6742430894,0.06444015167,9.467527662,1372.339844,1372.351962,0.002093009079,29.89281379,962.0385801,962.0385801,0.005423493038,5.616927904,1672.370946,1672.380009,0.9045629262,2.9591232
9086,poly2,0.1628580377,0,,0.1609297822,0.006047747782,0.1490764143,0.17278315,0.1033223524,0.004312279519,0.09487043984,0.1117742649,0.02401658065,0.0008731109007,0.02230531473,0.02572784657,,,0.893932754,0.6824097225,0.07133308168,12.50596126,1334.137018,1334.150158,8.233790212e-05,33.90965023,929.4929781,929.4929781,0.005303907537,19.32848266,1531.922619,1531.932876,0.9055886548,3.1155796
9087,poly2,0.1628580377,0,,0.1641826185,0.006781649757,0.1508908292,0.1774744078,0.1099247935,0.004531465415,0.1010432845,0.1188063025,0.02362410518,0.0009408330079,0.02178010637,0.02546810399,,,0.9336728901,0.6962744162,0.08697350925,6.984159039,1410.2849,1410.303041,0.001403321905,34.89965191,829.3695967,829.3695967,0.001458882134,34.71795272,1379.142489,1379.155586,0.9059457724,2.981987
9088,poly2,0.1628580377,0,,0.1633984151,0.005838606819,0.151954956,0.1748418742,0.1037324123,0.004274066955,0.09535539499,0.1121094296,0.02403258691,0.0008703401847,0.0223267515,0.02573842233,,,0.9288685328,0.6964188453,0.09890131858,6.804588118,1433.945586,1433.956648,0.000602071891,45.85046601,772.2683539,772.2683539,0.005990153746,20.03523229,1545.528965,1545.536671,0.905446525,2.9311878
9089,poly2,0.1628580377,0,,0.1699590021,0.006155646368,0.1578941569,0.1820238473,0.1133328105,0.004301305188,0.1049024073,0.1217632138,0.02508899627,0.0008863939621,0.02335169603,0.02682629651,,,0.9163255891,0.6946381184,0.0699511538,10.5647099,1425.240952,1425.270525,0.0006563961845,74.62928178,560.6825328,560.6825328,0.0016377876,13.0333564,1540.27627,1540.296148,0.9048351037,3.006395
9090,poly2,0.1628580377,0,,0.1574836164,0.006876181815,0.1440065477,0.1709606851,0.1025804867,0.00428489041,0.0941822558,0.1109787176,0.02387650697,0.0008922048915,0.02212781752,0.02562519642,,,0.9104461116,0.6861147826,0.09627900567,7.154988863,1480.970171,1480.979261,0.003474675187,29.2923036,903.9798778,903.9798778,0.006854946165,16.64650999,1535.052314,1535.057464,0.9035884532,3.0510696
9091,poly2,0.1628580377,0,,0.1624222026,0.006988890486,0.148724229,0.1761201763,0.1059360316,0.004503149127,0.09711002154,0.1147620418,0.02473160527,0.0009036011393,0.02296057958,0.02650263096,,,0.8959731637,0.6874361392,0.07486214601,13.35788584,1408.332682,1408.355833,0.002682619101,171.1622722,264.7879618,563.566154,0.005053319756,12.75851821,1597.379653,1597.398095,0.9037153044,2.9943778
9092,poly2,0.1628580377,0,,0.157063788,0.006403782176,0.1445126056,0.1696149705,0.1013421649,0.004424787535,0.09266974067,0.1100145891,0.02247526625,0.0009071394096,0.02069730567,0.02425322682,,,0.927321165,0.7102155716,0.08260668695,8.843053652,1405.425093,1405.442565,0.001159685733,776.2366865,24.07441015,522.2795774,0.005378512634,32.25703887,1413.234614,1413.247718,0.9069215986,2.9203302
9093,poly2,0.1628580377,0,,0.15994763,0.0061905115,0.1478144504,0.1720808096,0.1095815479,0.004742645221,0.1002861341,0.1188769617,0.02351188169,0.0008975627503,0.02175269102,0.02527107235,,,0.9405095196,0.685857068,0.09271437328,5.630867515,1401.344514,1401.36633,0.001040919288,136.0068792,360.6243294,572.0737755,0.004462919463,23.67628938,1331.491089,1331.505594,0.9071630986,3.0288643
9094,poly2,0.1628580377,0,,0.1700180933,0.006071226515,0.1581187079,0.1819174786,0.1030074949,0.004356258478,0.09446938516,0.1115456046,0.02521423175,0.0008919889675,0.0234659655,0.026962498,,,0.9565230591,0.6801772091,0.1158083931,7.139931782,1495.917537,1495.928753,0.002407955607,24.91008013,943.2971548,943.2971548,0.008274922381,24.91008013,1440.142034,1440.15001,0.9039599631,3.1126043
9095,poly2,0.1628580377,0,,0.1617527519,0.005726826087,0.150528379,0.1729771247,0.1050973112,0.004119588692,0.09702306577,0.1131715567,0.02471275868,0.0008784681665,0.02299099271,0.02643452464,,,0.9255485686,0.6818830268,0.1039947948,6.100822291,1479.791487,1479.815604,0.000565812328,72.43029452,657.3652369,657.3652369,0.000565812328,12.64447957,1560.005485,1560.014801,0.9038085318,2.9883919
9096,poly2,0.1628580377,0,,0.1684508831,0.006069519812,0.1565548429,0.1803469234,0.1080367262,0.004290685146,0.09962713788,0.1164463146,0.0251982849,0.0008817785213,0.02347003076,0.02692653905,,,0.9341554758,0.6746535142,0.0707485633,6.980849032,1443.804643,1443.812484,0.002407207259,49.111951,922.8956474,922.8956474,0.03732953786,13.12867888,1534.881971,1534.88981,0.9037723114,3.0244878
9097,poly2,0.1628580377,0,,0.1573066068,0.005887624556,0.1457670747,0.1688461389,0.1059124383,0.004480674342,0.09713047794,0.1146943986,0.02384053448,0.0009041960442,0.0220683428,0.02561272616,,,0.9234990388,0.6817806391,0.0879610067,10.76859109,1424.009675,1424.018637,0.001333243905,17.83417678,1080.569587,1080.569587,0.01154168467,13.42437993,1603.592231,1603.601138,0.903670534,2.7434215
9098,poly2,0.1628580377,0,,0.1665358538,0.005702162391,0.1553598208,0.1777118867,0.1094544194,0.004405413546,0.1008199675,0.1180888713,0.02488740061,0.000894866954,0.02313349361,0.02664130761,,,0.9111175592,0.6728495536,0.06334115441,11.08458448,1403.503263,1403.508062,0.005042591535,14.33757062,1133.158831,1133.158831,0.008209827828,10.76748185,1606.128313,1606.131504,0.9039612085,3.0856818
9099,poly2,0.1628580377,0,,0.159702306,0.007062249166,0.145860552,0.17354406,0.1050973878,0.004562014884,0.09615600288,0.1140387726,0.02420290649,0.0008956072867,0.02244754846,0.02595826451,,,0.923758044,0.687996102,0.03779338469,26.45965711,1328.393912,1328.407688,0.00205856771,25.06213931,960.2182938,960.2182938,0.01031299264,26.45965711,1336.676548,1336.689769,0.9040443265,2.9458709
9100,poly2,0.1628580377,0,,0.1710503105,0.006178745414,0.158940192,0.183160429,0.1058675841,0.004390768195,0.09726183655,0.1144733316,0.02495463607,0.0009216432892,0.02314824842,0.02676102373,,,0.9057163487,0.6868507891,0.07756619204,10.34587838,1439.134161,1439.150294,0.001395680052,206.6717916,201.3735198,542.0291237,0.001395680052,16.73785462,1613.248388,1613.25469,0.9037612108,2.973604
9101,poly2,0.1628580377,0,,0.1615580862,0.006394327208,0.1490254352,0.1740907373,0.1058650668,0.004443603081,0.09715576481,0.1145743688,0.02392889425,0.0008860834116,0.02219220268,0.02566558583,,,0.9585632676,0.6818952116,0.1002342305,9.976631685,1405.490736,1405.49894,0.0001659575935,29.86643023,921.1678643,921.1678643,0.009257722769,25.28732163,1391.957863,1391.964144,0.9054359087,2.9232017
9102,poly2,0.1628580377,0,,0.1669250636,0.006492722138,0.154199562,0.1796505651,0.1073398241,0.004307149076,0.09889796707,0.1157816812,0.02496321127,0.0009152183072,0.02316941635,0.02675700619,,,0.9015240974,0.7021351387,0.04461434466,13.62053605,1391.097846,1391.102119,0.001694254469,590.230109,38.05637264,388.9975808,0.005888891277,21.8946986,1469.660173,1469.660173,0.9048493884,2.9521936
9103,poly2,0.1628580377,0,,0.1606746939,0.007197398724,0.1465680516,0.1747813362,0.1008262062,0.004555652875,0.09189729067,0.1097551218,0.02355585946,0.0009198401861,0.02175300582,0.02535871309,,,0.9383779599,0.6984355586,0.03225224894,16.04395803,1402.615559,1402.631158,0.003347640685,79.61670909,538.2922651,538.2922651,0.009133976237,12.46845037,1608.523587,1608.538055,0.9047866367,3.0234107
9104,poly2,0.1628580377,0,,0.1697680261,0.007137738191,0.1557783163,0.1837577359,0.1109438528,0.004298329572,0.1025192817,0.119368424,0.02475253077,0.0008938342997,0.02300064774,0.02650441381,,,0.9136157637,0.6906628892,0.100723363,6.877802367,1419.051079,1419.068602,0.000449361912,50.47987971,707.9716183,707.9716183,0.008189485312,22.67915774,1543.371623,1543.386134,0.9055372732,2.9155416
9105,poly2,0.1628580377,0,,0.1600523912,0.006822237193,0.146681052,0.1734237304,0.1082759811,0.005284053288,0.09791942693,0.1186325352,0.02433043087,0.000879063482,0.02260749811,0.02605336364,,,0.9323343389,0.6872878465,0.0766783924,11.66684961,1390.909542,1390.924451,0.001025689745,49.64389876,741.5291131,741.5291131,0.006850597975,49.64389876,1066.100054,1066.109801,0.9057034784,2.927903
9106,poly2,0.1628580377,0,,0.1654125567,0.006078993147,0.1534979491,0.1773271643,0.1106557818,0.004484953354,0.1018654348,0.1194461289,0.02456458997,0.0009032272727,0.02279429704,0.02633488289,,,0.9378827273,0.6865014366,0.08711022998,10.58415707,1381.711537,1381.729173,0.0003556036015,21.36427218,1016.699245,1016.699245,0.0003556036015,21.36427218,1418.04729,1418.054057,0.9057671053,2.9106883
9107,poly2,0.1628580377,0,,0.1689387318,0.006032428942,0.1571153884,0.1807620753,0.1064043742,0.004704191521,0.09718432825,0.1156244202,0.0250180481,0.0008959952247,0.02326192972,0.02677416647,,,0.9256797644,0.6969226173,0.07496685573,9.424052664,1392.762001,1392.766704,0.006311096101,25.69535492,920.8109896,920.8109896,0.01507455598,22.63084026,1382.560166,1382.56486,0.9050012511,3.0681059
9108,poly2,0.1628580377,0,,0.1569298195,0.009286850522,0.138727927,0.1751317121,0.1063464873,0.00459109034,0.09734811554,0.115344859,0.02361571255,0.0009102147971,0.02183172433,0.02539970077,nuisance_models,nuisance_models,0.8826325747,0.6926599327,0.04263489959,23.45496318,1304.397812,1304.420176,0.0005256395815,69.1072825,622.887375,622.887375,0.003024330703,19.31585845,1548.993084,1549.011694,0.9039519165,2.9168119
9109,poly2,0.1628580377,0,,0.1480685546,0.01000195676,0.1284650796,0.1676720296,0.09951216641,0.004283021402,0.09111759871,0.1079067341,0.02287047551,0.0008726875652,0.02116003931,0.0245809117,,,0.9262818755,0.7052968095,0.06112812773,9.255004831,1431.187467,1431.204583,0.00207918208,480.9583584,51.76072701,434.6452471,0.006226437927,19.51400179,1505.609031,1505.623441,0.905960669,2.9337423
9110,poly2,0.1628580377,0,,0.1545594067,0.006323284724,0.1421659964,0.1669528171,0.1004927734,0.004765664236,0.09115224313,0.1098333037,0.02314216434,0.0008961380451,0.02138576605,0.02489856264,,,0.9584043576,0.6957861621,0.05931738481,16.85846406,1380.626109,1380.637457,0.002467666588,40.39454878,893.3264545,893.3264545,0.02983814737,10.01509593,1632.014199,1632.025567,0.9042444534,3.0412757
9111,poly2,0.1628580377,0,,0.1536108894,0.005474179934,0.1428816939,0.164340085,0.09871938118,0.004297525174,0.09029638662,0.1071423757,0.02345908887,0.0008696916713,0.02175452452,0.02516365323,,,0.9366318279,0.6727441286,0.1001929245,9.980744699,1440.279137,1440.280696,0.008311349988,15.6173728,1094.741159,1094.741159,0.008311349988,15.6173728,1536.733825,1536.733825,0.9029825628,3.0132495
9112,poly2,0.1628580377,0,,0.1639560315,0.006001176197,0.1521939423,0.1757181208,0.1053984342,0.004493490472,0.09659135468,0.1142055137,0.02401317467,0.0009038186193,0.02224172272,0.02578462661,,,0.9058770237,0.6855261054,0.07709229527,7.263150371,1380.863205,1380.871464,0.006328978897,48.33161843,840.567641,840.567641,0.006383741079,14.58172428,1591.388717,1591.394474,0.9055578466,2.9289638
9113,poly2,0.1628580377,0,,0.1668880021,0.00624431579,0.154649368,0.1791266361,0.110115761,0.004362531738,0.1015653559,0.1186661661,0.02468353426,0.0009179340835,0.02288441652,0.02648265201,,,0.9447490722,0.697894462,0.0668826935,13.42695401,1398.831641,1398.848227,0.0006301721474,21.37715828,965.4141662,965.4141662,0.01103866262,21.37715828,1490.920734,1490.937213,0.9052799569,3.0330831
9114,poly2,0.1628580377,0,,0.160098474,0.007704058545,0.1449987967,0.1751981513,0.1103813675,0.004610774798,0.1013444149,0.11941832,0.02343761733,0.0008966907405,0.02168013577,0.02519509888,,,0.9421302709,0.7026033512,0.08137651647,9.394804353,1329.743408,1329.74608,0.005717987249,174.8867139,260.6070667,594.1324158,0.01039472135,6.67437614,1673.331922,1673.334082,0.9070545336,2.8957179
9115,poly2,0.1628580377,0,,0.1635625401,0.00601111483,0.1517809715,0.1753441086,0.1021798705,0.004351646133,0.09365080077,0.1107089402,0.02444816844,0.0008732542423,0.02273662157,0.0261597153,,,0.9547244073,0.6852607801,0.05044796873,9.464956578,1446.306477,1446.313895,0.002801118504,187.6276057,232.3730459,555.8252504,0.00532970613,187.6276057,248.1340309,702.0605214,0.9040648684,2.8551793
9116,poly2,0.1628580377,0,,0.1662088066,0.005921468683,0.1546029412,0.1778146719,0.1068424235,0.004480184558,0.09806142317,0.1156234239,0.02481019188,0.0008842055653,0.02307718082,0.02654320295,,,0.9440841774,0.6859440279,0.06524058072,15.32788318,1396.555456,1396.559513,0.004316205334,30.6087383,953.7030787,953.7030787,0.01039996522,24.53241192,1476.299519,1476.303089,0.9048644278,2.7739763
9117,poly2,0.1628580377,0,,0.1613197917,0.006347941389,0.1488780552,0.1737615282,0.1054588148,0.004225471258,0.09717704336,0.1137405863,0.02394980561,0.0008911773257,0.02220313015,0.02569648107,,,0.9394150087,0.7050527985,0.06906618461,8.58874635,1400.460993,1400.476955,0.001699658556,79.85032578,538.1270091,538.1270091,0.01168197633,20.72942506,1542.036954,1542.052979,0.906348281,2.823513
9118,poly2,0.1628580377,0,,0.1611772999,0.005802026624,0.1498055367,0.1725490631,0.1032105293,0.004304825961,0.09477322547,0.1116478332,0.02330939609,0.0008684088085,0.0216073461,0.02501144608,,,0.905706915,0.6905616154,0.03053364014,11.51840256,1312.246732,1312.25667,0.002068644515,54.3389788,885.6716783,885.6716783,0.01600985743,7.505608664,1661.012444,1661.022445,0.906249258,2.8287704
9119,poly2,0.1628580377,0,,0.1650952458,0.005878449092,0.1535736973,0.1766167943,0.1064960697,0.004417578129,0.09783777562,0.1151543637,0.0245184596,0.0008900713479,0.02277395182,0.02626296739,nuisance_models,nuisance_models,0.8855050895,0.6808554312,0.1280623997,6.818500931,1401.991627,1401.994766,0.007911970314,55.24306198,769.927205,769.927205,0.007911970314,55.24306198,1054.29702,1054.298178,0.9051632911,2.6556172
