seed,lib_psi,lib_se,lib_covers,oracle_psi,oracle_se,oracle_covers
1000,1.2476167333359551,0.06850174635221358,True,1.2635903137152187,0.04468686095378252,True
1001,1.2074139423760275,0.0679963234125896,True,1.2153848986119973,0.043444092248475806,True
1002,1.2974710492980652,0.10637466858434395,True,1.2834983195280605,0.042635494917464094,True
1003,1.2953755144098653,0.07206863488673221,True,1.2682584154045726,0.04252499530060402,True
1004,1.3067188953008662,0.07765612609003611,True,1.27611567111494,0.04559282411534562,True
1005,1.1151875871445311,0.06697120002435279,True,1.2206315388391666,0.04211922108262965,True
1006,1.0627775552163874,0.06897915178636882,False,1.161740269788256,0.04216287362719869,True
1007,1.2138633340026808,0.06987792859841974,True,1.2456646322782112,0.041566587480783124,True
1008,1.174238262101513,0.07253609376524628,True,1.1683169886187594,0.04285409200253783,True
1009,1.1898927686616296,0.06903224528092486,True,1.2308130498277068,0.04356990775038598,True
1010,1.3099048614070368,0.07605227076685489,True,1.28883312321068,0.04646043997040576,True
1011,1.1428032424609202,0.07300996028489748,True,1.2327034455261736,0.04468572246481069,True
1012,1.1988590557412908,0.06553667768921843,True,1.2583345157928407,0.04245340010067328,True
1013,1.234352827249553,0.07235455331285168,True,1.22997423465366,0.043396690935130294,True
1014,1.186683103109766,0.06318708560564068,True,1.138298412072682,0.045763926081296584,True
1015,1.2439379838908282,0.07902149506106639,True,1.210159981187806,0.05022475079174606,True
1016,1.185601014182967,0.068008278736604,True,1.2413372958391597,0.04569547762571652,True
1017,1.136459314592868,0.07353663204094425,True,1.1132017956073397,0.043140127243569984,False
1018,1.195336220937292,0.0716974357758331,True,1.219332188254919,0.04125017993704358,True
1019,1.2765964049637906,0.07678229843026098,True,1.2059868313006987,0.05143966805444155,True
1020,1.162397219632551,0.08029093103816348,True,1.2249390491716858,0.0429582190003389,True
1021,1.1670850225050846,0.06556381785757255,True,1.2464558442779934,0.04429387569294536,True
1022,1.2894757051451167,0.07345629091405086,True,1.2738534743827874,0.04526083084829565,True
1023,1.1593117715220655,0.06680403865296101,True,1.2182499420460255,0.0437826234616413,True
1024,1.2298763220794326,0.07237996403283088,True,1.174854146561629,0.04248768318446517,True
1025,1.240390541535541,0.06898642855705645,True,1.2925510172905879,0.04302048128026925,False
1026,1.1853959017511049,0.05913194043853984,True,1.2155175767604705,0.042192192479537365,True
1027,1.1670815181589467,0.06832218411968738,True,1.221058087054908,0.04365694421211563,True
1028,1.10320571133862,0.0687507993102759,True,1.1628928098695077,0.04593062367815366,True
1029,1.1050715553617787,0.07273881910223932,True,1.186731416728067,0.048660236092779176,True
1030,1.1520999120298538,0.0679762560026791,True,1.2106721180014632,0.04503221456002758,True
1031,1.1469359336542304,0.07484291789106026,True,1.226821782080136,0.04729731891330801,True
1032,1.2648260244617144,0.07699423515551831,True,1.1293648302508594,0.04703909721247325,True
1033,1.052140235496037,0.06673701988676171,False,1.1007972663099759,0.05032989761046175,False
1034,1.2174189889145912,0.10759612034174304,True,1.238813564683983,0.047166784033457504,True
1035,1.2726141187559228,0.06629401021580866,True,1.214027817489256,0.044718195256918704,True
1036,1.191148668830836,0.07288596528198628,True,1.1759892635585734,0.0439985717159423,True
1037,1.3034742257060163,0.07932467943839011,True,1.3370522798497806,0.0432776029333657,False
1038,1.1420308153616372,0.06955506892332217,True,1.2219597129659887,0.04441268957869031,True
1039,1.213287816480643,0.0725400026767046,True,1.144795684704584,0.04414001876794197,True
1040,1.1115576827182418,0.07560391713719111,True,1.1977142875285172,0.042807002342859064,True
1041,1.260496039921831,0.07466726889361373,True,1.24765031642458,0.043966384473078775,True
1042,1.3072729534208363,0.0655351265433698,True,1.1609894899731128,0.058414739792727204,True
1043,1.0823759015408143,0.06599195650263294,True,1.1941055029453764,0.041336426849038106,True
1044,1.0908416532587368,0.06541044062314637,True,1.126416356390357,0.04428927754796773,True
1045,1.2499189929547359,0.07816883962704006,True,1.211350006465812,0.04464072260202112,True
1046,1.2108425227850088,0.0685254009410452,True,1.2305431909268205,0.044886548509746896,True
1047,1.2650277688440694,0.08659509376292435,True,1.2607713499853848,0.05164167486678085,True
1048,1.169234851908035,0.08245238930920486,True,1.2261066983558369,0.04411706443883641,True
1049,1.295515136351549,0.07155399515974241,True,1.2124258906506884,0.043968729143640244,True
1050,1.161689412139803,0.07207823014762732,True,1.2166466837919752,0.04406073188216966,True
1051,1.2501767950485814,0.06507086307230707,True,1.1697902736533607,0.05176660892325166,True
1052,1.172484316197979,0.06695113938370018,True,1.2469978115279743,0.048336161088467,True
1053,1.196874918350377,0.07045453545528331,True,1.2071150718449744,0.04393947453355599,True
1054,1.1393307857826402,0.06958938075584736,True,1.13917100074088,0.042685948293742365,True
1055,1.109542442844929,0.06719272020592537,True,1.14908642283254,0.04440041747698633,True
1056,1.20121804975956,0.07092293222150667,True,1.1580690009051335,0.0435034395759334,True
1057,1.1255971542788128,0.0651802315885503,True,1.2002406078508447,0.04504096813327745,True
1058,1.2919368047908086,0.06405977270236879,True,1.2837153273216486,0.04197362064743197,False
1059,1.2253192990116997,0.07850059448909401,True,1.1918317188969845,0.050341781378270695,True
1060,1.119234564554659,0.07097758297059306,True,1.1763043248572698,0.04381120296507919,True
1061,1.1166929484705692,0.06896834197234873,True,1.191999736479416,0.04244473509589474,True
1062,1.2113801683505383,0.08211239439813166,True,1.2505895995788427,0.04297056845549475,True
1063,1.1583822744578258,0.09276585716788642,True,1.1702536553745737,0.04990625774480058,True
1064,1.3104389164640502,0.07024841619229734,True,1.2474137428356376,0.04307825083802025,True
1065,1.2755689099870184,0.07691072505880402,True,1.3088931316231331,0.04959684921795657,False
1066,1.1461042490968303,0.06446941833559341,True,1.195822646107015,0.0423864421982842,True
1067,1.2492536149327196,0.06659652353999956,True,1.1713495271253322,0.05554295600734834,True
1068,1.36972289978619,0.19444662916832137,True,1.2819700201539228,0.0625605111841556,True
1069,1.1879809050799055,0.07193661976217429,True,1.1349384346420506,0.04381945877504321,True
1070,1.2386051806357385,0.06566969704988922,True,1.235363649432591,0.045550240274810666,True
1071,1.2438151312654986,0.06798429954314948,True,1.219121004372992,0.043112289913241925,True
1072,1.1541086493047863,0.06373493788256455,True,1.1917320841301986,0.0492877127154276,True
1073,1.1527058356089952,0.0713503832757458,True,1.2273195623362052,0.042029679657715174,True
1074,1.2194806803523883,0.06742488256868147,True,1.1764230087181273,0.04462731226497981,True
1075,1.1972175988341325,0.0847344363849408,True,1.2594290913462658,0.04310056707402557,True
1076,1.2451876785589133,0.0779883942889509,True,1.240227876629375,0.04848564594007555,True
1077,1.143389369832181,0.06880274992453837,True,1.221947243964716,0.04193393246760008,True
1078,1.18821976077767,0.06693781774907628,True,1.1752880622892055,0.04315785477524111,True
1079,1.1819927888539945,0.0790433415531266,True,1.1983826154246862,0.04635874271947448,True
1080,1.109521922561502,0.08317945935590114,True,1.134155092451049,0.047690117106558585,True
1081,1.1653736809331547,0.06371992214767064,True,1.1772713001964465,0.045974030248972855,True
1082,1.2394773193326343,0.07533979244924001,True,1.1437229153960748,0.0475537599567373,True
1083,1.2637031354612236,0.10572059472488145,True,1.1485662952329183,0.042756341541824866,True
1084,1.281587676485211,0.07722276857846942,True,1.2614437388554096,0.05012447502042036,True
1085,1.110538492362653,0.09268195647997378,True,1.1437659929807364,0.04421903090006075,True
1086,1.1552476094599518,0.09627020578510127,True,1.1887753737305509,0.04992480571172566,True
1087,1.2468806817761449,0.0836030648515786,True,1.226112379119595,0.04854474415888546,True
1088,1.2605160067810794,0.06604827271551614,True,1.241766516345894,0.044563026349319954,True
1089,1.2428629319061515,0.0755502063537602,True,1.168538485122907,0.049868436222453336,True
1090,1.252067136015555,0.07202960793483186,True,1.2045385269783355,0.04246807130209584,True
1091,1.2492412255817344,0.06806068554694443,True,1.2426248261006763,0.041460906041472165,True
1092,1.1622008064524187,0.0657330065470119,True,1.1788255159994656,0.041754676478094443,True
1093,1.1993589571197,0.07161206095709303,True,1.2203330757432589,0.04717903418315538,True
1094,1.1075815152490285,0.06928526403155562,True,1.1842230370019016,0.046382152796350565,True
1095,1.1709865439345972,0.07001055735595481,True,1.2104097595640044,0.045330159597835915,True
1096,1.1847051399073956,0.07381554002925042,True,1.1882028346651938,0.047564859944964025,True
1097,1.1248320654120698,0.0683837586117633,True,1.1820819121025734,0.04240739019972327,True
1098,1.1214538923303412,0.06859246215765806,True,1.1827780786262705,0.04229252422432553,True
1099,1.051215202788515,0.07387646776777614,False,1.1380145774816983,0.04223593428644293,True
1100,1.0500265963362583,0.0754939957939219,False,1.214985451867905,0.04691842416675685,True
1101,1.1849228346714706,0.06287600732544257,True,1.1867721632926795,0.04646611807047317,True
1102,1.1755363856671404,0.06852812793105464,True,1.1901613407641116,0.0450813114992737,True
1103,1.2418733966933801,0.11831524146719691,True,1.2359102092505996,0.048620598130347116,True
1104,1.149779978634531,0.06584809141005747,True,1.2147875433223658,0.041155694026667335,True
1105,1.29025167551427,0.08551864988472853,True,1.1836246762451752,0.04446536092753444,True
1106,1.1763527477336997,0.07265169960942279,True,1.2101201246914148,0.048105133985338194,True
1107,1.2012430352139714,0.07490140013689932,True,1.2188234683456203,0.04418906197270108,True
1108,1.1058125914093158,0.06977873834375442,True,1.2237307033761395,0.042709223506833385,True
1109,1.2448302943645184,0.0721116278088329,True,1.2218432433497588,0.0443041087363269,True
1110,1.142974057437786,0.09124136825985842,True,1.1797937586262006,0.04375972955024945,True
1111,1.2178353883367394,0.0644319621713542,True,1.1985168305555234,0.04284677534438183,True
1112,1.1744418437506325,0.0682450356335433,True,1.1747913920186166,0.04372888548972311,True
1113,1.2443940625294703,0.13329833236698022,True,1.2013470908432777,0.04365063463158863,True
1114,1.1660111965449824,0.07980332219606912,True,1.1917506544451837,0.04827335929397421,True
1115,1.037332003394366,0.080181507780065,False,1.167285469534164,0.04452255470219185,True
1116,1.120290268658531,0.07314886558252803,True,1.1502257350895913,0.048052442129096075,True
1117,1.083415633085905,0.0662685838608602,True,1.1780852100454657,0.043080522407476715,True
1118,1.114371749939457,0.06682082286640312,True,1.157889320470425,0.0422441013102643,True
1119,1.2320444491174556,0.0728998277020966,True,1.1831819807483999,0.04362055175893318,True
1120,1.2919073816932076,0.06980751564737528,True,1.2699694009042883,0.046081498067108484,True
1121,1.061378420975003,0.06776040103195384,False,1.1792112485713273,0.042794904246835706,True
1122,1.2609228553575098,0.07988744579182935,True,1.206453821856187,0.044892530849084136,True
1123,1.093233974522882,0.06623793696621565,True,1.1902184578977388,0.044349919115373,True
1124,1.1992438001803132,0.07087272671643415,True,1.226344254222166,0.04256990846030806,True
1125,1.2280170091667273,0.07540379964637046,True,1.1871885421062496,0.049306906999871405,True
1126,1.210849173491247,0.07576816840707423,True,1.2191910265187085,0.04566546263696267,True
1127,1.133735919574922,0.07342544617529238,True,1.2477797205172079,0.044130415638199985,True
1128,1.2629399089641271,0.06886268198774574,True,1.2401631340877868,0.04286249701747372,True
1129,1.1731385893317632,0.06679049630541753,True,1.1613944793540611,0.046497020288401844,True
1130,1.305091324886122,0.06685444131049019,True,1.2629539703091084,0.04314889702855397,True
1131,1.2048155908495306,0.06532429551187878,True,1.2135325098147764,0.044662331087907924,True
1132,1.3154391517888966,0.07118859489484304,True,1.226449186011108,0.04412317611906592,True
1133,1.1107474606274468,0.08343834264171095,True,1.1873255159983946,0.043263803869001125,True
1134,1.2764530483181697,0.1774353991233616,True,1.1281150287428043,0.0480176946123112,True
1135,1.2478301257781235,0.07238096748951907,True,1.2285557917811563,0.04484250395769969,True
1136,1.0638896824798802,0.06885813808747591,False,1.1516616213373763,0.04646166373204207,True
1137,1.3405897355018372,0.06665971117039571,False,1.2781148963173277,0.043617974037705606,True
1138,1.1573805314623218,0.06749090690683827,True,1.1640834166592753,0.0463455045073103,True
1139,1.1197747465560672,0.06559234663440461,True,1.2111378457299953,0.04168324728141992,True
1140,1.1510674470992164,0.07778862617369849,True,1.2099811933892406,0.04659855020101082,True
1141,1.261427790428162,0.09878848822818598,True,1.2573605721438086,0.04373977489361649,True
1142,1.0748169758457764,0.07042336022130509,True,1.2357608838037917,0.04038381358268348,True
1143,1.1617607699702208,0.07263750539699149,True,1.2211940814484958,0.04340705431727845,True
1144,1.2383445419366237,0.07114054881218522,True,1.2943038395845097,0.0455816671859452,False
1145,1.1448927079260809,0.0662130741383817,True,1.2180003480258896,0.04356670112764667,True
1146,1.2604826822038864,0.06688708329200814,True,1.209447711028302,0.04468246767991908,True
1147,1.2985516177564593,0.06622139761432078,True,1.2638268457274051,0.04596564872826146,True
1148,1.1594625198872917,0.0735095449778888,True,1.2211063461718092,0.048403401615859036,True
1149,1.2818103290074556,0.07082619662546338,True,1.214585007024286,0.044214263542851504,True
1150,1.1040765949796658,0.06282891724589965,True,1.149636737188334,0.04143778993464648,True
1151,1.3115656500927162,0.09141020556786986,True,1.2532527078924567,0.044193268950296884,True
1152,1.0718172725619217,0.07151767907402434,True,1.1534100819140458,0.04293919751655053,True
1153,1.1983108154007989,0.08922913616240687,True,1.1941758629670018,0.04691360106027395,True
1154,1.093706577486375,0.0654756258675347,True,1.1762873327142176,0.04417366998638312,True
1155,1.2360065129004925,0.0754159143981604,True,1.2370236263784553,0.0481157749705188,True
1156,1.3155806776790206,0.07518144203152348,True,1.2060732937394882,0.04269519699235895,True
1157,1.2642854204560725,0.07180519299382689,True,1.195616427692008,0.044271196088347675,True
1158,1.2527798770782086,0.06345707629994168,True,1.3198930311427273,0.04168967292248145,False
1159,1.235705795086645,0.06173029111252617,True,1.1891645960450876,0.04507857402528792,True
1160,1.1270646118684584,0.06525429468554089,True,1.216758860797105,0.04171477769642555,True
1161,1.0291024002228166,0.07042454883935158,False,1.1507565158458002,0.04281350940694182,True
1162,1.3375335912314705,0.0809400184647155,True,1.2652019041134581,0.046524722783886814,True
1163,1.0714247915787203,0.08649128509546837,True,1.0890948312115551,0.044091415396638495,False
1164,1.0486651695975495,0.07326021360439681,False,1.130130402500009,0.042322319760434296,True
1165,1.1231161958111517,0.0674971696186768,True,1.2203912912047044,0.045880949819770096,True
1166,1.265851516419336,0.09074246217276279,True,1.2298891797716236,0.0431731304370319,True
1167,1.0979913842663986,0.06387965578119266,True,1.20286759876407,0.04225008531547648,True
1168,1.2626528301810314,0.07385466880385849,True,1.2312744127144917,0.04278943958905636,True
1169,1.3648583749250693,0.06460414067996474,False,1.3001359047312167,0.04269595366521059,False
1170,1.2225524709034683,0.07292988375297113,True,1.2647123770449116,0.04857793667506168,True
1171,1.148484362991963,0.07253519138681758,True,1.233129087621379,0.04377618765374089,True
1172,1.1161040659846928,0.0686535324024994,True,1.1503538990654427,0.045418736711215345,True
1173,1.1287864434538135,0.06867997645084627,True,1.1995522541588621,0.04735225261412359,True
1174,1.2421041486230175,0.06652938333723062,True,1.215669869823199,0.042382143449604094,True
1175,1.2577425813873317,0.07517655045087075,True,1.223246185054125,0.07166779889895816,True
1176,1.2026630340163293,0.06869678621240699,True,1.2009107119070395,0.042045557414033784,True
1177,1.178995490363735,0.06441034511451119,True,1.1922925967575853,0.04178124644113851,True
1178,1.2202614682986033,0.06295480736318562,True,1.2053146173852787,0.04233101323745498,True
1179,1.3049898039393062,0.0639233715945269,True,1.164368352600442,0.04478659788361838,True
1180,1.042159126139493,0.07211197812570849,False,1.1547177287152655,0.04174292076276018,True
1181,1.1688641695862136,0.08801387157137472,True,1.176302651402708,0.04186849594358558,True
1182,1.0392620755788362,0.07106615284555712,False,1.075056588539678,0.04459511798217403,False
1183,1.2813163205323232,0.0668879462050225,True,1.2248877869417776,0.04510662277363447,True
1184,1.0878462492628915,0.06908642832008542,True,1.203021434046581,0.043548003624260166,True
1185,1.1782561739685038,0.0647715339277109,True,1.1748580142490472,0.04141256594742174,True
1186,1.202716381971679,0.06996097641751788,True,1.2161090847653362,0.04397789399073531,True
1187,1.1232125390038072,0.07145123876586493,True,1.2526261483533758,0.04491139712571221,True
1188,1.2038386626691944,0.06852926295571193,True,1.2374055429567843,0.04660623896033231,True
1189,1.2853763292676965,0.06307365454669994,True,1.2554245728543594,0.041824136402054374,True
1190,1.1765585924763107,0.062362872756501396,True,1.213141416969975,0.04280607035155347,True
1191,1.2990458887636498,0.0872946265441171,True,1.2249684890117083,0.049358131944473346,True
1192,1.264111717555932,0.10617927047352108,True,1.2152446888695914,0.06710373024350517,True
1193,1.039971397713241,0.06657443348653419,False,1.1445164129101175,0.04493649339927463,True
1194,1.1852695826259034,0.068515539947834,True,1.2063389394924473,0.0427933776555886,True
1195,1.1317122450336161,0.06683911603191404,True,1.1904129859314045,0.04307033623852232,True
1196,1.0066745536372752,0.07364896606951447,False,1.1974814517073746,0.04445355357985616,True
1197,1.1664200171064076,0.06591429030123265,True,1.1380749014436773,0.045107715393723005,True
1198,1.0643640326271715,0.07120834624261466,True,1.1391817029138054,0.0416502744893933,True
1199,1.204050951207296,0.07382564642273029,True,1.2135429844579755,0.044257035898341957,True
1200,1.304817683703489,0.08824822740494723,True,1.2670113153136946,0.0509573854595346,True
1201,1.1933765539131502,0.07126353295030816,True,1.195305489487893,0.04392094905636848,True
1202,1.286891552874464,0.0659174673040618,True,1.2950449446241918,0.04440669725198496,False
1203,1.1265570222689567,0.07009099535559993,True,1.2161196962333942,0.04412180725842074,True
1204,1.2212409892143798,0.07176952176732376,True,1.2017040501099865,0.04512662717456808,True
1205,1.2058951592549212,0.10626340692298028,True,1.2334532165680285,0.04540803495211301,True
1206,1.1885312705275055,0.066295621564321,True,1.1375189072952778,0.04550702281204689,True
1207,1.223906653754883,0.06635599227476116,True,1.1843371545468309,0.04378729310504605,True
1208,1.0336484491196802,0.06241886798764906,False,1.1145544480776632,0.04128061718295093,False
1209,1.1807247842544046,0.06560687839739124,True,1.1744056478719416,0.041542895144224205,True
1210,1.1991923521073793,0.06760699082625066,True,1.183715329521645,0.042971504351671734,True
1211,1.2569556984043353,0.09627547665369937,True,1.1523490813422705,0.05243652319456276,True
1212,1.1173842259747435,0.06857179116220946,True,1.228652116016378,0.04579169491744357,True
1213,1.1035115637620698,0.07746074614293043,True,1.1703854532594937,0.045760047991039735,True
1214,1.1455183462912242,0.06796825979763975,True,1.1818383270087776,0.04543327707624947,True
1215,1.1925131682873984,0.07399151585059227,True,1.1977550676062334,0.04404254872322124,True
1216,1.157744330791974,0.08251511080398855,True,1.2073603418264374,0.04527409115171174,True
1217,1.1629222531718666,0.07088093383999768,True,1.1838506494870662,0.042984960377025296,True
1218,1.220951514122742,0.08724926975455644,True,1.21597641793209,0.0592959474075816,True
1219,1.1715202091125305,0.07920691243909167,True,1.1812440853400779,0.046669243698396076,True
1220,1.320088600156861,0.12697350858562267,True,1.2198344592117676,0.04488956184746851,True
1221,1.235595543961894,0.0813692419859938,True,1.2527235608641196,0.06892935971379113,True
1222,1.1996290091748278,0.07057566338564654,True,1.1953422536702265,0.04744168570740715,True
1223,1.2463343010649544,0.07027636843255329,True,1.2314703000500422,0.04529294754414476,True
1224,1.1555021791567546,0.0710180850043728,True,1.127342469787815,0.045576495036058665,True
1225,1.1862045822120475,0.0733745430936509,True,1.243357468720575,0.045162676317245534,True
1226,1.0560118540313812,0.07464815307947624,True,1.1590438567045085,0.042052369438285324,True
1227,1.2545291805759806,0.06333614182319806,True,1.22696361435561,0.04377358043337234,True
1228,1.2607230482200402,0.06519559034037635,True,1.2069702093771597,0.0423071101143841,True
1229,1.1995369735169565,0.0706388697808993,True,1.1774156915891119,0.04865264161181905,True
1230,1.2897464943485786,0.11340732413407141,True,1.0834124221662116,0.049415464864206185,False
1231,1.218597360841944,0.06603751259293972,True,1.194352501943945,0.04351814688823497,True
1232,1.1337894224890943,0.06469560127872082,True,1.1396272172075301,0.044599564540708084,True
1233,1.096983464462628,0.07066934332695621,True,1.122146395235104,0.04633420144421722,True
1234,1.065662474088271,0.07535405685261203,True,1.0623922547242588,0.04778301556873398,False
1235,1.3034177063442272,0.06916215462756065,True,1.2440007818697023,0.046619996837738015,True
1236,1.2777792598376523,0.06791487394128393,True,1.2799184395765506,0.043324333289051595,True
1237,0.9952341416860215,0.12121080426291471,True,1.2325143589500762,0.041652855309419284,True
1238,1.1714584208479064,0.06389485085066536,True,1.2282063275633155,0.04156688358342634,True
1239,1.148093741499272,0.06622336448173329,True,1.1938254884806239,0.044027351849375874,True
1240,1.033443707401371,0.08313267265342897,False,1.1849674347569987,0.05127114607141941,True
1241,1.1039436291392994,0.0733648644925574,True,1.1229040738902833,0.04668284701950676,True
1242,1.2166951747810564,0.07174183031587687,True,1.2214922900114666,0.04288486157834622,True
1243,1.2117023333594992,0.07136565295540348,True,1.2337214099868796,0.046144515302540774,True
1244,1.1694504913747765,0.07005884500270236,True,1.175903520623099,0.044048403008879564,True
1245,1.1721331924674079,0.08000689212084454,True,1.192227082823959,0.04310782145697929,True
1246,1.1713095425077733,0.06897331272628811,True,1.2024138272316318,0.04189191900098905,True
1247,1.1654494951701826,0.06636443448177823,True,1.1722302511857718,0.0420561154092072,True
1248,1.2023743937313989,0.06890815293256299,True,1.2156378091654572,0.05107409012736539,True
1249,1.307562618407798,0.09526327943005952,True,1.158337895825704,0.04755904545813281,True
1250,1.1449462841436782,0.06367702371077515,True,1.183056221981709,0.041962342167539635,True
1251,1.1540615690006069,0.07438019381964943,True,1.2282331196351661,0.04188586042210245,True
1252,1.1380142267383464,0.06669813593157417,True,1.1846397770347517,0.045198045223941316,True
1253,1.0280368338026207,0.07259546313944154,False,1.1229303843923915,0.04214838023885453,True
1254,1.2251078141684917,0.06666770751888697,True,1.2527340112023868,0.041742059320005104,True
1255,1.218656795296234,0.0734078719690863,True,1.2527023808672213,0.04471226282433599,True
1256,1.0923407175026785,0.09332317943252348,True,1.2074275880385144,0.043728291268809984,True
1257,1.0938005544020093,0.06820900001164998,True,1.0784800360238722,0.05929497601326905,False
1258,1.1286884049712715,0.06360783687524435,True,1.1321514805716224,0.042849593693964697,True
1259,1.0149969722910537,0.06680247185771755,False,1.1781769235949864,0.042345990681462845,True
1260,1.2907517892265046,0.0656193158721371,True,1.2455423776633383,0.044121795186053955,True
1261,1.1763520957356377,0.08351684351473478,True,1.207091506470131,0.04525223516695058,True
1262,1.111612064479509,0.06636246901829407,True,1.117737251539932,0.04432993883308073,True
1263,1.2062704369374586,0.07383994238067482,True,1.228890601418353,0.04264576296334879,True
1264,1.1350609506187568,0.07991039017003722,True,1.1972762319628043,0.04208943926968215,True
1265,1.2492705535195476,0.06329245495080635,True,1.1848652059507474,0.048393323942429255,True
1266,1.1286043193319113,0.07417934234521127,True,1.1607392234412284,0.046032752389640795,True
1267,1.1473122366865296,0.07824836140333957,True,1.1349457941262315,0.045418607043906246,True
1268,1.2624747058330217,0.06676507434083379,True,1.2564869504208158,0.041688066350374614,True
1269,1.2448299471831588,0.063765628872386,True,1.2268047451546626,0.043690758431268295,True
1270,1.1707623929400865,0.08475852918250865,True,1.1533062006164423,0.047826900671000414,True
1271,1.1826067432456122,0.06172945339067876,True,1.1832929938615175,0.043335971327839284,True
1272,1.203970822185096,0.06635893321640865,True,1.2685565711245477,0.0433784286463235,True
1273,1.2492338442760709,0.06900944831117227,True,1.217414512474939,0.04804684098227766,True
1274,1.28755432771504,0.07089239708060353,True,1.2441503587724905,0.043478031729150574,True
1275,1.143989122634885,0.07938995177696005,True,1.177397331237536,0.050616681566599375,True
1276,1.0882710396308668,0.0702895265950499,True,1.1380480213769861,0.045165097393725866,True
1277,1.0141420937437526,0.06229037454691669,False,1.1464656743053305,0.04195964604503032,True
1278,1.2387659814984724,0.0635434510093191,True,1.2209764894491915,0.04492786396107257,True
1279,1.050181366472862,0.06865207423556617,False,1.172957039111752,0.04404479213263993,True
1280,1.2827330426565846,0.09164354829308285,True,1.1682030664538197,0.0684371837160838,True
1281,1.1365201824036475,0.07197628932483366,True,1.1262781195600233,0.043177086479768596,True
1282,1.2479556939854115,0.06682137054876952,True,1.172379326673102,0.04422030986740568,True
1283,1.2111692154333447,0.06394063065322396,True,1.1920285582211765,0.04233692334858227,True
1284,1.1676621288213194,0.0692522411304499,True,1.1731283746069168,0.043402370184969015,True
1285,1.2811696476686176,0.07807934486875052,True,1.2405352034425543,0.0438016193844334,True
1286,1.3355370006090226,0.06673930902343325,False,1.2681006542266182,0.047585797479558475,True
1287,1.2286654249960327,0.06885681958371519,True,1.2166918146013659,0.0470576686239352,True
1288,1.131364359739009,0.0693151583251038,True,1.176423173612511,0.04174768018289781,True
1289,1.2205759189964496,0.06797960847096601,True,1.1843330707187378,0.04780319979676216,True
1290,1.2104289953924294,0.07781260427646744,True,1.1624951004272037,0.0437411396981096,True
1291,1.3688817516585765,0.06257431436634268,False,1.2541175080038218,0.04398177950579651,True
1292,1.1041092970169772,0.07195891071759807,True,1.1547161361046419,0.04638940689106048,True
1293,1.2788481668877685,0.09351238019617149,True,1.2310798315744265,0.04599508034986548,True
1294,1.1130556492389423,0.07382750945571943,True,1.1534181603127664,0.045939605000972446,True
1295,1.1260583301776121,0.06524720265692835,True,1.2002091832362056,0.04181902327034892,True
1296,1.2773205718716278,0.09990139571306007,True,1.1296451612837513,0.04325845806361744,True
1297,1.2654275225808098,0.09541166078760928,True,1.2406101205814635,0.044836561407296596,True
1298,1.1720949455325573,0.06928986118468679,True,1.2190957178797357,0.045606944543429354,True
1299,1.1070735899557045,0.07842221074865764,True,1.2110588735131975,0.04142934105549149,True
1300,1.2457560771777123,0.0717239070586237,True,1.1606564686802034,0.04165606936443234,True
1301,1.103407493825366,0.0703874063395834,True,1.1310043245663026,0.04396642659162558,True
1302,1.246947775786247,0.06824001953329725,True,1.2037878605055738,0.046383192029346,True
1303,1.2994816616900595,0.06339235008098681,True,1.2900949484428597,0.04514406180452832,False
1304,1.1577144631038716,0.07494205631386279,True,1.2266933958289818,0.04879568164428119,True
1305,1.1803433750323975,0.06709814119428054,True,1.1943256934869042,0.04090452048355883,True
1306,1.1582890376136454,0.07830906498514346,True,1.207475293242595,0.04955367583000991,True
1307,1.1636321140172265,0.07891226207425923,True,1.206346727861206,0.04251900130922539,True
1308,1.319670571676931,0.06272988044523205,True,1.2352025642187086,0.04458116702692757,True
1309,1.1186633263629475,0.06577474628578799,True,1.2104065976239786,0.046446648558604635,True
1310,1.1977444128550123,0.06337879142308339,True,1.2193509963014655,0.04206660330757457,True
1311,1.3876192483084462,0.11509468285186113,True,1.23720152444553,0.04616650463893285,True
1312,1.3533224231462397,0.07401358071028333,False,1.28154676009687,0.05465645721304301,True
1313,1.0804537132363223,0.0712826875952702,True,1.1437883026125668,0.042472047259249295,True
1314,1.0435185174442356,0.06765359075926476,False,1.1616849348721543,0.04332078124245076,True
1315,1.270276134444421,0.07233751563545132,True,1.2963009849359446,0.041618044911134244,False
1316,1.20288588804919,0.06734322787862297,True,1.1771708621866992,0.04547392191741114,True
1317,1.2652010824405482,0.08342139430802348,True,1.2037225262731135,0.04284627935666355,True
1318,1.1950373333283533,0.10224328367592216,True,1.1831244618391696,0.052564265155851,True
1319,0.9695970852679552,0.06822438455463677,False,1.150123871188555,0.042042405468694644,True
1320,1.14195908713192,0.07380970435104614,True,1.159367905884739,0.04388572312933019,True
1321,1.2175199107640222,0.06715591613257034,True,1.2076425207699737,0.04338915403707469,True
1322,1.3362754663768228,0.07118616439079226,True,1.283688622167106,0.0432978421438538,True
1323,1.1296315682089102,0.07210633466450753,True,1.1890110203113022,0.04352238065124147,True
1324,1.3348267932423155,0.06920379660059715,True,1.2715766860027715,0.04664089415124526,True
1325,1.2626614988573754,0.08020594237273115,True,1.257661500397123,0.04192841023115419,True
1326,1.1230734743948594,0.06376743411270826,True,1.1702595933278348,0.04246183399543381,True
1327,1.2363720047261693,0.08337855473417359,True,1.2395329360439964,0.04331820451783776,True
1328,1.2404049621620936,0.18081766566259058,True,1.1379123631337602,0.06160917255972325,True
1329,1.310717436896754,0.14853560396562868,True,1.1791890506100549,0.04442186401941873,True
1330,1.287855593149847,0.07147303092173649,True,1.2071958614159697,0.046073127770840154,True
1331,1.190238479202711,0.07095418256757098,True,1.2384983023062168,0.04282607099906874,True
1332,1.388280085715298,0.07210673185986506,False,1.2404551655598195,0.04913604308612665,True
1333,1.2510358361623715,0.07226315974605121,True,1.1864819182027426,0.04585755435857708,True
1334,1.289420533102028,0.07081142432864794,True,1.1876885680374636,0.04416531484787178,True
1335,1.1092087781543876,0.0640412578543016,True,1.1637488075295448,0.042289997054133076,True
1336,1.304312230946299,0.06741756744313064,True,1.2789092466605108,0.044118317840851996,True
1337,1.2491316653268265,0.07427700131539193,True,1.2079831234240372,0.04875019371425935,True
1338,1.0958760542903305,0.07690281078725743,True,1.0618892706099845,0.04324708815809516,False
1339,1.2357087605806418,0.06673204221421139,True,1.2126681027136528,0.043106196060265896,True
1340,1.1710245053154216,0.06487884766531098,True,1.191967853849362,0.044079411745666625,True
1341,1.1761082578968147,0.08874887207738764,True,1.1957940822261746,0.050435241198161056,True
1342,1.2845956845552369,0.06758000932470022,True,1.2070923747768165,0.04145247506478544,True
1343,1.0960568281156766,0.06640943193328942,True,1.2189074046757395,0.04342187680366828,True
1344,1.1250375442073541,0.0782293675424539,True,1.111222161705506,0.04908285463519849,True
1345,1.2662165463186468,0.06791457938907103,True,1.2333990713239826,0.044042008866652944,True
1346,1.17203360255751,0.0701147638617556,True,1.246270462086561,0.04323394364944406,True
1347,1.1870755958517643,0.06704705241276439,True,1.154606860919712,0.043342585838021926,True
1348,1.1709642002476415,0.06562575138421609,True,1.2151106983731836,0.04244850831229537,True
1349,1.2282552557663555,0.07721044657598632,True,1.1648370404744648,0.044878391150290485,True
1350,1.0847268160480752,0.06471860088699383,True,1.1451153724700462,0.04535433797020774,True
1351,1.2776018681374268,0.06886875263425188,True,1.279995843199772,0.046098884838254965,True
1352,1.1565648290823665,0.06912558448127759,True,1.1854784076508813,0.04328390367294875,True
1353,1.138843755187909,0.07621920460886325,True,1.1540285962594234,0.04245918417064769,True
1354,1.191637911663857,0.06285992518667899,True,1.198344157209153,0.04165463456462756,True
1355,1.1722633141876415,0.0709386595400048,True,1.1062006458713205,0.046344064574765816,False
1356,1.1477406492807913,0.0659039444347128,True,1.2646766068898536,0.04252914407222554,True
1357,1.1568325709081582,0.07722009691612701,True,1.1802834460548706,0.04209254401658116,True
1358,1.2112550084860048,0.06351078990543568,True,1.2402907701289394,0.040558771953556685,True
1359,1.2778753909372855,0.06608455117941264,True,1.2829352630406734,0.044982748649682415,True
1360,1.2067605883927215,0.06830246531333085,True,1.1997304138113731,0.041953923449598515,True
1361,1.1684088660170238,0.0755076310030623,True,1.1538440023819783,0.04832164531924868,True
1362,1.3223379629372791,0.06949318403738583,True,1.2515824931476214,0.042316894121631414,True
1363,1.2215978889204864,0.07125723122161293,True,1.2182860639363975,0.04468024712475965,True
1364,1.2356816070992476,0.06826039559230206,True,1.1766758334800858,0.04357810599233202,True
1365,1.337398357866151,0.06908407127892226,False,1.1963194672648847,0.04503722146375139,True
1366,1.3114334904108933,0.13925412231810644,True,1.1919726020484496,0.045197679188220215,True
1367,1.1541754053287856,0.06541859225921921,True,1.2336339659104287,0.042869805360103375,True
1368,1.1762966180528167,0.07889840256713582,True,1.1798308751463897,0.05029944858196255,True
1369,1.3366892337952,0.06656165160277203,False,1.3049966952245105,0.04383973144121306,False
1370,1.1518935813687288,0.0734850877632374,True,1.1783330544938602,0.04562872764182878,True
1371,1.186684605461088,0.06498978701544593,True,1.19801223651069,0.04332226391182771,True
1372,1.1224298374485742,0.0675488396558063,True,1.1190886473028423,0.04154887970397263,True
1373,1.1320043874608914,0.06843559370257526,True,1.1761502039769016,0.04474219524091123,True
1374,1.4155293177809363,0.08791182418433642,False,1.2403178211263193,0.048618485268345384,True
1375,1.274044246854647,0.06788421365748562,True,1.2655536632526523,0.0426776540020708,True
1376,1.2917868908344352,0.08600013092155837,True,1.1429927031774245,0.060454262089096725,True
1377,1.2993125515388644,0.06527509313639503,True,1.2641457074646973,0.04037472856782783,True
1378,1.2182591728502645,0.0595267104020594,True,1.2161769303201755,0.040384056361016094,True
1379,1.0326186693707127,0.07012886789903061,False,1.1444130708302582,0.04385015801799811,True
1380,1.204030323978427,0.09546855243041588,True,1.2954909686147418,0.04485423656973983,False
1381,1.0774047440881676,0.07738220596616238,True,1.119864287425284,0.0443012532208038,True
1382,1.1742797193401229,0.07013928211007273,True,1.1500033877391342,0.05270210315184102,True
1383,1.0174592069672062,0.06901285282059666,False,1.1770025182672021,0.041444259112527505,True
1384,1.1797975887814565,0.06116603154682598,True,1.1662652416226396,0.04327234333687768,True
1385,1.143532060824377,0.06625848979842579,True,1.153463012102586,0.04414165021179289,True
1386,1.1683969021670095,0.07216650917582453,True,1.21654729064688,0.04456831037763125,True
1387,1.3337739760731089,0.0649222052570878,False,1.2624422637442485,0.040825719265450304,True
1388,1.2467220612913623,0.06675560146792141,True,1.2587949524221413,0.043359625771029815,True
1389,1.2880282821805598,0.06389616278488766,True,1.2200474071923044,0.04294748411545426,True
1390,1.0895691779434111,0.07045344688481837,True,1.1707025643364355,0.04486177021109439,True
1391,1.0751208707493132,0.0829232097945772,True,1.1537133445485013,0.04503486375195266,True
1392,1.14765433503997,0.06332066376390601,True,1.2074526535697043,0.04176391703312525,True
1393,1.2880110018135573,0.06372747135681159,True,1.255612686740416,0.04354346026281852,True
1394,1.215696920279171,0.06685527853874673,True,1.2909645200972515,0.04111307626100481,False
1395,1.1741036355526533,0.07127073439290277,True,1.1941371001423668,0.044386464854536796,True
1396,1.121640441014112,0.07102657561213237,True,1.241688263034869,0.04530138039093188,True
1397,1.2568616138542457,0.06302366962768588,True,1.2473862332033494,0.04516831713832804,True
1398,1.1951093594893085,0.0647640202795001,True,1.2433025680655772,0.0428200905272361,True
1399,1.2424443785541381,0.0668115324508618,True,1.2076900861015143,0.04789359344015685,True
1400,1.1186220114764935,0.06725911168827226,True,1.2086736572815506,0.0425732165910673,True
1401,1.1763207353896992,0.06643905376761033,True,1.265982518711468,0.04180322700036741,True
1402,1.0766537287906253,0.07794001827482916,True,1.1870113026355908,0.04375343898754402,True
1403,1.2315796112048603,0.06838757293742581,True,1.24558422842167,0.04519900051735752,True
1404,1.3247069450860467,0.06231646669016857,False,1.2688156319851835,0.045068822143063646,True
1405,1.174170542444233,0.06293929941525826,True,1.2178222772680243,0.04411867175151572,True
1406,1.2111847193103173,0.08441235835370435,True,1.2288677260216272,0.046062399403507134,True
1407,1.2504873611187894,0.06643528840635608,True,1.2192653995523055,0.045306977272158794,True
1408,1.1956583915949675,0.09856028649755977,True,1.2525714341825052,0.0408937968779661,True
1409,1.2425427043861899,0.06562695879438617,True,1.1942328930401773,0.042965650258151994,True
1410,1.1559595346130878,0.07335808519369255,True,1.211267884308307,0.043061039587541004,True
1411,1.1572100486997943,0.07068123207626732,True,1.223027066873544,0.04299977014532375,True
1412,1.2699458842219051,0.0659995368415706,True,1.293648320140787,0.042068722480025265,False
1413,1.356187164909989,0.15188330302696224,True,1.198320294886425,0.047264005837124125,True
1414,1.1817378177234488,0.0668158546547625,True,1.2370416023415909,0.044279558916048865,True
1415,1.3554045403198947,0.09934598358492484,True,1.2204723926039585,0.04714763965608044,True
1416,1.263456436201024,0.06702596368841866,True,1.2642954608230588,0.04289928958286667,True
1417,1.2009935641862908,0.08390301062970647,True,1.2720397061957314,0.04411986494653299,True
1418,1.3215347523495211,0.06623616502719909,True,1.2889268229313915,0.04313752684545129,False
1419,1.1794538353228297,0.06282978552883786,True,1.2162104594435954,0.044288604110223874,True
1420,1.2593189890867835,0.06500613745492052,True,1.2091106481523128,0.04286005809885152,True
1421,1.1633807909637202,0.06865705463477229,True,1.1090203753411951,0.04394518630507262,False
1422,1.168445609090229,0.07041195385208744,True,1.2299049595864238,0.04306243927402012,True
1423,1.1907134930062964,0.06984909086227359,True,1.218333677501158,0.041828841860199195,True
1424,1.1752935842394654,0.07033344592834109,True,1.1576077299845071,0.05168997419173282,True
1425,1.353822984181767,0.07328288083347202,False,1.307334956491391,0.042997680254158926,False
1426,1.2633973548442803,0.06668949937176932,True,1.233873085508894,0.04343836758113458,True
1427,1.222282447728376,0.06962687903542335,True,1.24792631016919,0.041275130076219545,True
1428,1.1711948949544504,0.06654151887865206,True,1.184250417494586,0.04529298610293687,True
1429,1.2233428943769498,0.06773497093792638,True,1.1754132606247805,0.044120517404464994,True
1430,1.178980684171103,0.06572278312164592,True,1.2094087031802156,0.042788665603480776,True
1431,1.2033436780292774,0.07253456411027363,True,1.2321220358149854,0.04795032093746093,True
1432,1.2103354676651743,0.08096163161276171,True,1.200113696602708,0.04195817648258603,True
1433,1.1734301310321937,0.06381051383718538,True,1.2330807229455008,0.04354332249620701,True
1434,1.2235726177369115,0.07742048454191636,True,1.2237588866897429,0.0476354011097915,True
1435,1.197613171931144,0.06764357827388014,True,1.1810362052660544,0.04416511821631438,True
1436,1.0086954853853347,0.07303021274875891,False,1.0925076510451441,0.045161388777094365,False
1437,1.3679127781308162,0.11018025746662899,True,1.3128663978541335,0.06693443875042043,True
1438,1.2791383404829055,0.06267847946801144,True,1.2491977195554436,0.044499966866745795,True
1439,1.21286482101169,0.0661017855757835,True,1.2321199909535976,0.04321787567955748,True
1440,1.1315728560004166,0.11815028978395019,True,1.2013951659273026,0.06947868410741762,True
1441,1.1599778826287006,0.08453229858800021,True,1.1733096506225842,0.046827820715273645,True
1442,1.212634948419815,0.07559452612752966,True,1.2131374942985536,0.04476879178416451,True
1443,1.228695943790874,0.10470632672081673,True,1.245427417828334,0.04491267952043506,True
1444,1.126925511340395,0.07298836054593634,True,1.1295498862653515,0.04411687041379111,True
1445,1.2246016012298189,0.0678726432380996,True,1.2514985901791493,0.042871911789749945,True
1446,1.2870115885388318,0.06638476016064099,True,1.2068255346272034,0.04228807385306496,True
1447,1.1772396693271765,0.06982303294555982,True,1.2103812923963368,0.04572194581762883,True
1448,1.2081309395011515,0.06515179105115604,True,1.1815122941165086,0.04175183161445641,True
1449,1.2205055321588543,0.06577998479509453,True,1.2347444754047388,0.04237603487119835,True
1450,1.222711152690894,0.06517413571708498,True,1.254100302103466,0.04185690582895944,True
1451,1.2580143723800394,0.06305561384514584,True,1.2525043749531848,0.042535784957367366,True
1452,1.2980326305459302,0.06541318222197073,True,1.261588638325692,0.041213367165238365,True
1453,1.2474892567487912,0.0631106577729182,True,1.2133532078708094,0.04100636456944887,True
1454,1.1391319541405875,0.06352743010436504,True,1.1980295895093012,0.041610917821031254,True
1455,1.2447397778591465,0.06877786698461125,True,1.2048623778953313,0.043712262308374994,True
1456,1.2607553110013587,0.07038721042445611,True,1.1687715808247185,0.04407803138432983,True
1457,0.9974579295794997,0.06673882605960227,False,1.086435121707006,0.04403679133369852,False
1458,1.0920349447494793,0.08635386920266543,True,1.1364272043369448,0.04330274245280473,True
1459,1.150392021042023,0.08132030385476503,True,1.111155544400439,0.04613812327414635,True
1460,1.147567628832794,0.0718958608900166,True,1.1109609954089106,0.05572789358750818,True
1461,1.2143034479224308,0.06515631491041807,True,1.1772416455347254,0.04398634387749019,True
1462,1.2855345940878506,0.07297369306169518,True,1.24935384973148,0.04584181231222888,True
1463,1.0982484364300464,0.08474448506960414,True,1.1423529776336356,0.04605227270695432,True
1464,1.0550328731132192,0.06409419709349645,False,1.14856011174145,0.04332710123824866,True
1465,1.1335924547545047,0.07144780369811493,True,1.1308693806414507,0.043453276400426066,True
1466,1.2194819874621692,0.09244850125876439,True,1.174727660129637,0.04444035147197545,True
1467,1.4062324982823513,0.09132456832672652,False,1.1990927621780374,0.04842184947791643,True
1468,1.0614417813366075,0.07226125451181074,True,1.086186369710812,0.04542139655440344,False
1469,1.1393878734869538,0.07138656156705733,True,1.1678087716868442,0.04429397055012912,True
1470,1.190178572648119,0.079038133448527,True,1.1957387689298373,0.04629675264875433,True
1471,1.2532842645214397,0.0798926378164051,True,1.165813787923299,0.04833650283319528,True
1472,1.1692790423486963,0.07066784811502833,True,1.214991027396953,0.0449756147062967,True
1473,1.3665163480004086,0.07436796603017472,False,1.274269476921251,0.04540960488076488,True
1474,1.1257401491399741,0.06889165984945933,True,1.1201120754864566,0.04584695396555963,True
1475,1.1449818335454456,0.07209563303234831,True,1.1734583410397965,0.04650411394137304,True
1476,1.2278201280421106,0.0671102216242544,True,1.1898080411540863,0.044640138862699255,True
1477,1.2906417478121797,0.0691891835711738,True,1.2340391989875366,0.04337640374113028,True
1478,1.2615518219711246,0.07350758848363574,True,1.2090313286470291,0.04652972187801648,True
1479,1.1146788150190567,0.06941039041399054,True,1.2432403015080886,0.04486645090130256,True
1480,1.3081353235835986,0.07236265172446195,True,1.2793338844808322,0.04335902550627914,True
1481,1.1783761273875963,0.06628196242884549,True,1.2216987483811947,0.04458765769265532,True
1482,1.098754003565532,0.0669512911424665,True,1.2051530683218148,0.04380105240469317,True
1483,1.1935948703882333,0.06923578336366118,True,1.1996381267761012,0.044384914927883365,True
1484,1.1923413293590417,0.07561085417426149,True,1.1440809823534817,0.05624896852782665,True
1485,1.3083901987250866,0.07074857443499075,True,1.267775145684996,0.04410375088208971,True
1486,1.287698886433868,0.06738822819174882,True,1.1974388544854364,0.043442631579377076,True
1487,1.230968379891694,0.07090942114987392,True,1.1338083016549465,0.0460336238180446,True
1488,1.288223066176826,0.06469122609872918,True,1.2182941671382486,0.04645019673646105,True
1489,1.1589181716059054,0.07050385668033667,True,1.2545024801915818,0.048791212616075684,True
1490,1.149433307622733,0.06349828585568358,True,1.1878048207923966,0.04288437636934497,True
1491,1.1076213461766284,0.08749558292451283,True,1.1117827864685266,0.042915529715511616,False
1492,1.1573275039429143,0.06733525721495193,True,1.1804922800827156,0.04299045109307769,True
1493,1.168212434993697,0.07583232012873391,True,1.197148918084585,0.04522484807151351,True
1494,1.2035320480736187,0.06685795721261568,True,1.2129483567935646,0.043286741359582374,True
1495,1.286905034964153,0.1471016878153876,True,1.2052113084668845,0.05198138103688519,True
1496,1.099972649076792,0.07857734692437757,True,1.1197135459713612,0.04799236628145847,True
1497,1.2813540136902222,0.08393879719004162,True,1.2183518877198667,0.05004860161276982,True
1498,1.2232401540926545,0.06636580482148008,True,1.191709972213703,0.044528333360935646,True
1499,1.2207342533759573,0.07197794090500201,True,1.2078527473396683,0.042317971841978136,True
