seed,unadjusted,unadjusted_closer_to_att,psi,se,ci_low,ci_high,covers,flex_q_lin_g_psi,flex_q_lin_g_covers,lin_q_flex_g_psi,lin_q_flex_g_covers,both_linear_psi,both_linear_covers,attention,cal_slope,trunc_default,trunc_0.05,psi_move_0.05,trunc_0.1,psi_move_0.1,trunc_0.2,psi_move_0.2,rv,rva,nu2,strong_cf_y,strong_gain_y,strong_cf_d,med_cf_y,med_cf_d,med_rho,bound_lower,bound_upper,limit_lower,limit_upper,seconds
6000,0.1987637766,True,0.1602517761,0.005484517745,0.1495023188,0.1710012333,True,0.1589861301,True,0.1546192675,True,0.1392134226,False,,1.030393256,0,0.001333333333,-9.619668787e-06,0.009666666667,-0.0001523327893,0.069,-0.000541988626,0.4118242968,0.3900396436,4.635206977,1,1.313130663,0.01387734427,0.09314484926,0.04864921132,-0.05348072208,0.1396553717,0.1808481804,0.1305352292,0.1898469099,15.8158673
6001,0.2043879591,True,0.1632007971,0.005606865481,0.1522115427,0.1741900515,True,0.1622755632,True,0.1650609632,True,0.1448628922,False,,0.9579658068,0,0.0006666666667,-3.40120581e-06,0.009666666667,-0.0001354529824,0.064,-0.0003352354254,0.4228553514,0.4023822347,4.601013899,1,1.201133311,0.09085529283,0.07862283461,0.03661580065,0.08738405116,0.147172712,0.1792288821,0.1379069002,0.1884337634,16.0534812
6002,0.1848260868,True,0.1538892432,0.005603121139,0.1429073276,0.1648711589,True,0.152123595,False,0.1497068308,True,0.1261238515,False,,0.953046827,0,0.001,-1.083688852e-05,0.008666666667,-0.000649075795,0.064,-0.0009711640804,0.4182786543,0.395530384,4.419020738,1,1.351156945,0.0622941795,0.1201003197,0.03782033436,0.01900390405,0.1346092562,0.1731692303,0.1252669688,0.1823080615,16.119629
6003,0.1985874972,True,0.1689384465,0.0053487677,0.1584550545,0.1794218386,True,0.1688399898,True,0.1656931733,True,0.1414683434,False,,0.9735030058,0,0.001,-1.366891087e-05,0.007333333333,0.0001984679505,0.05433333333,0.0002444022562,0.4477489014,0.4279165333,4.442581281,1,1.489609634,0.06268153632,0.1239348959,0.03507654251,-0.0370162923,0.1501183857,0.1877585073,0.1413038162,0.1965875667,15.7587548
6004,0.1937000382,True,0.1565825303,0.005736926865,0.1453383603,0.1678267004,True,0.1572836299,True,0.1556222413,True,0.1330079193,False,,0.9470674696,0,0,0,0.011,0.0001406709424,0.08733333333,0.0001973280657,0.4088969674,0.387715343,4.540881188,1,1.212566416,0.1341771075,0.1022469053,0.04656237392,0.0563819745,0.1357780194,0.1773870413,0.1263082664,0.1868429763,16.2650616
6005,0.1871328769,True,0.1613779429,0.005418582875,0.1507577156,0.1719981701,True,0.1596859748,True,0.1571196064,True,0.1353634483,False,,0.9219782329,0,0,0,0.001,-7.507398539e-06,0.041,-0.0003493352727,0.4224602848,0.4029544334,4.422464134,1,1.206111882,0.04719040578,0.1047904035,0.04331545788,0.05065857667,0.1413817624,0.1813741233,0.1324124099,0.1902585871,16.224193
6006,0.20146304,True,0.1661713621,0.005637158923,0.1551227337,0.1772199906,True,0.1644447526,True,0.1599674854,True,0.145809438,False,,1.02107988,0,0.0003333333333,0.0001885594631,0.006333333333,0.0003069519012,0.04666666667,-0.0009973192167,0.4306793052,0.4069115956,4.392032224,1,1.206631726,0.1478001465,0.1084682611,0.07615387343,-0.17156943,0.1386431391,0.1936995851,0.1292296887,0.2030471533,16.2740923
6007,0.1834393164,True,0.1605883979,0.005691687484,0.1494328954,0.1717439004,True,0.1605170026,True,0.1591446583,True,0.1358953401,False,,0.9589810901,0,0.001,-3.705550996e-06,0.007666666667,0.0002025475567,0.06166666667,-0.0007430827227,0.4119355974,0.3910714141,4.497825737,1,1.203334504,0.06959692798,0.09293528123,0.04420692085,0.01150366213,0.1409886363,0.1801881595,0.1315773352,0.1895453701,16.1065706
6008,0.2053499506,True,0.1707267293,0.005535629195,0.1598770954,0.1815763632,True,0.1684910477,True,0.1673995586,True,0.1413347985,False,,1.001464578,0,0.001333333333,-2.057221872e-05,0.017,-0.0004232500082,0.072,-0.001984260772,0.4386488554,0.4176803932,4.713041609,1,1.263280314,0.06114262423,0.1180965022,0.07752395701,0.03969061521,0.141675751,0.1997777076,0.1323823595,0.2087886459,16.0345624
6009,0.1836268414,True,0.1558174925,0.005886764671,0.1442796458,0.1673553392,True,0.1559475196,True,0.1532331127,True,0.1331978343,False,,0.8880002098,0,0.0006666666667,-3.936136554e-06,0.01033333333,-0.0001875904765,0.06066666667,-0.0005815147217,0.4124339977,0.3900039349,4.377726251,1,1.265930667,0.03926907866,0.1115324659,0.04672153598,-0.01294643679,0.1344063718,0.1772286132,0.1246327897,0.1868732805,16.3978262
6010,0.1936359118,True,0.1583465676,0.005529231842,0.1475094724,0.1691836629,True,0.1599370934,True,0.1560002249,True,0.1434948244,False,,0.9571406614,0,0,0,0.002,0.0008286702875,0.04266666667,0.0013556296,0.4306995921,0.410977173,4.264168721,1,1.392668546,0.0662039194,0.1203070855,0.06459527627,-0.05284572981,0.1330622554,0.1836308799,0.1240484506,0.1928891821,16.1349343
6011,0.1866879273,True,0.1633324864,0.005503862817,0.1525451135,0.1741198593,True,0.1609206655,True,0.1600084674,True,0.1355270611,False,,0.9493122569,0,0,0,0.002666666667,-0.0006236206877,0.04166666667,-0.001270301906,0.4414788401,0.4187291355,4.311537676,1,1.304760511,0.04532568285,0.1135250505,0.0382426583,-0.1602227244,0.144755741,0.1819092318,0.1355201266,0.1908191267,15.9517793
6012,0.2060475692,True,0.1664481827,0.005623253259,0.1554268088,0.1774695565,True,0.1655999263,True,0.1632269983,True,0.1500846293,True,,0.9375428805,0,0.0003333333333,-7.891915896e-06,0.006333333333,-5.29661457e-05,0.06933333333,-0.0006219694685,0.427472103,0.4070604647,4.541792455,1,1.324449206,0.08040707457,0.07307329079,0.07181715195,0.01739579495,0.1442944832,0.1886018821,0.1349508772,0.1977989014,15.634925
6013,0.1950492849,True,0.1631862538,0.005530886173,0.1523459161,0.1740265915,True,0.1641167178,True,0.1598449716,True,0.1417124628,False,,0.9783000676,0,0.0003333333333,-1.08471787e-06,0.004666666667,1.324252241e-05,0.057,-0.0003099637341,0.4226931901,0.4026630126,4.547977481,1,1.258156064,0.1091308535,0.08070030855,0.03388713649,0.09707304973,0.1475798527,0.1787926548,0.1384434964,0.1878737404,15.1943868
6014,0.1932706216,True,0.1620133509,0.006320347338,0.1496256977,0.174401004,True,0.1612828201,True,0.1608967027,True,0.1421595785,False,,0.9931558187,0,0.005666666667,-0.0008286224858,0.017,-0.002144291141,0.05366666667,-0.002006348014,0.4272457862,0.38618326,4.23030535,1,1.200319573,0,0.09849388929,0.04601545529,-0.06518953199,0.1422325897,0.181794112,0.1309855766,0.1916918837,15.4336969
6015,0.205619173,True,0.156444048,0.005718628852,0.1452357414,0.1676523546,True,0.1567021736,True,0.1555293118,True,0.1432390633,False,,0.9790483835,0,0.0003333333333,-1.562511483e-07,0.007333333333,0.000174833347,0.06266666667,0.001124861629,0.4070808434,0.3868660324,4.613942113,1,1.233897968,0.07781231168,0.1171145768,0.03768357986,0.1113753623,0.1364040015,0.1764840945,0.1269937933,0.1859231214,15.6141364
6016,0.1944043013,True,0.1553337317,0.005649101429,0.1442616963,0.166405767,True,0.1535580906,True,0.1531796354,True,0.1358279401,False,,0.9675694316,0,0.003333333333,-4.706133326e-05,0.015,-0.0004674211804,0.054,-0.001859238919,0.4095134746,0.3877596686,4.754667319,1,1.401822935,0.1054651755,0.1243889879,0.1378926325,0.2273730622,0.1142203315,0.1964471319,0.1046432169,0.2056108249,15.4413695
6017,0.2030729582,True,0.1690344595,0.00544687416,0.1583587823,0.1797101367,True,0.1693820366,True,0.1701720752,True,0.1491757277,True,,0.9486820808,0,0.0006666666667,-5.345969765e-06,0.006333333333,-2.421590034e-05,0.059,0.0001871903192,0.431970883,0.4126884641,4.549772301,1,1.218260754,0.06494252255,0.0825854789,0.07098591628,-0.01652572025,0.1456065862,0.1924623329,0.1365874245,0.2014096049,15.3771426
6018,0.199360542,True,0.1644786334,0.005504390566,0.1536902262,0.1752670407,True,0.1630292687,True,0.1615342418,True,0.1413180177,False,,0.9316385247,0,0,0,0.003,-1.31159654e-05,0.056,-0.0005758802164,0.4217464657,0.401757318,4.486423493,1,1.17439293,0.07228767269,0.1094283378,0.03215761485,0.1474530392,0.1465964032,0.1823608637,0.1374751968,0.1913747536,15.4777399
6019,0.2010477682,True,0.1658749104,0.005425948955,0.1552402459,0.1765095749,True,0.164247485,True,0.1629003073,True,0.137992,False,,0.9623612209,0,0.002,6.008362699e-05,0.017,-0.0001632491471,0.07666666667,-0.0008193105314,0.4362615825,0.4112141366,4.409214453,1,1.266331235,0.07751452748,0.09434410475,0.0001525547499,0.3971224565,0.164791792,0.1669580288,0.1558614166,0.1758778442,15.6620161
6020,0.1973341441,True,0.1617260519,0.005520287484,0.1509064873,0.1725456166,True,0.1599708692,True,0.1602055246,True,0.1407651344,False,,0.9228454184,0,0.001333333333,-1.842449388e-05,0.01066666667,-7.376561094e-05,0.06333333333,-0.0006382863962,0.421632135,0.4012797728,4.553195411,1,1.258940437,0.2673735718,0.1157073644,0.03002238315,0.1529882618,0.1442690128,0.179183091,0.1351348731,0.1882389298,15.4706184
6021,0.2079429802,True,0.1711847336,0.005647209966,0.1601164055,0.1822530618,True,0.1691342008,True,0.1647440868,True,0.1441413526,False,,0.9822491754,0,0.001333333333,-4.706052328e-05,0.012,-0.0002050623702,0.08933333333,-0.001433086116,0.4282781853,0.4070242517,4.743476506,1,1.249891609,0.1275241148,0.1458084045,0.4556786553,-0.0460530177,0.06559434245,0.2767751248,0.05519665103,0.2864764712,15.3898032
6022,0.1827192452,True,0.1531293449,0.005489694053,0.1423697423,0.1638889476,True,0.1525563927,True,0.1486576878,True,0.128294801,False,,0.9215624133,0,0.0006666666667,-1.076822356e-05,0.006,-5.579917393e-05,0.04,-0.0004609156516,0.4022303201,0.3817257641,4.485050321,1,1.345093378,0.07656868036,0.1126679718,0.01909217651,-0.1094719462,0.1393456891,0.1669130008,0.1302637223,0.175905618,15.5194195
6023,0.2135302211,True,0.1631342892,0.005766569449,0.1518320208,0.1744365576,True,0.166363319,True,0.1679653623,True,0.1504624146,True,,0.9803411074,0,0.002333333333,8.31070204e-06,0.01333333333,0.0009916355916,0.06866666667,0.001920980087,0.4184594532,0.3983993308,4.547858175,1,1.217089153,0.1120960294,0.09495434341,0.07927413444,0.2964070661,0.1362536326,0.1900149458,0.126838985,0.1996735424,15.7050863
6024,0.1927349997,True,0.1659185762,0.005648660596,0.1548474049,0.1769897475,True,0.1619542978,True,0.1642786946,True,0.1358024822,False,,0.9533594664,0,0.001,-2.378953183e-05,0.01033333333,-0.0003514641542,0.06166666667,-0.001687771648,0.4366289628,0.4139766539,4.396732909,1,1.372835181,0.03001540714,0.1075285125,0.02246520523,-0.01949200538,0.151740065,0.1800970874,0.1423559603,0.1893259802,15.8465503
6025,0.2008345791,True,0.170826242,0.005594019303,0.1598621657,0.1817903184,True,0.1705446203,True,0.1644123015,True,0.1437108018,False,,1.012104317,0,0.004,6.925505129e-05,0.01166666667,0.0001557021754,0.06233333333,-0.0005172390229,0.4265465368,0.4049582096,4.65367439,1,1.192489694,0.05819222245,0.103442049,0.04436805656,-0.05786138581,0.1498090018,0.1918434822,0.1405515875,0.2010810315,15.525806
6026,0.2108141859,True,0.1644157453,0.005577883147,0.1534832953,0.1753481954,True,0.16329574,True,0.1604066074,True,0.1471204477,False,,0.9583824656,0,0.001333333333,-1.05002077e-05,0.01333333333,-0.0001304729246,0.07066666667,-0.000611853285,0.4192481211,0.3992411292,4.789130779,1,1.168470688,0.1636491027,0.1091268992,0.02730278096,-0.04638379577,0.1478752655,0.1809562252,0.1386602948,0.1901170934,15.5063373
6027,0.1952057177,True,0.1671750502,0.00558931961,0.1562201851,0.1781299154,True,0.1662032689,True,0.1673092296,True,0.1465930316,False,,0.9152698837,0,0.0003333333333,-1.251621175e-06,0.007,-0.0001944312893,0.04833333333,-0.0009320671097,0.4306442464,0.4102198624,4.389046551,1,1.250634258,0.04006846182,0.08638781301,0.06987740497,0.1460121806,0.1435773763,0.1907727242,0.1342748038,0.1999055564,15.8133747
6028,0.1993098127,True,0.1598383075,0.005575413159,0.1489106986,0.1707659165,True,0.1573959512,True,0.1555792942,True,0.13602495,False,,0.992157044,0,0,0,0.006,0.0001754560934,0.053,-0.001260564012,0.424799621,0.4034809069,4.373502991,1,1.440747253,0.07247759253,0.09639189145,0.0117993887,0.155169294,0.1501570053,0.1695196098,0.1409498922,0.1786643705,15.7339638
6029,0.2037725553,True,0.169151026,0.00564097467,0.1580949188,0.1802071332,True,0.1669952623,True,0.1646613809,True,0.1460509206,False,,1.002024958,0,0.002,-2.507012209e-05,0.01366666667,-0.0006484130411,0.067,-0.00198948102,0.4276162629,0.406183694,4.739792506,1,1.374779202,0.07222614915,0.09725766217,0.104974091,-0.05821129136,0.1371879008,0.2011141512,0.1276787637,0.2102840076,15.7539127
6030,0.2034217536,True,0.1639739765,0.005811234605,0.152584166,0.1753637871,True,0.1626878677,True,0.1622835683,True,0.145186068,False,,0.9323742455,0,0.0006666666667,-0.0002503184669,0.005,-0.000862029834,0.05066666667,-0.001444524649,0.4407265392,0.4147036117,4.297658527,1,1.374823689,0.01837277691,0.1317891252,0.01403278107,-0.3808111634,0.1519236655,0.1760242876,0.1422041078,0.1854507505,15.6267059
6031,0.200807402,True,0.1715477393,0.005597365141,0.1605771052,0.1825183734,True,0.1698734203,True,0.1683013491,True,0.1508311223,True,,0.9773794562,0,0,0,0.001666666667,-8.819339369e-05,0.04266666667,-0.00118307528,0.4421279242,0.4218659435,4.370910172,1,1.255522068,0.04981093292,0.1293463373,0.03360901103,0.1172217443,0.1521105768,0.1909849017,0.142802527,0.2001175258,15.2325331
6032,0.1993568757,True,0.1672823962,0.005795989051,0.1559224665,0.178642326,True,0.1656157283,True,0.1629223135,True,0.1351373032,False,,0.9522139228,0,0,0,0.002666666667,-0.0001085763605,0.078,-0.001131424064,0.4318767043,0.4104346137,4.468843025,1,1.218202259,0.09328122562,0.1259728986,0.009479394881,0.08068562383,0.1571454096,0.1774193829,0.1475604212,0.1869107024,15.5357404
6033,0.1944854155,True,0.1688433685,0.005545601166,0.1579741899,0.179712547,True,0.1666685992,True,0.1665840621,True,0.1420390999,False,,0.9612809835,0,0.001666666667,1.042216663e-05,0.01166666667,0.0001398806386,0.061,-0.000496727626,0.4428540894,0.4205265138,4.470265918,1,1.372922713,0.06506977251,0.1294875994,0.06618565875,-0.04161957272,0.1415803718,0.1961063651,0.132329996,0.2052518629,15.6677391
6034,0.1882555751,True,0.1636272786,0.005385140583,0.153072597,0.1741819602,True,0.1621575062,True,0.158896515,True,0.1380736296,False,,0.9855174101,0,0.002333333333,-6.771357528e-06,0.01466666667,-0.0001462672104,0.06166666667,-0.0009465568142,0.4159255553,0.3965175509,4.753054798,1,1.276062235,0.0383594442,0.127206931,0.1024483416,-0.06765738606,0.1273986136,0.1998559437,0.1184004767,0.2086894052,15.5661739
6035,0.216038457,True,0.1739052839,0.005644248475,0.1628427602,0.1849678077,True,0.1715332149,True,0.1735968519,True,0.1565227676,True,,0.9537293892,0,0.001,-1.152671325e-05,0.01066666667,-0.0001747545496,0.06533333333,-0.001549254038,0.4485117704,0.4270803172,4.398555869,1,1.245846028,0.0846768733,0.09436262169,0.000613394115,0.8770416396,0.1717139423,0.1760966256,0.1624215219,0.1853727778,15.6186875
6036,0.193742872,True,0.1662123732,0.005469133042,0.1554930694,0.176931677,True,0.1641674328,True,0.1636937103,True,0.1457599006,False,,1.017968783,0,0.002,-5.006232446e-06,0.01,-0.0006103761464,0.05533333333,-0.001582341259,0.428212989,0.407091726,4.618736567,1,1.218549125,0.07805374106,0.0896834926,0.0330552665,-0.05855310504,0.1499607622,0.1824639842,0.1408486589,0.1913709059,15.2986185
6037,0.1973482454,True,0.1659545152,0.00575553141,0.154673881,0.1772351495,True,0.1648313353,True,0.1625420051,True,0.1414429674,False,,0.9595063564,0,0.001333333333,0.001458386376,0.007333333333,0.00133518455,0.06566666667,0.001079879368,0.5026077211,0.3749697673,2.813990658,1,1.168089061,0,0.1080175906,0,1,0.1659545152,0.1659545152,0.1564875085,0.1754215219,15.4814301
6038,0.1931144651,True,0.1595166303,0.005563712995,0.1486119532,0.1704213074,True,0.15950634,True,0.1569201145,True,0.1431283049,False,,0.9547838001,0,0.002,-6.306807716e-06,0.007,-4.410428409e-05,0.04533333333,-0.0001486849692,0.4083449404,0.3884547074,4.645261814,1,1.285245914,0.08416060394,0.09511583833,0.0440360772,-0.1213800943,0.1396271672,0.1794060934,0.1304127414,0.1885230393,15.7165033
6039,0.1983453447,True,0.1651987678,0.005387190622,0.1546400682,0.1757574674,True,0.1639808248,True,0.16452357,True,0.1445190402,False,,0.938349643,0,0.0006666666667,-3.333240496e-06,0.007666666667,-8.666384142e-05,0.05533333333,-0.0008425381363,0.4358943061,0.415994748,4.514244506,1,1.383952272,0.03556857301,0.1269789815,0.0631728577,0.09255583906,0.1388592816,0.1915382539,0.129897505,0.2003610113,15.4809959
6040,0.205825239,True,0.1708226728,0.005685729871,0.159678847,0.1819664986,True,0.1694546922,True,0.1717220286,True,0.1499655339,True,,0.9809480562,0,0,0,0.005,-7.815102366e-05,0.05266666667,-0.0007903565947,0.4351110757,0.4141857063,4.440693395,1,1.209231264,0.06818271206,0.09345905234,0.008930684702,0.4975316653,0.1622596332,0.1793857124,0.1528673653,0.1887050828,15.383254
6041,0.2106772923,True,0.1762385149,0.005605978595,0.1652509987,0.187226031,False,0.1735918516,True,0.1737299841,True,0.1533476207,True,,0.967912791,0,0.0003333333333,-2.994754106e-06,0.007666666667,-0.0001186501012,0.063,-0.001115497605,0.4434955357,0.4235070914,4.615360137,1,1.192451782,0.09088500379,0.1241852303,0.02878490457,0.03666620938,0.1582537172,0.1942233126,0.1489532364,0.2033931026,15.5887387
6042,0.2105876699,True,0.1691303587,0.005696263981,0.1579658864,0.1802948309,True,0.1699624227,True,0.164922425,True,0.14976915,True,,1.013869305,0,0,0,0.003,3.902515661e-06,0.06866666667,0.0007176847197,0.4359522036,0.4161002873,4.598225258,1,1.336007287,0.08471616546,0.1266866485,0.06228949651,-0.07829826921,0.1424015816,0.1958591358,0.1329836063,0.2052398852,15.7238262
6043,0.1865841649,True,0.1500187248,0.005521826348,0.139196144,0.1608413056,False,0.1483047177,False,0.1505452514,True,0.1259410672,False,,0.997155224,0,0,0,0.001666666667,0.0002499226194,0.068,-8.024505343e-05,0.4029332483,0.3819889458,4.423075593,1,1.356546793,0.04250036298,0.1603667922,0.03477794623,0.06976306694,0.1281502055,0.171887244,0.1190125715,0.1809648482,15.0870014
6044,0.2060475675,True,0.1758812922,0.005460905675,0.1651781137,0.1865844706,False,0.1747296237,False,0.1708301437,True,0.1466378585,False,,1.024634846,0,0.001666666667,0.0001433741162,0.007333333333,0.0007049220222,0.07366666667,-0.0001255790096,0.4517555941,0.432336867,4.581035248,1,1.319982366,0.1056606447,0.1463694007,0.03525295668,-0.1032876634,0.1547989234,0.196963661,0.1458590206,0.2060598264,15.4196531
6045,0.2058388989,True,0.173143182,0.005454692652,0.1624521808,0.1838341831,True,0.1725075169,True,0.1677949086,True,0.1518295597,True,,1.006157173,0,0.0003333333333,-3.377155087e-06,0.004,7.943372459e-05,0.063,-0.0006168948523,0.4433710698,0.4236572586,4.571381357,1,1.304657997,0.07559443811,0.1128612953,0.03635054235,-0.03806139079,0.1541328653,0.1921534987,0.1451004446,0.2011024244,15.6661887
6046,0.1929527026,True,0.155851813,0.005804785182,0.1444746431,0.1672289829,True,0.1566111887,True,0.1539566799,True,0.1355966205,False,,0.9731153872,0,0.001,8.659797578e-05,0.01033333333,0.0008431593861,0.07033333333,0.0007016456553,0.4095261526,0.3886818377,4.493296623,1,1.236304127,0.07800773428,0.1170570509,0.04937781882,-0.06918299635,0.1330488481,0.178654778,0.1235592337,0.1883385412,15.7875445
6047,0.2000987924,True,0.1565656086,0.0054331933,0.1459167454,0.1672144718,True,0.156070969,True,0.1577180795,True,0.1420989056,False,,0.9431738645,0,0.0006666666667,-2.93786584e-05,0.005,-1.582439034e-05,0.04566666667,9.561662621e-05,0.4282222922,0.4067999289,4.32445243,1,1.385407389,0.1380613008,0.1099400776,0.003734306517,0.3231030892,0.1509533701,0.1621778471,0.1420027979,0.1711051508,15.677683
6048,0.1959864322,True,0.1661211303,0.005781054332,0.154790472,0.1774517886,True,0.1630611604,True,0.162975169,True,0.142640508,False,,0.9115582587,0,0.001666666667,-3.055183033e-05,0.01366666667,-0.0004139700774,0.06066666667,-0.001828957028,0.4237851979,0.4026054809,4.635910459,1,1.16801919,0.1164298249,0.1140526354,0.1290822758,-0.0957011972,0.1274338051,0.2048084555,0.1177050089,0.2142380171,15.6391817
6049,0.2109218252,True,0.1625647957,0.005744251914,0.1513062688,0.1738233226,True,0.160681915,True,0.1589426337,True,0.1445877412,False,,0.9309745242,0,0.0003333333333,-4.477803766e-06,0.007,-0.0003190381285,0.05533333333,-0.000330003988,0.4287190945,0.4076277574,4.461851237,1,1.332508987,0.1314272697,0.09999138654,0.02580881679,-0.1018031932,0.1478137851,0.1773158063,0.138324772,0.1867445235,15.377987
6050,0.1871670256,True,0.1597446163,0.005581878747,0.148804335,0.1706848976,True,0.1592334189,True,0.1577414967,True,0.1354555396,False,,0.915532257,0,0,0,0.003,0.0001165774905,0.04733333333,0.0006776668038,0.4201075434,0.4003360198,4.346423312,1,1.265071608,0.005507230202,0.1158624614,0.03875614146,0.2238664217,0.1399537715,0.1795354611,0.1307598231,0.1887369804,15.481179
6051,0.190735804,True,0.1566776002,0.005778019511,0.14535289,0.1680023103,True,0.1566169663,True,0.1598313332,True,0.1331319981,False,,0.9281188553,0,0.0006666666667,8.003801823e-05,0.005333333333,0.000691045218,0.05433333333,2.933867897e-05,0.4291311544,0.4042889074,4.009317807,1,1.297204762,0.01011115097,0.09848901812,0.008884293253,-0.3654454268,0.1484811047,0.1648740957,0.1389920497,0.1744155747,15.6256909
6052,0.1906242238,True,0.1572836783,0.00574836261,0.1460170946,0.168550262,True,0.1565013412,True,0.1510139378,True,0.1319870139,False,,0.9698456474,0,0.004,-3.574782671e-05,0.011,-0.0001340973024,0.05533333333,-0.0001584409139,0.4023485977,0.3812469934,4.711691728,1,1.202606353,0.05715196116,0.1091198285,0.07601822078,-0.1137939971,0.1286495398,0.1859178168,0.119088008,0.1953523174,15.5353958
6053,0.1992925022,True,0.1579369584,0.005589647055,0.1469814515,0.1688924653,True,0.1587809552,True,0.1579535992,True,0.1334991067,False,,0.9206653075,0,0.0003333333333,1.141669924e-07,0.008666666667,-5.212061048e-05,0.071,0.0006686580099,0.4214972288,0.4001874666,4.369822471,1,1.354413366,0.07523646058,0.09315270702,0.07033256901,0.008578189635,0.1340118485,0.1818620682,0.1247654182,0.1910840911,15.4654166
6054,0.2029311292,True,0.1620346682,0.005574658476,0.1511085383,0.172960798,True,0.1614502683,True,0.1604941551,True,0.1449208639,False,,1.008543092,0,0.0003333333333,-4.55370231e-08,0.003333333333,4.940907858e-05,0.04766666667,0.0001557741117,0.4234261336,0.4033150508,4.48283918,1,1.318514003,0.08635681058,0.08109146352,0.05297112024,-0.1217856275,0.1424650074,0.181604329,0.1332574526,0.1907710745,15.3249925
6055,0.1939496912,True,0.1612030482,0.005535588659,0.1503534938,0.1720526026,True,0.160185203,True,0.1575829698,True,0.1363956415,False,,0.9584460428,0,0.0006666666667,-4.546917422e-06,0.007,-4.347046971e-05,0.076,-0.0008023104353,0.418949131,0.3988916706,4.676400276,1,1.373118592,0.02801971085,0.05965244265,0.04010747086,0.01374006315,0.1465598992,0.1758461972,0.1374100876,0.1849236518,15.4888824
6056,0.1872432063,True,0.1619971282,0.005404995528,0.1514035316,0.1725907247,True,0.1605635491,True,0.1598488449,True,0.135884781,False,,0.9624916258,0,0,0,0.003,-1.133032217e-05,0.05733333333,-0.0005415608236,0.4296196181,0.4097167661,4.481094748,1,1.373120256,0.05440817184,0.1108903429,0.04226168283,-0.1231771829,0.1420765323,0.1819177241,0.1331170568,0.1907704179,15.4467562
6057,0.1997805247,True,0.1748628125,0.005734591074,0.1636232205,0.1861024045,False,0.1724253289,True,0.1710661939,True,0.142554701,False,,0.9744427063,0,0.0006666666667,-1.227429581e-05,0.01133333333,-0.0001636842883,0.09266666667,-0.000553307453,0.4429026251,0.4217873555,4.724876402,1,1.326638911,0.0592436895,0.08587233636,0.04724426872,-0.1024793195,0.155633437,0.194092188,0.1461130363,0.2034812325,15.4946529
6058,0.203887008,True,0.1678304084,0.005619368856,0.1568166479,0.178844169,True,0.1665828281,True,0.1654074497,True,0.148766274,True,,0.9951289659,0,0.003,-0.0001216464417,0.015,-0.0002572114355,0.07733333333,-0.0001618262155,0.4306050674,0.4076873066,4.649763247,1,1.260752135,0.04603772579,0.1400376431,0.1344045012,-0.03769705026,0.1244623357,0.2111984811,0.1148451079,0.2204558477,15.3307808
6059,0.19687604,True,0.1641736441,0.005745942648,0.1529118035,0.1754354848,True,0.1633885965,True,0.1642430331,True,0.1437525277,False,,0.9440564178,0,0,0,0.002333333333,0.0001475896827,0.06133333333,-0.0005393888652,0.4273291664,0.4065484551,4.383684455,1,1.243470518,0.02609304158,0.1063597436,0.04379709136,0.1156229043,0.1438814186,0.1844658697,0.1343698571,0.1938937286,15.536722
6060,0.1945116249,True,0.1684801079,0.005699062786,0.1573101501,0.1796500657,True,0.1677321815,True,0.1637282391,True,0.1403714176,False,,0.9357848549,0,0.0003333333333,-1.844386557e-06,0.007666666667,-0.0005177391653,0.064,-0.001615436488,0.4411088612,0.4183519074,4.348736585,1,1.213833598,0.04139574225,0.1133680226,0.06924622901,-0.06476546177,0.142256502,0.1947037137,0.1326764407,0.2039739695,15.367478
6061,0.2034563574,True,0.1594823018,0.005672406757,0.1483645888,0.1706000147,True,0.1575271828,True,0.1616331936,True,0.1417362746,False,,0.9675675785,0,0.003333333333,-7.5706932e-05,0.018,-0.0004878466195,0.08,-0.001770493765,0.4118690097,0.3883850736,4.662678541,1,1.285086367,0.0875763021,0.0722940127,0.05435715965,0.2589262923,0.1403394611,0.1786251425,0.1308599987,0.1878784831,15.3112154
6062,0.2014882567,True,0.1652496487,0.005427224511,0.1546124841,0.1758868133,True,0.1647366763,True,0.1610192498,True,0.1445590593,False,,0.9615731599,0,0,0,0.001,-6.303465518e-07,0.03833333333,-9.556578529e-05,0.4340834397,0.4146732492,4.443967873,1,1.289826563,0.06789827992,0.1001223168,0.04311503633,0.04311885946,0.1460145913,0.1844847061,0.1370349369,0.1933848987,15.2844697
6063,0.1809343028,True,0.1527687178,0.00539937885,0.1421861297,0.1633513059,True,0.1495407343,False,0.1478854693,False,0.1278802262,False,,0.9503760123,0,0.0006666666667,-2.882351249e-05,0.01266666667,-0.0001060542805,0.065,-0.001297602726,0.4060716067,0.385198876,4.574142501,1,1.289275301,0.1560687286,0.1494259501,0.1234327423,-0.1538045068,0.1107120913,0.1948253442,0.1016074944,0.2036795069,15.6232264
6064,0.1957200925,True,0.1633204186,0.005478838405,0.1525820926,0.1740587446,True,0.1637401431,True,0.1549534624,True,0.1313857881,False,,0.9947552652,0,0.001,-3.759567607e-06,0.01333333333,0.0001408306486,0.07633333333,0.0005666224003,0.4227821607,0.4028887871,4.763903769,1,1.354426734,0.0663765996,0.09799053174,0.07249748469,-0.03655779933,0.1376348206,0.1890060166,0.1285684354,0.198034585,15.7573841
6065,0.196910433,True,0.1643197904,0.005267357565,0.1539959593,0.1746436215,True,0.1642572089,True,0.1621187859,True,0.1386652206,False,,0.978267219,0,0.0006666666667,2.03011192e-05,0.016,0.0003129299419,0.06766666667,7.26491003e-05,0.4354463801,0.4147344809,4.522309491,1,1.490725096,0.0281131969,0.1172122183,0.1002700393,0.0633787813,0.1319139171,0.1967256637,0.1231716294,0.2055120408,15.2521397
6066,0.1938305016,True,0.1627492,0.005813410567,0.1513551246,0.1741432753,True,0.1620143588,True,0.1555143624,True,0.1395142546,False,,0.9919138042,0,0.0006666666667,-6.294715798e-06,0.006666666667,-0.0002192274402,0.05766666667,-0.0004039913283,0.4167928149,0.3959098361,4.554287433,1,1.159827113,0.07090741315,0.105824557,0.03718854281,-0.176318139,0.1436841803,0.1818142196,0.1340620353,0.1913485273,15.5189222
6067,0.2027894905,True,0.1733400134,0.005881183923,0.1618131047,0.1848669221,True,0.1688080586,True,0.1716001703,True,0.1458944627,False,,0.9984536588,0,0.006333333333,-1.886018853e-05,0.01666666667,-0.001253630918,0.07166666667,-0.002975063382,0.4434348384,0.4179128117,4.644832464,1,1.246023982,0,0.137263466,0.1345423814,-0.02324528647,0.1307398605,0.2159401663,0.1204699722,0.2254667817,15.3995627
6068,0.2004396874,True,0.1700978937,0.005751417015,0.1588253235,0.181370464,True,0.166869761,True,0.1699808176,True,0.14898015,True,,0.9619567977,0,0.002,-0.0004459723669,0.013,-0.001321033023,0.06366666667,-0.002097191734,0.4449431259,0.4126971563,4.18718703,1,1.198397421,0,0.08769409802,0.01225447286,0.425493686,0.1607034052,0.1794923823,0.151018319,0.1887740126,15.5941065
6069,0.1942746318,True,0.155944136,0.005335663344,0.145486428,0.166401844,True,0.156714822,True,0.1546785043,True,0.1411188077,False,,1.014820202,0,0,0,0.003333333333,0.0002739502937,0.04533333333,0.0002102466855,0.4213516872,0.4013819607,4.392450236,1,1.169101502,0.1132115023,0.1325619054,0.03545851586,0.01945392452,0.1362905933,0.1755976788,0.1274990643,0.1844036879,15.8443934
6070,0.1960909521,True,0.1625438263,0.005565519697,0.1516356081,0.1734520445,True,0.1605944121,True,0.1593047868,True,0.1420039479,False,,0.933817382,0,0.001333333333,-2.893921915e-06,0.009333333333,-9.038986361e-05,0.068,-0.001081769299,0.4253143181,0.4037192932,4.477894445,1,1.226116337,0.08495552494,0.1293117679,0.03868553827,-0.1223896943,0.1416443082,0.1834433444,0.1323737253,0.1925369515,15.4191539
6071,0.2074087754,True,0.1636194168,0.00556256593,0.1527169879,0.1745218457,True,0.1624557022,True,0.1638033318,True,0.1445210562,False,,0.9520836517,0,0.001333333333,-6.23181468e-06,0.01233333333,0.0002950794231,0.086,-0.0006014000508,0.426129464,0.4041517228,4.499038295,1,1.213236103,0.174197613,0.1053068153,0.06048262877,-0.02381086912,0.1396701952,0.1875686383,0.1304299042,0.1967361162,15.6674011
6072,0.1895062018,True,0.1688885918,0.005561888282,0.157987491,0.1797896925,True,0.1687771156,True,0.1643100177,True,0.1396779604,False,,0.9626691054,0,0.0003333333333,-7.602907128e-07,0.01,-0.0001447143733,0.07166666667,-0.0002922459002,0.4369861525,0.4165470896,4.559953419,1,1.31742034,0.084105143,0.1240909995,0.08747316184,0.05474028992,0.1372602146,0.2005169689,0.1279698231,0.2096243695,15.3233955
6073,0.1950886248,True,0.1554604012,0.005597130597,0.1444902268,0.1664305756,True,0.1543519367,True,0.1553057106,True,0.1396922152,False,,0.9178236484,0,0.003333333333,-7.049043131e-06,0.01866666667,-1.643938258e-05,0.06166666667,-0.0003495404088,0.4013547171,0.3807376124,4.75348602,1,1.22886629,0.1269271199,0.1197660466,0.1483781796,0.007880107862,0.1121686972,0.1987521053,0.1027890321,0.2079756238,15.3866227
6074,0.194699319,True,0.1698763072,0.005535132888,0.1590276461,0.1807249684,True,0.1672567627,True,0.163710707,True,0.141050281,False,,0.9709185517,0,0.0003333333333,4.331161003e-05,0.01266666667,-0.0005554955703,0.06,-0.002224340016,0.4526587353,0.4233551333,4.273913951,1,1.378270951,0.08031176614,0.1119095823,0.02651016733,-0.2329133039,0.1545490247,0.1852035898,0.1452384152,0.1942264094,15.5171102
6075,0.2062419637,True,0.1651108781,0.00557331639,0.1541873787,0.1760343775,True,0.1660589788,True,0.1644031118,True,0.1469008681,False,,0.946629789,0,0,0,0.006333333333,-4.259707851e-06,0.05933333333,-0.0001189722779,0.4329930649,0.4126310607,4.474030791,1,1.335678898,0.05337626396,0.09645396056,0.06221788843,0.007903427044,0.1421411621,0.1880805941,0.1328996702,0.1972224227,15.3043175
6076,0.1994005869,True,0.1630938109,0.005505402787,0.1523034197,0.1738842021,True,0.1621731877,True,0.1581360156,True,0.1424643854,False,,0.9486683161,0,0.0003333333333,-2.933969025e-06,0.003666666667,-8.540426122e-05,0.048,-0.0003405968269,0.4215181362,0.4017539085,4.510651723,1,1.336286543,0.04219621857,0.07450156278,0.04281104433,-0.1129029561,0.1461063742,0.1800812477,0.1370008094,0.1891090889,15.6564705
6077,0.1898485904,True,0.1652913204,0.005534284,0.1544443231,0.1761383177,True,0.1637925496,True,0.1629484384,True,0.1419498305,False,,0.9330019284,0,0,0,0.001333333333,-6.723512529e-05,0.03933333333,-0.001107488266,0.4399261421,0.4193006313,4.26212158,1,1.279385117,0.02560689963,0.1343971631,0.03134021526,-0.2105580322,0.1467494589,0.1838331819,0.1375690763,0.1928892159,15.4766557
6078,0.1936796905,True,0.1644142951,0.005748686779,0.1531470761,0.1756815142,True,0.1631092157,True,0.161810855,True,0.1333713677,False,,0.9764972565,0,0.0006666666667,0.000519490837,0.01066666667,0.0002780925802,0.07533333333,-3.397299215e-05,0.4565811916,0.4095983248,3.738681426,1,1.230150994,0,0.1047454598,0,1,0.1644142951,0.1644142951,0.1549585468,0.1738700434,15.5578656
6079,0.192199304,True,0.1697349979,0.005548188128,0.158860749,0.1806092468,True,0.1682110501,True,0.1719658771,True,0.1395860946,False,,0.9578193797,0,0.001,-3.611235312e-05,0.011,-0.0005147752387,0.076,-0.001099054392,0.454786987,0.4272476221,4.254720097,1,1.499425782,0.1703621385,0.111240441,0.01421419956,0.2265116063,0.1586980815,0.1807719143,0.1494648825,0.1898429256,15.475478
6080,0.1819033954,True,0.161120847,0.005811139368,0.1497312231,0.1725104708,True,0.1599769426,True,0.1589025338,True,0.1312947115,False,,0.8716546725,0,0.001,0.0001015647592,0.009666666667,0.001077739567,0.06166666667,0.0001666163215,0.4396999981,0.418139636,4.177437812,1,1.298401438,0.03977758889,0.1163715909,0.009590379064,-0.01787034101,0.1519133935,0.1703283004,0.1424068172,0.179955294,15.5248794
6081,0.2002902134,True,0.1600487051,0.005490668082,0.1492871934,0.1708102168,True,0.1613458864,True,0.1588377002,True,0.1412092967,False,,0.9539095617,0,0.001333333333,-2.97238075e-06,0.01333333333,0.0006204792484,0.076,0.0008692072191,0.4201540077,0.3996794771,4.593995841,1,1.318593631,0.08681267442,0.1315521958,0.03209277695,0.3155915508,0.1408913381,0.179206072,0.1318730936,0.1883102042,15.4374534
6082,0.2082733173,True,0.1694466221,0.005566797488,0.1585358995,0.1803573447,True,0.1679422906,True,0.1660213794,True,0.1447213419,False,,0.9244272275,0,0,0,0.004333333333,2.464300989e-05,0.06633333333,-0.0001499922739,0.4466738131,0.4262204555,4.401909254,1,1.368094006,0.0485193833,0.1198876303,0.04203874068,-0.143893384,0.1489788252,0.189914419,0.1397596674,0.1990519522,15.7648267
6083,0.1832973747,True,0.1572827911,0.005880859725,0.1457565178,0.1688090643,True,0.1574088118,True,0.1482237269,False,0.124564943,False,,0.9799908302,0,0.0006666666667,0.001157370151,0.007,0.00157104096,0.05533333333,0.001165386524,0.4234813998,0.3937098063,4.040074785,1,1.407897625,0.0125836903,0.1093841711,0.05451036124,-0.1312127729,0.1348882631,0.179677319,0.1257068955,0.1903288566,15.6648791
6084,0.1997119545,True,0.1578318399,0.005680531594,0.1466982026,0.1689654773,True,0.1565644409,True,0.1527159576,True,0.1427222125,False,,0.9828238861,0,0.0003333333333,-2.22520937e-06,0.002333333333,-0.0006681317608,0.049,-0.001377625166,0.4174890456,0.3944369118,4.392582103,1,1.285914946,0.04678848033,0.1059650818,0.04858034865,0.0561379379,0.1366078404,0.1790558395,0.127065679,0.188253002,15.3744282
6085,0.1985698378,True,0.1617719842,0.005917210962,0.1501744638,0.1733695045,True,0.1606963048,True,0.1597706565,True,0.134869731,False,,0.9985540431,0,0.001666666667,-5.797439334e-05,0.01366666667,-0.0001961358725,0.08833333333,-0.0004160664713,0.4180923984,0.3936965956,4.498149608,1,1.305608387,0.05527537591,0.08367203059,0,1,0.1617719842,0.1617719842,0.1520390383,0.1715049301,15.6887472
6086,0.2128999865,True,0.169726189,0.005444164129,0.1590558234,0.1803965546,True,0.169837341,True,0.1653241769,True,0.1568318701,True,,0.9525084066,0,0.001333333333,-6.252871074e-06,0.006333333333,-0.0001673047857,0.06666666667,-0.0007583885706,0.4392345536,0.4195305759,4.646843114,1,1.428521115,0.08062528176,0.1543911861,0.05983358396,0.0007978282887,0.1410432019,0.1984091762,0.1319694544,0.2073140944,15.7320289
6087,0.1947825127,True,0.1551491191,0.00563540213,0.1441039339,0.1661943044,True,0.155560567,True,0.1520502857,True,0.1363175631,False,,1.020083242,0,0.001,-3.387722195e-06,0.008333333333,0.0001917765165,0.06333333333,0.0003310210542,0.395388667,0.3755826581,4.760584523,1,1.261979764,0.0774076928,0.1275665364,0.07615188415,0.07920462612,0.1238615618,0.1864366765,0.114555334,0.1957554048,15.5005815
6088,0.1922231558,True,0.1583949377,0.005536304356,0.1475439805,0.1692458948,True,0.1580762633,True,0.155372287,True,0.1380991951,False,,0.9206438032,0,0,0,0.001333333333,6.621331851e-07,0.055,-0.0002635559164,0.4134284194,0.393387968,4.421113079,1,1.28189766,0.05336287248,0.0686127283,0.04129162304,0.01537240678,0.1424438046,0.1743460708,0.1332939704,0.183428184,15.4872922
6089,0.1956474814,True,0.1620589732,0.005312110128,0.1516474287,0.1724705177,True,0.159744527,True,0.1639781163,True,0.1448856422,False,,0.9286737413,0,0.0003333333333,-1.985212977e-06,0.009333333333,-0.0001505151162,0.04266666667,-0.0007469017538,0.4298772751,0.4097259913,4.50628715,1,1.426154548,0.06931765998,0.09172908681,0.05171170812,0.1243883988,0.1419268048,0.1821911416,0.1330852305,0.1908589271,15.6511052
6090,0.1920340996,True,0.1661892618,0.005533028707,0.1553447248,0.1770337988,True,0.1659019957,True,0.1623491121,True,0.1409244455,False,,0.9136791174,0,0.0006666666667,-1.385888433e-05,0.007333333333,-0.0003794028453,0.07433333333,-0.0006176073726,0.4381317839,0.4169816945,4.528925789,1,1.439508562,0.07822683902,0.1421214506,0.06479168494,-0.02725268546,0.1379761685,0.1944023551,0.1287179436,0.2034353922,15.5934493
6091,0.1971172194,True,0.1657593252,0.005564741745,0.1548526318,0.1766660186,True,0.1636822431,True,0.1652338761,True,0.1446105984,False,,0.9718248096,0,0,0,0.011,0.0003143808032,0.05966666667,-0.0002290141001,0.4418041171,0.420116144,4.338447646,1,1.339125394,0.06054876254,0.08495550377,0.02412717739,0.1300833753,0.1529125557,0.1786060947,0.1437472849,0.1877776303,15.6859556
6092,0.2127463421,True,0.1744009104,0.005590391451,0.1634439445,0.1853578763,False,0.1730208057,True,0.1708963894,True,0.1552037166,True,,1.005096891,0,0.001,-5.765570277e-06,0.005333333333,-0.0003498407712,0.051,-0.0009530994845,0.4508474248,0.4300985613,4.480780201,1,1.324797991,0.0416321309,0.09513815528,0.05559916084,-0.0714545762,0.1529473703,0.1958544505,0.143625935,0.2049668335,15.7228667
6093,0.1937202048,True,0.1614588156,0.005460379084,0.1507566692,0.1721609619,True,0.1612445842,True,0.1569433004,True,0.1365629278,False,,1.00086099,0,0.0006666666667,-3.08203719e-06,0.01066666667,-5.771200652e-05,0.05833333333,0.0001327695269,0.4197691507,0.3999131638,4.554298012,1,1.383888629,0.06250344314,0.126533021,0.04756779115,0.02985194355,0.1381675523,0.1847500789,0.1291259754,0.1937225774,15.4055435
6094,0.2049448604,True,0.1660555379,0.005681315395,0.1549203644,0.1771907115,True,0.1664859761,True,0.1676531997,True,0.1537475118,True,,0.9102966514,0,0,0,0.002666666667,0.0001922518999,0.04133333333,-6.421719944e-05,0.4337123643,0.4131755704,4.255020987,1,1.228158102,0.01963231524,0.08106462267,0.01406864558,0.7063653203,0.1562563838,0.1758546921,0.1468917777,0.1851891784,15.5117636
6095,0.2011718851,True,0.1608987667,0.005885579247,0.1493632433,0.17243429,True,0.1629372438,True,0.153968337,True,0.1446051393,False,,0.9297103807,0,0.0003333333333,6.459948021e-08,0.006,0.0009528119351,0.04733333333,0.001809759822,0.4177624992,0.3980785252,4.486616905,1,1.233691708,0.03955133005,0.1121182218,0.01930731024,0.05927052661,0.1470915586,0.1747059747,0.1374580747,0.1844516041,15.6383403
6096,0.1928647145,True,0.161753873,0.005557613249,0.1508611512,0.1726465948,True,0.1605688655,True,0.1602924945,True,0.1410644623,False,,0.8910299258,0,0.0006666666667,-5.536838676e-06,0.004,3.954504555e-05,0.033,-0.0002057784017,0.4238769116,0.4035441106,4.337571266,1,1.251135499,0.01822986741,0.08256827733,0.02667424786,0.0003884419064,0.1479755563,0.1755321897,0.1387862278,0.1846406521,15.4926649
6097,0.2108346949,True,0.1710081778,0.005314500087,0.160591949,0.1814244065,True,0.1710424618,True,0.1700374725,True,0.1574609164,True,,0.9917207128,0,0.001666666667,-1.624210322e-05,0.01166666667,-0.0001249027255,0.05966666667,-0.0004157795563,0.4373057338,0.4176360808,4.69716377,1,1.349284514,0.1294649954,0.1117361929,0.05573905157,-0.03636326335,0.1471850566,0.194831299,0.138351028,0.2035459478,15.6504896
6098,0.2003067544,True,0.173310252,0.005533836254,0.1624641322,0.1841563717,True,0.1722430687,True,0.1683201889,True,0.1475160391,False,,0.9969997558,0,0.003,-2.98097401e-05,0.01533333333,0.0001679468254,0.06566666667,0.0001809458303,0.4373362277,0.4176557411,4.746869404,1,1.29899938,0.06827698891,0.1080726353,0.08095985124,0.1114709649,0.1443061946,0.2023143093,0.1351460956,0.2114606625,15.6736849
6099,0.1960882766,True,0.1622006418,0.00594082599,0.1505568368,0.1738444468,True,0.1608333206,True,0.1598192999,True,0.1341869273,False,,0.9592746843,0,0.001,-2.988938772e-06,0.007666666667,0.0001537841325,0.075,-0.0003871874481,0.4121514613,0.3913636857,4.589100385,1,1.198915316,0.0795300041,0.09251615601,0.04603718652,0.1644574817,0.1420389997,0.1823622838,0.1322264591,0.1921265311,15.9084409
6100,0.2165414114,True,0.1673721298,0.005699978636,0.156200377,0.1785438827,True,0.1687737478,True,0.1675652476,True,0.1588445356,True,,0.9699159248,0,0.002333333333,-6.995797856e-06,0.01066666667,-5.120381143e-05,0.068,4.852387992e-05,0.4218341126,0.4016668056,4.686764398,1,1.140015798,0.07731745753,0.1014695554,0.05966995322,0.1559009916,0.1431633306,0.191580929,0.1337181034,0.2009419427,15.4737074
6101,0.1972567063,True,0.1621732017,0.005657856401,0.151084007,0.1732623965,True,0.1631047223,True,0.1613843272,True,0.1361319045,False,,0.982342246,0,0.002,3.141638244e-05,0.01433333333,0.0003472178354,0.06833333333,-3.375682698e-05,0.4261906169,0.4037672502,4.510932087,1,1.315744533,0.0949690635,0.115805909,0.04664827135,0.2362912652,0.1404754074,0.1838709961,0.1311323161,0.1932436048,15.7171392
6102,0.2030594799,True,0.1620822556,0.005452777987,0.1513950071,0.172769504,True,0.1632235237,True,0.1595762964,True,0.1472216961,False,,0.9613967255,0,0,0,0.006333333333,-3.899488685e-05,0.042,-0.0003812460588,0.4239465368,0.4045216271,4.487183005,1,1.272708185,0.08640078072,0.1010157742,0.01816030005,0.195174865,0.1495395395,0.1746249716,0.1405507975,0.1835863605,15.2786978
6103,0.2068131669,True,0.1685860442,0.00548624326,0.157833205,0.1793388834,True,0.1680735254,True,0.1664401337,True,0.1467286951,False,,0.9194355545,0,0.002,-5.754965464e-06,0.01533333333,0.0001545662685,0.071,-6.090187546e-05,0.4349428654,0.4158081325,4.741197492,1,1.449633782,0.09484781399,0.1295849548,0.08254694821,-0.01099458566,0.1371251206,0.2000469677,0.1280771946,0.2091446841,15.4266963
6104,0.1991814696,True,0.1658028531,0.005492208728,0.1550383218,0.1765673844,True,0.1652338196,True,0.1621022206,True,0.1479174874,False,,0.9654430943,0,0,0,0.003666666667,0.0001059449879,0.036,-0.000556262572,0.4331089145,0.4132023865,4.420404748,1,1.276577741,0.04901101648,0.09247554908,0.02797794383,-0.05023778213,0.1509322704,0.1806734359,0.1418541468,0.189681575,15.7801712
6105,0.1832561097,True,0.1596915902,0.005548338018,0.1488170475,0.1705661329,True,0.1580720505,True,0.1569768206,True,0.1276190046,False,,1.039765086,0,0.0006666666667,-6.968565065e-06,0.012,-0.0001973370963,0.08,-0.0008769629689,0.4085517554,0.387675534,4.714009539,1,1.168998862,0.0307620899,0.08401444826,0.09155071463,0.006781826885,0.1320316744,0.187351506,0.1227531162,0.1964050749,15.3969981
6106,0.1974256794,True,0.1703617314,0.005824525015,0.1589458721,0.1817775906,True,0.1705719004,True,0.1674378351,True,0.147490268,False,,0.9349817917,0,0.0006666666667,-5.658747438e-06,0.01133333333,0.0002435367625,0.053,0.0004049764618,0.4403503572,0.4198150996,4.429258893,1,1.206205584,0.03318822186,0.1106146095,0.0759663873,-0.09504711474,0.1427619969,0.1979614659,0.1331357684,0.2075744497,15.4410034
6107,0.1962037138,True,0.1585618003,0.005537055067,0.1477093718,0.1694142288,True,0.1596547438,True,0.1548017693,True,0.1397317409,False,,0.9417214848,0,0.0003333333333,-1.460328698e-06,0.005666666667,0.0001378377631,0.05033333333,0.0006923696167,0.4219231107,0.4017648025,4.466370293,1,1.399024573,0.02567146074,0.1210085718,0.06655420666,0.01345024257,0.1320212863,0.1851023143,0.1228634838,0.1942228164,15.6503471
6108,0.2143320234,True,0.1655228923,0.00554795137,0.1546491074,0.1763966772,True,0.1651635232,True,0.1668874466,True,0.1536675848,True,,0.9746072584,0,0.001333333333,-2.60385264e-05,0.008666666667,-0.0001375300342,0.066,-0.001268236006,0.4224344419,0.4019432374,4.648970049,1,1.254967516,0.1300586043,0.1071910227,0.09236125648,0.1243370316,0.1344224188,0.1966233658,0.1251323958,0.2056781333,15.3845747
6109,0.197790174,True,0.1696564314,0.005654405638,0.158574,0.1807388628,True,0.1659487635,True,0.1729560547,True,0.1518758641,True,,0.8651836125,0,0.001,1.130405131e-05,0.006,-0.00065812826,0.04666666667,-0.002372584559,0.4673427795,0.4384974742,3.881426924,1,1.251703255,0,0.142982156,0,-1,0.1696564314,0.1696564314,0.1603557618,0.1789571011,15.6012415
6110,0.1998045048,True,0.1673210293,0.005667073852,0.1562137686,0.1784282899,True,0.1650680029,True,0.1611280925,True,0.1393861558,False,,0.9849789049,0,0.001333333333,-8.836553978e-06,0.016,-0.0001763023576,0.08266666667,-0.001311552553,0.4200558478,0.39923129,4.828215484,1,1.275271898,0.09707775644,0.1002281565,0.01557943368,0.3089639227,0.1552396381,0.1794024204,0.1458627757,0.1886838868,15.8306469
6111,0.1874530427,True,0.1529469184,0.005437368421,0.1422898721,0.1636039646,True,0.1526229434,True,0.1517832668,True,0.1292917484,False,,0.9824981798,0,0.001333333333,7.204240058e-05,0.01066666667,9.736483808e-05,0.06066666667,-3.024864717e-05,0.4094157217,0.3853928062,4.427154966,1,1.360381816,0.04178152398,0.08175170006,0.003207053925,0.7039244479,0.1482908837,0.157602953,0.1393388833,0.166545235,15.5909087
6112,0.1901662942,True,0.1546333802,0.005481294068,0.1438902413,0.1653765192,True,0.1546723413,True,0.1557196895,True,0.1366456483,False,,0.9888085942,0,0.001,0.0001071986427,0.007333333333,0.0005324975547,0.06866666667,0.0002207717612,0.4177315865,0.3957379598,4.440037744,1,1.448349754,0.05081721341,0.1545680163,0.03486348825,0.1390407514,0.1335267738,0.1757399867,0.124505596,0.1848493237,15.6025238
6113,0.2014320987,True,0.1707327137,0.005542004455,0.1598705846,0.1815948428,True,0.1675975433,True,0.1692972058,True,0.1465911059,False,,0.9912926276,0,0,0,0.004333333333,-3.460389765e-05,0.057,-0.001345253444,0.4457294835,0.4248540138,4.455103383,1,1.396598562,0.01618494377,0.09720680609,0.04352300551,0.02782287337,0.1517666685,0.1896987589,0.142551686,0.1987533341,15.3872022
6114,0.2009102624,True,0.1657426637,0.005397922748,0.1551629295,0.1763223979,True,0.1650885406,True,0.1655445518,True,0.1486859004,True,,0.9784050565,0,0.001,-2.318325199e-06,0.009,9.961588705e-05,0.06533333333,0.0002194183164,0.4357792604,0.4159168096,4.530096639,1,1.207031775,0.09020821367,0.1479385723,0.04029989697,0.1867851431,0.1432253184,0.188260009,0.1343097298,0.197162852,15.8109852
6115,0.1904136125,True,0.1635183092,0.005352595558,0.1530274147,0.1740092037,True,0.1631956684,True,0.1566818731,True,0.1364037798,False,,1.019266138,0,0.001666666667,-2.383356508e-06,0.01066666667,4.459933797e-06,0.04266666667,0.0001058109972,0.4239987089,0.404695733,4.627277888,1,1.260622724,0,0.1105956095,0.04057830237,-0.1546564765,0.1435001244,0.183536494,0.1346451805,0.1923243474,15.3095661
6116,0.1948724678,True,0.1641721223,0.005642207819,0.1531135982,0.1752306465,True,0.1631299929,True,0.1625370192,True,0.1418097417,False,,1.014268914,0,0.002,-2.68931591e-05,0.012,0.000414053213,0.06566666667,-0.0002386916685,0.4310095923,0.4086091065,4.488499942,1,1.257249728,0.05164405852,0.1141650372,0.0260629529,0.1276589153,0.1482911212,0.1800531235,0.1389819292,0.1893586924,15.8344776
6117,0.1869456181,True,0.1567037275,0.005391331511,0.1461369119,0.1672705431,True,0.1563310614,True,0.1563597478,True,0.1359891899,False,,0.9803490918,0,0.001666666667,3.873784079e-05,0.01133333333,-1.69758211e-05,0.05033333333,6.14821355e-06,0.4275060287,0.3984605375,4.053503957,1,1.358099725,0,0.1020077617,0,1,0.1567037275,0.1567037275,0.1478357763,0.1655716787,15.4919237
6118,0.1944212414,True,0.1476337819,0.005593104725,0.1366714981,0.1585960657,False,0.1482708325,False,0.1462044533,False,0.1320517503,False,,1.031580445,0,0,0,0.006666666667,0.0001218248742,0.056,-0.0001680472606,0.3921662212,0.3708318069,4.547396074,1,1.457864856,0.04445698537,0.07995667579,0.06117560973,0.1467972765,0.1264485943,0.1688189695,0.1171829706,0.1780019407,15.3959277
6119,0.1914823451,True,0.1673839111,0.005195136019,0.1572016316,0.1775661906,True,0.165444044,True,0.1632910361,True,0.137031576,False,,0.9900417541,0,0.0003333333333,-3.815254116e-06,0.006333333333,-1.816591078e-05,0.05466666667,-0.0006985768616,0.4439492068,0.4244771558,4.515970598,1,1.499701327,0.06909259249,0.1184880808,0.06333895701,-0.1136755952,0.1422176199,0.1925502022,0.1335580629,0.2010376935,15.5364323
6120,0.2009275232,True,0.1674090946,0.005808354561,0.1560249289,0.1787932604,True,0.1669812943,True,0.1643090512,True,0.1452737569,False,,0.970857326,0,0.001333333333,1.840783605e-06,0.01233333333,-0.0003726309705,0.06566666667,-0.0009929390581,0.4545944463,0.4058165815,3.84221522,1,1.270884046,0.5696232672,0.1131331035,0,-1,0.1674090946,0.1674090946,0.1578552016,0.1769629877,15.544818
6121,0.201370334,True,0.1627274984,0.005235198015,0.1524666988,0.172988298,True,0.1620168444,True,0.1600045757,True,0.144870816,False,,0.9835302334,0,0.0003333333333,-1.146912318e-07,0.002666666667,-2.82515329e-05,0.04466666667,-0.0001956918089,0.4306051536,0.4113111922,4.556922642,1,1.381689554,0.06624286017,0.1143950196,0.04354787587,-0.0259212585,0.1421475672,0.1833074297,0.1334622201,0.1918768291,15.5526776
6122,0.1916133962,True,0.164986494,0.005841959433,0.1535364639,0.1764365241,True,0.1638788376,True,0.1618749986,True,0.1380532263,False,,0.9911151642,0,0.001333333333,0.000208845872,0.01533333333,-0.0002909220718,0.07433333333,-0.001584662613,0.4222300564,0.3978561211,4.504997089,1,1.241360698,0.006802329037,0.1100361215,0.04365642142,0.2323658493,0.1439360407,0.1860369473,0.1342023251,0.1956398348,15.4915609
6123,0.207240886,True,0.1683746518,0.005764842698,0.1570757677,0.1796735359,True,0.1671137867,True,0.1654298823,True,0.1465852467,False,,0.964864418,0,0.001333333333,-1.358523203e-05,0.01066666667,7.891369511e-05,0.074,-0.0001692787215,0.4298262436,0.4089455893,4.595144194,1,1.23092879,0.09377404364,0.09033111451,0.04689695581,0.1125080323,0.1486545807,0.1880947229,0.1391176411,0.1975668894,15.6415571
6124,0.1998461478,True,0.1661755191,0.005611679686,0.155176829,0.1771742091,True,0.1653203487,True,0.1645435036,True,0.1433444982,False,,0.9212937635,0,0.0003333333333,-3.265513504e-06,0.004333333333,3.559752393e-05,0.048,0.0004591542079,0.4378261228,0.4173571311,4.281767337,1,1.355379827,0.05274247463,0.08136851831,0.03836127416,0.06355878445,0.1499622926,0.1823887455,0.1407049385,0.1916208586,15.5988312
6125,0.1953697873,True,0.1714807001,0.005228376979,0.1612332695,0.1817281306,True,0.1692639127,True,0.1660014638,True,0.1446078047,False,,1.037718169,0,0.0006666666667,-6.776513004e-06,0.008666666667,0.000198569433,0.06166666667,-0.0005576054498,0.4507624799,0.4315555069,4.609033171,1,1.324320894,0.04733046438,0.1396894478,0.06943772948,-0.1469700185,0.1426964829,0.2002649173,0.1340093624,0.2088658168,15.7041021
6126,0.1868190987,True,0.1539802101,0.005463746461,0.1432714638,0.1646889564,True,0.1539895557,True,0.150947246,True,0.1285097969,False,,0.9850256936,0,0.004,-2.167849144e-05,0.01966666667,0.0003365954849,0.07966666667,0.0007373839449,0.3927763132,0.3729395154,4.95208982,1,1.280983446,0.0233091301,0.1412187352,0.07289522843,-0.005214306051,0.1217898917,0.1861705284,0.1127637491,0.1952489443,15.6222345
6127,0.2041799302,True,0.167397308,0.005412198996,0.1567895929,0.1780050231,True,0.1663742904,True,0.1669701009,True,0.1476207979,False,,0.9592778652,0,0.0006666666667,-1.927797736e-06,0.01,-7.874617862e-05,0.06466666667,-0.001310817677,0.4345821149,0.414540405,4.572408555,1,1.308491721,0.07824650361,0.1046411413,0.06416215387,0.2876946039,0.1428642441,0.1919303719,0.1338421447,0.2007663608,15.9249624
6128,0.206859829,True,0.1631219341,0.00574320946,0.1518654504,0.1743784178,True,0.1641610383,True,0.1627990144,True,0.1515919319,True,,1.002456966,0,0.003,-3.959997155e-06,0.009666666667,0.0002829051037,0.05466666667,0.0007741136502,0.4152773523,0.395332778,4.717162519,1,1.19445697,0.03306593203,0.08713262889,0.1072796176,-0.07117139107,0.1323864283,0.1938574399,0.1228922779,0.2033360925,15.4509739
6129,0.20641004,True,0.1698902881,0.005715165094,0.1586887704,0.1810918059,True,0.1680987292,True,0.1682803789,True,0.1473052621,False,,1.019451624,0,0.0006666666667,-8.828411946e-06,0.002333333333,-0.0001553498237,0.07166666667,-0.0007049073833,0.4275881207,0.4069165024,4.583575141,1,1.138220012,0.09481660981,0.0633653182,0.06800483104,0.1887302218,0.1494500428,0.1903305334,0.1399459805,0.1996646215,15.4467227
6130,0.1927850025,True,0.1590891555,0.005470755608,0.1483666715,0.1698116394,True,0.1584061281,True,0.1518914156,True,0.1403593429,False,,0.9281741137,0,0,0,0.001666666667,-5.94277199e-06,0.03733333333,-0.0003174864933,0.4158207725,0.395991165,4.384954426,1,1.240049183,0.042652534,0.08091427659,0.04710871928,-0.1696960601,0.1405943827,0.1775839283,0.1315383372,0.1865493841,15.8410418
6131,0.2072898967,True,0.1701675404,0.005780733761,0.1588375104,0.1814975703,True,0.1688520788,True,0.1699723912,True,0.1482498977,False,,1.004421795,0,0.002333333333,-0.0004280145481,0.016,-0.0009102861669,0.079,-0.001375826324,0.4418462224,0.4119870745,4.375006769,1,1.232176111,0.05476164698,0.1117016275,0.00846724127,-0.03510192538,0.1612810619,0.1790540189,0.1516184435,0.1884435472,15.7493709
6132,0.1912873107,True,0.1581249801,0.005716907064,0.1469200481,0.169329912,True,0.1576894405,True,0.1554297524,True,0.1339530222,False,,0.9974619928,0,0.0006666666667,0.0005537546887,0.006,0.001098643342,0.06433333333,0.0003856666292,0.4208877409,0.3981359515,4.358186884,1,1.265563947,0.02562348629,0.08920738135,0.03500911203,0.2775433882,0.1418603225,0.1743896376,0.1326035776,0.1840330537,15.4770536
6133,0.1965983309,True,0.1583167119,0.005566787709,0.1474060085,0.1692274154,True,0.1581884574,True,0.1534413294,True,0.1404522712,False,,0.9867357416,0,0,0,0.005333333333,0.0002087937392,0.053,0.0009575636644,0.4161602789,0.396374578,4.503409167,1,1.251463795,0.08734591896,0.1039637848,0.04012151102,0.06474789431,0.1391549912,0.1774784327,0.1299901443,0.1866588108,15.7596375
6134,0.1882908081,True,0.1528967006,0.005359561291,0.1423921535,0.1634012477,True,0.152199784,False,0.1486733916,True,0.1286541432,False,,0.9571711477,0,0,0,0.003,7.418648279e-06,0.04766666667,0.000137553272,0.4167080713,0.3965976337,4.383385888,1,1.477894442,0.0937881179,0.1108579427,0.02733105664,-0.1335134307,0.1372566455,0.1685367557,0.1284077375,0.1773396081,15.6953657
6135,0.1879967652,True,0.1630225669,0.005467737171,0.152305999,0.1737391349,True,0.1621542026,True,0.1584449851,True,0.1361499903,False,,1.015670551,0,0.003,-2.779601791e-05,0.01233333333,-0.0003092558178,0.06433333333,-0.001074311394,0.4224205167,0.401631607,4.645635735,1,1.314452984,0.1133764291,0.1225028763,0.03851079028,-0.1797550203,0.142477822,0.1835673119,0.1333802003,0.1925041262,15.7092971
6136,0.1927591804,True,0.1591414337,0.005893175976,0.147591021,0.1706918463,True,0.1579950686,True,0.152007112,True,0.1318438022,False,,0.9793599822,0,0.002,-5.682552019e-05,0.015,-0.0006171944563,0.06533333333,-0.001839532875,0.4091850426,0.3859689815,4.629877155,1,1.317066976,0.1243383398,0.135816325,0.04618722629,-0.06399320889,0.1348979728,0.1833848946,0.1250157911,0.1929710354,15.7905094
6137,0.1939145726,True,0.166141612,0.005519941134,0.1553227262,0.1769604978,True,0.1653448235,True,0.1597997217,True,0.1372062047,False,,1.082118503,0,0.0003333333333,-7.661012364e-07,0.004666666667,-6.502682686e-05,0.05366666667,-6.915872306e-05,0.4264267757,0.4068046,4.604792453,1,1.303658806,0.08986724877,0.1120207936,0.03154783244,0.05498192943,0.1483168646,0.1839663595,0.1391867961,0.1930200976,15.7446899
6138,0.1818135547,True,0.1583754608,0.00546668791,0.1476609494,0.1690899722,True,0.1563092418,True,0.1557508529,True,0.1321970986,False,,0.9510181112,0,0.0006666666667,-7.117946276e-05,0.008,-0.0006144961617,0.055,-0.001494927467,0.4395597961,0.4108769548,4.122744931,1,1.397732678,0.2800429336,0.1221392713,0,1,0.1583754608,0.1583754608,0.1493835594,0.1673673623,15.5471618
6139,0.2000914297,True,0.1711471803,0.005449909329,0.1604655543,0.1818288063,True,0.1691423527,True,0.1693052819,True,0.1465917902,False,,0.9974353538,0,0.0003333333333,-4.047250943e-07,0.009333333333,-0.0001149016207,0.06233333333,-0.001100198363,0.4419853414,0.4220223414,4.608851993,1,1.266084886,0.0651251534,0.08422530015,0.03794545511,-0.07532545169,0.1544752455,0.1878191152,0.1454379224,0.1967352763,15.5369501
6140,0.1957666572,True,0.1599962098,0.005962132062,0.1483106457,0.171681774,True,0.1608653937,True,0.1579140077,True,0.1378815389,False,,0.9465699564,0,0.002,0.001104078999,0.006666666667,0.001713234617,0.06366666667,0.001873443221,0.4349242386,0.4038050327,4.02505406,1,1.264597988,0,0.1090742589,0.02054391953,0.3302955778,0.1467692594,0.1732231603,0.1373982402,0.1836537727,15.824062
6141,0.2028939815,True,0.1618298672,0.005445235053,0.1511574026,0.1725023318,True,0.1607050465,True,0.1578978617,True,0.1428012145,False,,0.9627671927,0,0.001,-1.682123945e-05,0.006666666667,-0.0002251144669,0.047,-0.0006551945691,0.4164524473,0.3961926878,4.519566014,1,1.255340378,0.07366406756,0.09289577357,0.01932118039,-0.2023351476,0.1491304792,0.1745292552,0.1401200645,0.1834473049,15.5906326
6142,0.1990353018,True,0.1641367705,0.00548824664,0.1533800048,0.1748935363,True,0.1625956062,True,0.1644279955,True,0.141366108,False,,1.011223262,0,0.001333333333,-1.002708424e-05,0.008666666667,-1.71512343e-05,0.054,-0.0004297678417,0.4304969477,0.4095715299,4.534832827,1,1.354410464,0.06763073514,0.1324942096,0.06565743465,0.1631116719,0.136373465,0.1919000761,0.127212707,0.2008865225,15.8091253
6143,0.2010617394,True,0.1638337475,0.005732319433,0.1525986078,0.1750688871,True,0.163115943,True,0.1624992847,True,0.1484300498,False,,0.9136797606,0,0.003,0.0002557363801,0.009,0.0006448476266,0.05166666667,0.0004686348866,0.434257801,0.4099835253,4.206459992,1,1.319433713,0.05227805888,0.1184572136,0.004305789254,-0.001678574463,0.1574111726,0.1702563223,0.148009059,0.1797268781,15.8120991
6144,0.2047894188,True,0.162232032,0.005744118203,0.1509737672,0.1734902968,True,0.1616233712,True,0.160397834,True,0.1416260236,False,,0.9647464163,0,0,0,0.003,-6.308991662e-06,0.05933333333,-0.0009961000106,0.4208682126,0.3999427965,4.472067757,1,1.231008576,0.08182010997,0.1141268634,0.02514122995,-0.07916616956,0.1463174391,0.1781466249,0.1368033323,0.1875482411,15.8678643
6145,0.1960197351,True,0.1559779927,0.005531762666,0.1451359371,0.1668200483,True,0.1560106163,True,0.1521945264,True,0.1396292705,False,,0.98279289,0,0.0003333333333,-1.57119255e-06,0.007333333333,-6.530410476e-05,0.04733333333,-6.006144221e-06,0.4056882063,0.3859127622,4.631610373,1,1.2931872,0.08527260719,0.1031482713,0.06493337697,0.08656121547,0.1308925475,0.1810634379,0.1217467314,0.1901642557,15.5655985
6146,0.190857071,True,0.162392973,0.00566338909,0.1512929343,0.1734930116,True,0.163472643,True,0.1623493019,True,0.1392907033,False,,0.938215882,0,0.0003333333333,-1.74362257e-06,0.01033333333,0.0006282491909,0.06866666667,0.0006552536209,0.4266739147,0.4063391603,4.47691747,1,1.244347054,0.05354995781,0.1099516434,0.04321286085,-0.06343551976,0.1420847605,0.1827011855,0.1328019531,0.1921066496,15.5196281
6147,0.1781292496,True,0.1544003675,0.005607299873,0.1434102617,0.1653904733,True,0.1536419028,True,0.1525441739,True,0.1255455514,False,,0.9726119684,0,0.0006666666667,0.0003561827896,0.008333333333,0.000268304012,0.06333333333,-4.089405808e-06,0.4233044023,0.391669778,4.107834929,1,1.384114588,0,0.09145791003,0,-1,0.1544003675,0.1544003675,0.14517718,0.1636235551,15.621494
6148,0.1996518779,True,0.1740392118,0.005671926859,0.1629224394,0.1851559841,False,0.1724965618,True,0.1745322588,True,0.1547420765,True,,0.9035185739,0,0,0,0.005666666667,-2.434149241e-05,0.06633333333,-0.000506060907,0.4448749212,0.4248919796,4.455346899,1,1.2091045,0.08141379706,0.09909083632,0.06602243151,0.04357532275,0.1496443204,0.1984341032,0.1402305593,0.2077281863,15.5935398
6149,0.1953140711,True,0.1613339781,0.005615802906,0.1503272067,0.1723407496,True,0.1604882807,True,0.1586011211,True,0.1428149788,False,,0.9834815169,0,0,0,0.005,0.000714994011,0.044,0.0005760298694,0.4216065361,0.4020168705,4.471629869,1,1.265276403,0.07555424936,0.1185368895,0.004680773989,-0.1104041599,0.1544627464,0.1682052099,0.1452437768,0.177465877,15.6931185
6150,0.1901481347,True,0.1575040565,0.005615418787,0.1464980379,0.1685100751,True,0.157068405,True,0.1587501487,True,0.1374348788,False,,0.9814684222,0,0.0003333333333,-0.0003959629155,0.009666666667,-0.0007092166356,0.05233333333,-0.0003239632396,0.4244549582,0.3929402582,4.267910398,1,1.281154847,0.01110692299,0.1121264846,0,-1,0.1575040565,0.1575040565,0.1482675145,0.1667405984,15.6718792
6151,0.1995492256,True,0.1680352679,0.005670489069,0.1569213135,0.1791492222,True,0.1659597905,True,0.1667539758,True,0.1489144482,True,,0.9225293717,0,0,0,0.006333333333,-0.0001211955667,0.04766666667,-0.00143013445,0.4420085216,0.419971499,4.316784342,1,1.264634607,0.10745016,0.1263172797,0.02637274915,-0.01642222472,0.1514242476,0.1846462881,0.141986494,0.1938945981,15.7835911
6152,0.1952186162,True,0.1596169669,0.005495510399,0.1488459645,0.1703879694,True,0.1579534018,True,0.1553334949,True,0.1359252137,False,,0.9410171842,0,0.0003333333333,-1.19913363e-05,0.006,-4.833024898e-05,0.065,-0.001190108528,0.4205229618,0.4001965105,4.604868237,1,1.320511411,0.03801589512,0.126221824,0.0762985351,-0.01440209933,0.1301139136,0.1891200203,0.1209546079,0.1981114253,15.3362755
6153,0.2037656607,True,0.1663214948,0.005513892135,0.1555144648,0.1771285248,True,0.1646320859,True,0.1701893545,True,0.1492377698,True,,0.9637228437,0,0.001666666667,6.418661383e-05,0.009,8.971182417e-05,0.05266666667,-0.0006568908509,0.4269394316,0.4047572785,4.400573864,1,1.155393101,0.01333882282,0.0846187607,0.05576074609,0.1116300625,0.1454747155,0.187168274,0.136323081,0.1962510707,15.5413945
6154,0.2052860871,True,0.1583625639,0.005473027519,0.1476356271,0.1690895007,True,0.1597343175,True,0.1598396443,True,0.1443631089,False,,0.9601112341,0,0.0006666666667,1.916534844e-05,0.004666666667,0.0004061102596,0.061,0.000630876076,0.4262924401,0.4036105718,4.247197783,1,1.296498301,0.03772970336,0.1063542909,0.004436961282,0.2686818603,0.1522365761,0.1644885517,0.1432433909,0.173510199,15.5775303
6155,0.2128437143,True,0.1655918948,0.005550843415,0.1547124416,0.176471348,True,0.1628438679,True,0.1623571414,True,0.1450960876,False,,0.9660433797,0,0.002,-0.0001007052197,0.013,-0.0008784613264,0.08033333333,-0.001271673286,0.4273411394,0.4044275576,4.673901532,1,1.238592823,0.1568912098,0.09783123912,0.04884579663,0.02546095444,0.1448074095,0.1863763801,0.1354693005,0.1953659667,15.8125015
6156,0.2025719971,True,0.1686731666,0.005657496275,0.1575846777,0.1797616555,True,0.1664213986,True,0.1626383894,True,0.1494750718,True,,0.877979903,0,0.0003333333333,-9.787033162e-08,0.003333333333,-8.600878459e-06,0.046,-0.000677290604,0.4349125073,0.4147879666,4.369826283,1,1.254129154,0.04960448665,0.09900190902,0.02970889442,-0.04084019667,0.1526216544,0.1847246788,0.1432601516,0.1939934474,15.6097595
6157,0.1793760292,True,0.1571365564,0.005615564191,0.1461302528,0.1681428599,True,0.1571840161,True,0.1543062011,True,0.1279054957,False,,0.9521295473,0,0.001666666667,-1.500152767e-05,0.008,1.923421404e-05,0.05966666667,-0.0003866757238,0.4090121716,0.3881475715,4.491152683,1,1.185804376,0,0.1450242514,0.07261632312,-0.1807366994,0.1256635676,0.1886095452,0.1163114374,0.1978360786,15.7788602
6158,0.2023883003,True,0.159456534,0.005725058334,0.1482356258,0.1706774421,True,0.1598512147,True,0.1579514477,True,0.1392636702,False,,0.8919540397,0,0.0003333333333,-3.016343104e-07,0.006666666667,-4.288926506e-05,0.06166666667,-0.0003564343432,0.4253420853,0.4038862085,4.396318691,1,1.358823201,0.03860906569,0.09880327603,0.04867923763,-0.001511391735,0.1392494927,0.1796635753,0.1297651146,0.1890545452,15.4870758
6159,0.1951282923,True,0.1589832252,0.005545340678,0.1481145572,0.1698518932,True,0.1587269464,True,0.1581035741,True,0.1350153812,False,,0.9568887548,0,0.002666666667,-2.961386396e-05,0.01066666667,-0.0001886504254,0.064,0.0002052519295,0.4138233026,0.392044993,4.5625573,1,1.251251587,0.06513040093,0.1048164743,0.05283210558,0.001334731673,0.1364926334,0.1814738171,0.1272737732,0.1905807002,15.6650826
6160,0.1992465923,True,0.1610851009,0.005525330842,0.1502556515,0.1719145504,True,0.1598383705,True,0.1620430196,True,0.1476731582,False,,0.9407797464,0,0.0006666666667,-7.228786568e-06,0.006666666667,1.761161427e-05,0.043,-0.0006391689721,0.4252655549,0.4047595975,4.482264876,1,1.346609716,0.08412546591,0.1306837505,0.05341302275,0.0484725318,0.1364256791,0.1857445227,0.1272380997,0.1947863642,15.5591613
6161,0.2049959015,True,0.1652218424,0.006048156139,0.1533676742,0.1770760106,True,0.1647493023,True,0.1648524551,True,0.1519861772,True,,0.9069004847,0,0.001333333333,-0.0006035708569,0.01066666667,-0.00126488993,0.05866666667,-0.001019889741,0.4348286837,0.4034721967,4.238190792,1,1.287644425,0,0.1094337701,0.05498996631,0.1459476316,0.1424268984,0.1880167864,0.1319165756,0.1976070111,15.8075632
6162,0.1925013257,True,0.160987286,0.005490709578,0.150225693,0.171748879,True,0.1609999557,True,0.1579228035,True,0.1412588643,False,,0.9089419708,0,0.0003333333333,-9.240178486e-06,0.007666666667,-2.207789575e-06,0.05966666667,-8.740093555e-05,0.4279816221,0.4064037035,4.323256545,1,1.313184778,0.1083682776,0.09312720425,0.0164557413,-0.09870564549,0.1497574994,0.1722170726,0.1406980537,0.1812411313,15.6640103
6163,0.1785893269,True,0.1486742229,0.00556861006,0.1377599478,0.1595884981,False,0.1486828365,False,0.1509591807,True,0.1236966329,False,,0.9386704139,0,0.003,0.0001658006371,0.01233333333,0.0003479504295,0.06933333333,0.0003085028349,0.4115430931,0.3859659156,4.257733579,1,1.354167894,0,0.1428903225,0,1,0.1486742229,0.1486742229,0.1395146745,0.1578337714,16.0498979
6164,0.1980538144,True,0.1656470676,0.00517894726,0.1554965175,0.1757976177,True,0.1630663543,True,0.1583678554,True,0.1426088602,False,,0.9553689179,0,0,0,0.005666666667,6.643372239e-05,0.04666666667,-0.0005073686348,0.4417836547,0.4223259326,4.442706644,1,1.417075462,0.0595128595,0.1415609697,0.04800673222,-0.1403713689,0.1419779929,0.1893161424,0.1333643616,0.197791699,15.508113
6165,0.1961609661,True,0.167974393,0.005556051891,0.1570847314,0.1788640546,True,0.165740176,True,0.1663858414,True,0.1409734582,False,,0.969134861,0,0.0003333333333,-5.943479359e-07,0.006666666667,-0.0001286777632,0.074,-0.0009841563368,0.4368434229,0.4151473599,4.448008317,1,1.293811519,0.07188389985,0.1380371508,0.03147847827,-0.002510307655,0.1486466083,0.1873021777,0.1394085347,0.1963984714,15.6144296
6166,0.1913372861,True,0.160777184,0.005614405722,0.149773151,0.171781217,True,0.1590224444,True,0.155613256,True,0.1341761493,False,,0.9491997803,0,0.001,-0.000183008557,0.005666666667,-0.0005229028296,0.06,-0.001150173024,0.4239166157,0.3973648246,4.309279448,1,1.209772724,0.1301057244,0.09741173269,0.05824846071,-0.124040623,0.1384329051,0.183121463,0.1289163687,0.1922463897,15.3233448
6167,0.2054373669,True,0.1551284239,0.005562441305,0.1442262393,0.1660306085,True,0.1545697249,True,0.1548030875,True,0.1445080137,False,,1.04751546,0,0.0003333333333,-7.758632419e-07,0.005333333333,9.685899009e-05,0.06,0.0004196824586,0.4029543114,0.3828922304,4.632282154,1,1.164298625,0.07779459445,0.1216256639,0.04197197937,0.004754732584,0.1334142862,0.1768425616,0.1242223747,0.1859893969,15.8007766
6168,0.1961028895,True,0.1608530086,0.005451795053,0.1501676866,0.1715383305,True,0.1590699175,True,0.1567505427,True,0.133801938,False,,0.9803880084,0,0.002333333333,-2.370575946e-05,0.011,-0.0004139881556,0.075,-0.001302402951,0.4172102353,0.3964702486,4.756710483,1,1.357002514,0.02846076041,0.110614773,0.05193003894,-0.06596252646,0.1379429664,0.1837630508,0.1288470557,0.1926548754,15.494686
6169,0.2087149665,True,0.1702327673,0.005454192947,0.1595427456,0.1809227891,True,0.1685458367,True,0.1663922692,True,0.1531299379,True,,1.016816484,0,0.0003333333333,-7.145502894e-07,0.004666666667,-1.780388235e-05,0.05933333333,-0.0004521240464,0.4382386827,0.4191332647,4.637371887,1,1.221902562,0.07109375001,0.1353058509,0.09658005834,0.03488217597,0.1352168468,0.2052486879,0.126149745,0.2142197071,15.7399894
6170,0.201568977,True,0.1632956997,0.00588804746,0.1517553388,0.1748360607,True,0.163078773,True,0.1602848697,True,0.1435659823,False,,0.9686352047,0,0.0003333333333,-3.220617234e-06,0.005,-0.0001115463296,0.05466666667,0.0002384769406,0.4129030946,0.3926006225,4.542558098,1,1.159351906,0.06898287238,0.06174871482,0.04097261447,-0.1379150559,0.1477314998,0.1788598997,0.1380242819,0.1885409113,15.6923218
6171,0.185043423,True,0.1576900117,0.005938615189,0.1460505398,0.1693294836,True,0.15402325,True,0.1548591826,True,0.1229894011,False,,0.9218066869,0,0.0006666666667,-9.541225849e-06,0.01,-0.001173562023,0.065,-0.002590395371,0.4171645093,0.3926914167,4.400910765,1,1.32500237,0.06092388167,0.08820488157,0.01759182389,-0.04133457512,0.1462210108,0.1691590126,0.1363290436,0.1788187886,15.6617031
6172,0.1967353477,True,0.1607286487,0.005512656745,0.1499240401,0.1715332574,True,0.1600467937,True,0.1617915866,True,0.1444053133,False,,0.9099421548,0,0.003,0.0003384039336,0.013,0.0007648300694,0.06366666667,0.0008747070981,0.4312719372,0.4074796354,4.398689303,1,1.321057767,0.01115877835,0.08273029151,0.05858687381,0.03541634085,0.1405618605,0.180895437,0.1315621507,0.1901906719,15.6702287
6173,0.1862144054,True,0.157608428,0.005686218967,0.1464636436,0.1687532124,True,0.1557220368,True,0.152874078,True,0.1339635888,False,,0.9519990813,0,0,0,0.012,0.0003138950205,0.059,-0.0005247618177,0.4163908321,0.394302335,4.394701722,1,1.232723474,0.05183914947,0.09945496207,0.04549949995,0.05769411935,0.1376985871,0.177518269,0.1283075386,0.1869031225,15.3383762
6174,0.1980540007,True,0.1673471604,0.005448434625,0.1566684247,0.178025896,True,0.1661627404,True,0.164825751,True,0.1527152925,True,,0.9379312708,0,0,0,0.006,1.021533197e-06,0.05233333333,-6.432921155e-05,0.4339386337,0.4145161826,4.534615012,1,1.292209246,0.07643639256,0.1431319507,0.07133821576,-0.06073234827,0.1369227327,0.1977715881,0.1278696358,0.2067169502,15.6518833
6175,0.2115257148,True,0.1755826049,0.005755033076,0.1643029474,0.1868622625,False,0.1752273784,False,0.1720159126,True,0.158459166,True,,0.9665661977,0,0,0,0.004333333333,-0.0001555976286,0.04566666667,-0.001024176585,0.4413388606,0.4209060816,4.492527713,1,1.138017715,0.05845331845,0.1234444874,0.03120279966,0.0344686881,0.1568326709,0.1943325389,0.1472744091,0.2037345784,15.6080343
6176,0.191585716,True,0.163940724,0.005403728372,0.153349611,0.1745318369,True,0.1630823578,True,0.1631165441,True,0.136026516,False,,1.018584966,0,0.0003333333333,-8.90165809e-07,0.005333333333,2.180420568e-05,0.06666666667,-0.0003712320107,0.4311490747,0.4113329688,4.527591074,1,1.332233686,0.05594103949,0.1207867015,0.04087567579,-0.01109760228,0.1433646171,0.1845168308,0.1344238345,0.1933940868,15.4547403
6177,0.2009686262,True,0.1629188556,0.005668147788,0.15180949,0.1740282211,True,0.1644349594,True,0.1589758153,True,0.1411303919,False,,0.9496068223,0,0.0006666666667,-2.511224098e-06,0.008,0.0002993747311,0.044,0.0008142641301,0.4266570313,0.4066585637,4.391384856,1,1.261241503,0.09930330961,0.1134405982,0.0142835655,0.0837202299,0.1511961931,0.174641518,0.1418800232,0.183985841,15.7770337
6178,0.1877597088,True,0.1601084749,0.005467213169,0.149392934,0.1708240158,True,0.1580171609,True,0.1594558484,True,0.13299738,False,,0.9245572622,0,0.001333333333,-5.870620788e-06,0.011,-0.0003572621701,0.063,-0.0003615405878,0.4226423911,0.4014755886,4.510266421,1,1.371132816,0.05764184165,0.08478838586,0.03326033789,0.2243080171,0.1445616948,0.175655255,0.1354873261,0.1845929594,15.744533
6179,0.2136995801,True,0.1685849312,0.00562277479,0.1575644951,0.1796053673,True,0.1700280378,True,0.1694408235,True,0.1538960901,True,,0.9190286162,0,0.0003333333333,-7.495389213e-07,0.01033333333,0.0002812875465,0.062,0.001331958435,0.4455883215,0.4247883587,4.350271629,1,1.300573142,0.07986017205,0.07950832958,0.06960231406,0.124840314,0.1468586707,0.1903111917,0.1376069847,0.1996296024,15.6986407
6180,0.1917089267,True,0.1659790832,0.005411958895,0.1553718386,0.1765863277,True,0.164798288,True,0.1575516417,True,0.1393330806,False,,0.9911645185,0,0.0003333333333,-6.620423112e-07,0.003,-2.382731874e-05,0.04233333333,-4.495695215e-05,0.4298643068,0.4107876933,4.471721159,1,1.255635929,0.04169486131,0.1213526676,0.07007586682,-0.06440780173,0.1380988607,0.1938593056,0.1291300581,0.2027514758,15.7381068
6181,0.1837804403,True,0.1583591027,0.00576047756,0.1470687742,0.1696494313,True,0.1558473905,True,0.1553249276,True,0.1304439149,False,,0.897030157,0,0.0003333333333,-2.106230554e-06,0.008333333333,-0.000274516986,0.05666666667,-0.00069732335,0.414488612,0.392729627,4.38503248,1,1.209060269,0,0.1247806982,0.04177523165,-0.03207971298,0.1367966805,0.179921525,0.127211261,0.1893316791,15.4839232
6182,0.1939097781,True,0.1622021654,0.005664599477,0.1510997545,0.1733045764,True,0.1625416239,True,0.160087178,True,0.1378917648,False,,0.9901597474,0,0.001,-2.541633306e-05,0.008,1.593299379e-05,0.06566666667,6.631337308e-05,0.4328952184,0.4096714285,4.3878375,1,1.357767608,0.06768292588,0.1517623055,0.03245017548,-0.008126190976,0.1420714446,0.1823328863,0.1326510229,0.191628509,15.9112826
6183,0.2121451543,True,0.1678243857,0.005600255198,0.1568480872,0.1788006842,True,0.1666025942,True,0.1639619782,True,0.146964696,False,,0.9368336111,0,0.0006666666667,-5.847677375e-06,0.009666666667,8.632551287e-05,0.04833333333,0.0003609396834,0.4440127047,0.4237963871,4.458473215,1,1.400487969,0.09166680156,0.08654857945,0.02837408738,0.1073008287,0.1536555723,0.1819931992,0.1444211934,0.1912015652,15.6377323
6184,0.1867346259,True,0.1551585217,0.00564805575,0.1440885358,0.1662285075,True,0.1555466024,True,0.1526452404,True,0.1357317331,False,,0.9368527463,0,0.001666666667,-6.074528873e-06,0.009666666667,0.0002427423835,0.06066666667,0.0001948661961,0.4026646702,0.3825245084,4.61774979,1,1.243405732,0.0571886562,0.1387961989,0.08672316525,0.0183687318,0.1209687396,0.1893483038,0.1116296514,0.1986955397,15.5507135
6185,0.1931976727,True,0.1567759799,0.005740854129,0.1455241126,0.1680278472,True,0.1562880274,True,0.1543219413,True,0.1383736701,False,,0.9763296916,0,0.0003333333333,-2.304926607e-07,0.004,-0.0001170184574,0.052,0.0003600883313,0.4216101626,0.4000643442,4.371450335,1,1.245520643,0.05491331712,0.1367402666,0.02629884908,-0.0922901019,0.1395896746,0.1739622851,0.1301053911,0.1833949077,15.4897316
6186,0.1976638814,True,0.1671004372,0.005602676786,0.1561193925,0.178081482,True,0.1667511219,True,0.1665164395,True,0.1424956631,False,,0.9490400167,0,0.0003333333333,-2.729416992e-08,0.004333333333,0.0006039349845,0.05233333333,0.0003739501448,0.4429856604,0.4221235009,4.248953576,1,1.282106744,0.03766056036,0.1196875772,0.03595190923,-0.02652128177,0.1482918025,0.185909072,0.1390534902,0.1951511116,15.7251632
6187,0.1860860916,True,0.158768305,0.005503651032,0.1479813472,0.1695552628,True,0.1551505178,True,0.1532421105,True,0.1250823472,False,,1.003335959,0,0.002333333333,-6.643122851e-05,0.01466666667,-0.0004674917823,0.07466666667,-0.001249435794,0.4084749834,0.3871020536,4.653498267,1,1.229915082,0.08264046519,0.08092241172,0.04169523798,-0.117716431,0.1410300572,0.1765065527,0.1318756384,0.1854976207,15.6847177
6188,0.1972513152,True,0.1706434474,0.005541451307,0.1597824024,0.1815044924,True,0.1687987272,True,0.1714576234,True,0.1470434141,False,,0.9241926184,0,0.001,-3.018325364e-06,0.01733333333,8.333610559e-05,0.05933333333,-0.0007307488755,0.4468593849,0.4260563597,4.500901435,1,1.263819376,0.04917383981,0.1288075534,0.06886019729,0.08266395865,0.1429240453,0.1983628495,0.133703408,0.2074712609,15.6888549
6189,0.2041081153,True,0.1603744109,0.005807332118,0.1489922492,0.1717565727,True,0.1592076379,True,0.1590553656,True,0.1366284159,False,,0.9726087792,0,0.002666666667,-2.078256829e-05,0.02333333333,-0.0003469467061,0.09466666667,-0.001012364084,0.4170511658,0.3922269208,4.597791667,1,1.3631716,0.1728179351,0.09504381016,0.02238465688,0.110097107,0.1466777694,0.1740710525,0.1370481315,0.1835980408,15.5637764
6190,0.1777702714,True,0.1592483494,0.005465052253,0.1485370438,0.169959655,True,0.1578719734,True,0.154398023,True,0.1317772772,False,,0.9812051646,0,0.003666666667,-5.874564078e-05,0.01333333333,-0.0003959382485,0.076,-0.001358918406,0.407124482,0.3863330665,4.77837053,1,1.32034205,0.07667296965,0.1159460385,0.03677326886,0.08124500601,0.1392101224,0.1792865764,0.1301203807,0.1882225746,15.7292563
6191,0.1973759568,True,0.1638340188,0.005748825726,0.1525665274,0.1751015101,True,0.1605365418,True,0.1611670274,True,0.1347393478,False,,1.01494115,0,0.002333333333,-4.279750507e-05,0.01866666667,8.691559292e-05,0.1136666667,-0.001004100545,0.4104372324,0.3894808039,5.008673898,1,1.270385243,0.1839037227,0.1003981825,0.06124069608,-0.009265857981,0.1390296479,0.1886383896,0.1294842572,0.1980789682,15.6169809
6192,0.1936645384,True,0.1591260318,0.00548698329,0.1483717422,0.1698803215,True,0.1599327926,True,0.1566594725,True,0.1357874552,False,,1.036298568,0,0,0,0.009,0.0002011696532,0.08233333333,0.0009958046077,0.4173681321,0.397823197,4.731909138,1,1.376912797,0.06277939696,0.1071166609,0.07599726804,0.1119895393,0.1318104824,0.1864415812,0.1227541609,0.1955000626,13.8699314
6193,0.197519906,True,0.1676328328,0.005435591244,0.1569792697,0.1782863959,True,0.1653579911,True,0.1640704199,True,0.1437133333,False,,0.928511457,0,0.004333333333,-3.680890417e-05,0.02066666667,-0.0007154458289,0.05666666667,-0.001984709177,0.4323939973,0.4110908495,4.693143095,1,1.284815297,0.0980893811,0.1002277464,0.03094524133,-0.02256233921,0.1511086619,0.1841570037,0.1420670792,0.1930346573,13.6003033
6194,0.1889103719,True,0.1635675998,0.005445449929,0.1528947141,0.1742404856,True,0.1615584304,True,0.1551862697,True,0.1320421526,False,,0.9868506032,0,0.001333333333,-2.137722063e-05,0.014,-0.0001591811073,0.06966666667,-0.001067466487,0.4248456093,0.4036620678,4.604030208,1,1.27443879,0.05379528373,0.1285089231,0.05959504706,-0.1336436293,0.1372180841,0.1899171156,0.1281037365,0.1988076,13.5963743
6195,0.1890287178,True,0.1597642058,0.005666978105,0.1486571329,0.1708712788,True,0.1597443241,True,0.1558261111,True,0.1359052173,False,,0.9716738729,0,0.0003333333333,-7.462441989e-07,0.005333333333,0.0001651054482,0.055,0.000717374344,0.4167692545,0.3968758377,4.476793728,1,1.251099488,0.04718232821,0.09721591704,0.0282059612,-0.03458154754,0.1442132875,0.1753151242,0.1348969742,0.1846636672,13.7922331
6196,0.2015425811,True,0.1661008522,0.005464796372,0.1553900481,0.1768116563,True,0.1665838394,True,0.16820346,True,0.1548229224,True,,0.9476248577,0,0.003,-4.24465833e-06,0.01033333333,9.601348709e-05,0.045,0.0005928744706,0.4286802336,0.4088154672,4.568941657,1,1.284555772,0.05341183586,0.1024754772,0.08917025423,0.008053789875,0.1367663042,0.1954354003,0.1277062879,0.2044506283,13.5597686
6197,0.1927794249,True,0.1514510531,0.005631700285,0.1404131234,0.1624889829,False,0.1486378687,False,0.1448831319,False,0.1255931351,False,,0.958489151,0,0.001333333333,-2.050723465e-05,0.02333333333,-0.0005399211118,0.08866666667,-0.0009757268539,0.3783060706,0.3571262628,5.03432485,1,1.179961673,0.100579671,0.08947103555,0.1362380381,-0.06113557232,0.1139528303,0.188949276,0.1044506107,0.1981293267,13.4983613
6198,0.1931351084,True,0.151567887,0.005594153316,0.140603548,0.162532226,False,0.1488939568,False,0.145244483,False,0.1275030277,False,,0.9596048137,0,0,0,0.007,-4.035961137e-05,0.068,-0.0007662314,0.3993097736,0.3785638663,4.628597362,1,1.392183324,0.1428412689,0.1152931285,0.04696056028,-0.07225698146,0.1293943258,0.1737414482,0.1201218027,0.1829128056,13.3234701
6199,0.2054767099,True,0.1548034647,0.005744903955,0.1435436598,0.1660632695,True,0.1576144751,True,0.1513517551,True,0.1405236118,False,,0.9986789399,0,0.0003333333333,5.765077282e-08,0.009333333333,0.0005414157122,0.06766666667,0.001741295562,0.4085993038,0.3869772912,4.437041606,1,1.267624175,0.09909123262,0.0867063105,0.05842269047,0.0721106093,0.1334330914,0.1761738379,0.1240174711,0.1857431216,13.3360925
